"animal","Underground","Labyrinth","MetalHell","Undercave","Space","Orbit","SeaIce","ExtremeDesert","ZBiome_Iceberg_NoBeach","IceSheet","ZBiome_Sandbar_NoBeach","Desert","ZBiome_Badlands","Scarlands","Tundra","ZBiome_DesertOasis","AridShrubland","GlacialPlain","ZBiome_GlacialShield","LavaField","ZBiome_AlpineMeadow","ZBiome_CoastalDunes","BorealForest","ZBiome_Grasslands","ColdBog","ZBiome_Marsh","TemperateForest","Grasslands","ZBiome_CloudForest","TemperateSwamp","Glowforest","TropicalRainforest","TropicalSwamp"
"AA_AcanthamoebaGiganteaHuge","","","","","","","","","","","","","","","","","","","","","","","","","","","","","","","","",""
"AA_AcanthamoebaGiganteaLarge","","","","","","","","","","","","","","","","","","","","","","","","","","","","","","","","",""
"AA_AcanthamoebaGiganteaSmall","","","","","","","","","","","","","0.06","","0.09","","0.26","","0.29","","0.25","","0.16","0.12","0.16","0.15","0.16","0.33","0.18","0.12","0.98","0.15","0.38"
"AA_Aerofleet","","","","","","","","","","","","0.01","0.03","","0.00","0.02","0.05","","0.01","0.03","0.10","0.02","0.06","0.07","0.02","0.02","0.06","0.10","0.07","0.10","0.10","0.06","0.12"
"AA_Agaripawn","","","","","","","","","","","","","","","","","","","","","","","","","","","","","","","0.07","",""
"AA_Agaripod","","","","","","","","","","","","","","","","","","","","","","","","","","","","","","","0.49","",""
"AA_AngelMoth","","","","","","","","","","","","0.02","0.02","0.05","","0.03","0.05","","","","0.05","0.04","0.03","0.07","","","0.04","0.09","0.06","0.07","","0.05","0.06"
"AA_AngelMothLarva","","","","","","","","","","","","0.53","0.45","1.22","","0.78","1.30","","","","1.24","1.01","0.78","1.83","","","1.11","2.30","1.44","1.73","","1.19","1.53"
"AA_AnimaColossus","","","","","","","","","","","","","","","","","","","","","0.00","","0.00","","0.00","0.00","0.00","0.00","0.00","0.00","0.00","0.00","0.00"
"AA_Animalisk","","","","","","","","","","","","","","","","","","","","","","","","","","","","","","","","",""
"AA_AnimusVox (P)","","","","","","","","","","","","","0.01","","0.00","","0.01","","0.01","0.02","0.05","","0.03","0.00","","","0.03","0.03","0.07","0.02","0.10","0.06","0.03"
"AA_ArcticLion (P)","","","","","","","0.01","","0.01","0.02","","","","","0.01","","","0.09","0.04","","0.02","","0.02","","0.04","0.04","","","","","","",""
"AA_Atispec (P)","","","","","","","","","","","","","","","","","","","","","","","","","","","","","","","","",""
"AA_AuroraSylph","","","","","","","","","","","","0.00","0.01","0.01","","0.01","0.01","","","0.02","0.05","0.01","0.03","0.01","","","0.02","0.01","0.06","0.03","0.04","0.05","0.06"
"AA_Barbslinger (P)","","","","","","","","0.01","","","0.01","0.11","","","","0.16","0.43","","","","","0.20","","0.20","","","","","","","","",""
"AA_BedBug (P)","","","","","","","","","","","","","0.00","","","","0.01","","","","0.01","","0.01","0.00","0.04","0.04","0.01","0.01","0.05","0.03","","0.04","0.05"
"AA_Behemoth","","","","","","","","","","","","","","","","","","","","","","","","","","","","","","","","",""
"AA_BlackScarab","","","","","","","","","","","","","","","","","","","","","","","","","","","","","","","","",""
"AA_BlackSpelopede","","","","","","","","","","","","","","","","","","","","","","","","","","","","","","","","",""
"AA_BlackSpider","","","","","","","","","","","","","","","","","","","","","","","","","","","","","","","","",""
"AA_Blizzarisk (P)","","","","","","","0.02","","0.04","0.04","","","","","0.03","","","0.24","0.10","","0.04","","0.05","","0.11","0.11","","","","","","",""
"AA_BlizzariskClutchMother (P)","","","","","","","","","","","","","","","","","","","","","","","","","","","","","","","","",""
"AA_BloodShrimp (P)","","","","","","","","","","","","","0.00","0.03","0.00","","0.03","","0.01","","0.00","","0.00","0.01","","","0.01","","0.00","0.00","","0.00","0.01"
"AA_Bobeene","","","","","","","","","","","","","","","","","","","","","","","","","","","","","","","","",""
"AA_BoulderMit","","","","","","","0.00","0.00","0.00","0.00","0.01","0.04","0.01","0.02","0.03","0.05","0.07","0.02","0.10","0.15","0.05","0.07","0.03","0.03","0.11","0.11","0.04","0.08","0.09","0.12","0.34","0.07","0.10"
"AA_Bumbledrone","","","","","","","","","","","","0.01","0.01","0.01","0.01","0.02","0.04","","0.04","","","0.03","","0.05","","","0.02","0.05","0.07","0.03","0.04","0.06","0.05"
"AA_BumbledroneHierophant","","","","","","","","","","","","","0.00","","0.00","","0.01","","0.01","","","","","0.02","","","0.01","","0.02","0.02","","0.01","0.04"
"AA_BumbledroneQueen","","","","","","","","","","","","","","","","","","","","","","","","","","","","","","","","",""
"AA_Cactipine","","","","","","","","0.00","","","0.01","0.02","","","","0.04","0.43","","","","","0.05","","0.61","","","","","","","","",""
"AA_ChameleonYak","","","","","","","","0.00","","0.00","0.00","0.01","0.00","0.00","0.02","0.01","0.04","0.00","0.08","","0.03","0.01","0.02","0.05","0.02","0.02","0.01","0.04","0.02","0.02","","0.02","0.02"
"AA_ChemfuelMyrmidon","","","","","","","","","","","","","","","","","","","","0.31","","","","","","","","","","","","",""
"AA_Cinderlisk (P)","","","","","","","","0.00","","","0.01","0.03","","","","0.04","0.04","","","1.53","","0.05","","0.05","","","","0.01","","","","",""
"AA_ColossalAerofleet","","","","","","","","","","","","","","","","","","","","","","","","","","","","","","","","",""
"AA_CrepuscularBeetle","","","","","","","","","","","","","","","","","","","","","","","","","","","","","","","2.44","",""
"AA_CrescendoAnole","","","","","","","","0.00","","","0.00","0.01","","0.01","","0.01","0.02","","","","","0.01","","0.01","","","","0.01","","","0.02","","0.03"
"AA_CrystallineCaracal (P)","","","","","","","","","","","","","0.00","0.00","0.00","","0.01","","0.01","","0.00","","0.00","0.00","0.01","0.01","0.00","0.00","0.00","0.00","","0.00","0.00"
"AA_CrystalMit","","","","","","","","0.00","","","0.01","0.04","0.01","0.02","0.00","0.05","0.07","","0.01","0.09","0.01","0.07","0.01","0.03","0.02","0.02","0.02","0.05","0.02","0.02","0.15","0.01","0.02"
"AA_Darkbeast","","","","","","","0.00","","0.00","0.00","","","","0.00","0.00","","","0.00","0.00","","0.00","","0.00","","0.00","0.00","0.00","","0.00","0.00","0.01","0.00","0.00"
"AA_DarkVandal","","","","","","","","","","","","0.00","0.00","0.00","0.00","0.00","0.01","","0.01","","0.02","0.00","0.02","0.01","0.01","0.01","0.02","0.01","0.07","0.05","0.59","0.06","0.08"
"AA_DecayDrake (P)","","","","","","","","","","","","","","0.00","","","","","","","","","","","0.01","0.01","0.00","","0.04","0.02","","0.03","0.04"
"AA_DesertAve","","","","","","","","0.01","","","0.02","0.17","","","","0.25","0.21","","","","","0.32","","0.29","","","","0.03","","","","",""
"AA_DevilSheep","","","","","","","","","","","","","","","","","","","","","","","","","","","","","","","","",""
"AA_Drainer","","","","","","","","","","","","0.00","0.01","","","0.01","0.01","","","","0.05","0.01","0.03","0.01","","","0.02","","0.06","0.03","","0.05","0.06"
"AA_DrainerLarva","","","","","","","","","","","","0.11","0.19","","","0.16","0.26","","","","1.24","0.20","0.78","0.37","","","0.48","0.33","1.44","0.74","","1.19","1.53"
"AA_Dunealisk (P)","","","","","","","","0.01","","","0.02","0.05","","0.02","","0.08","0.09","","","","","0.10","","0.13","","","","0.04","","","","",""
"AA_DunealiskClutchMother (P)","","","","","","","","","","","","","","","","","","","","","","","","","","","","","","","","",""
"AA_DuskProwler (P)","","","","","","","0.00","0.00","0.00","0.00","0.00","0.00","0.00","","0.00","0.00","0.01","","0.01","","0.01","0.00","0.01","0.00","0.01","0.01","0.01","","0.01","0.01","","0.01","0.01"
"AA_DuskRat","","","","","","","","","","","","","","","","","","","","","","","","","","","","","","","","",""
"AA_EmpressButterfly","","","","","","","","","","","","","","","0.00","","","","0.01","","0.00","","0.00","","","","0.01","0.07","0.03","0.01","0.04","0.02","0.02"
"AA_EmpressButterflyLarva","","","","","","","","","","","","","","","0.04","","","","0.15","","0.12","","0.08","","","","0.32","1.64","0.72","0.25","0.98","0.59","0.38"
"AA_EngorgedTentacularAberration (P)","","","","","","","","","","","","","","","","","","","","","","","","","","","","","","","","",""
"AA_Erin (P)","","","","","","","","0.00","","","0.00","0.00","","0.01","","0.00","0.01","","","","","0.01","","0.00","","","","","","","","",""
"AA_Eyeling","","","","","","","","","","","","","","","","","","","","","","","","","","","","","","","","",""
"AA_Feralisk (P)","","","","","","","","","","","","","","0.01","","","","","","","","","","","","","0.02","0.03","0.11","0.07","0.10","0.09","0.12"
"AA_FeraliskClutchMother (P)","","","","","","","","","","","","","","","","","","","","","","","","","","","","","","","","",""
"AA_FireWasp (P)","","","","","","","","","","","","","","","","","","","","","","","","","","","","","","","","",""
"AA_FissionMouse","","","","","","","0.00","0.00","0.00","0.00","0.00","0.01","0.02","0.02","0.00","0.01","0.01","","0.01","0.03","0.01","0.01","0.01","0.01","0.05","0.05","0.06","0.08","0.05","0.04","0.15","0.04","0.06"
"AA_FissionMouseSecond","","","","","","","","","","","","","","","","","","","","","","","","","","","","","","","","",""
"AA_FissionMouseThird","","","","","","","","","","","","","","","","","","","","","","","","","","","","","","","","",""
"AA_FlamingoPhoenix","","","","","","","0.00","","0.00","0.00","","","0.00","","0.00","","0.03","","0.00","","0.00","","0.00","0.04","0.00","0.00","0.00","0.00","0.00","0.00","0.00","0.00","0.00"
"AA_FrostAve","","","","","","","0.01","","0.01","0.02","","","","","0.07","","","0.09","0.23","","0.05","","0.03","","0.26","0.24","","","","","","",""
"AA_FrostboundBehemoth","","","","","","","","","","","","","","","","","","","","","","","","","","","","","","","","",""
"AA_Frostling (P)","","","","","","","","","","","","","","","","","","","","","","","","","","","","","","","","",""
"AA_FrostLynx (P)","","","","","","","0.00","","0.01","0.00","","","","","0.00","","","0.01","0.01","","0.00","","0.00","","0.01","0.01","0.00","","","0.00","","",""
"AA_Frostmite","","","","","","","0.07","","0.12","0.13","","","","","0.01","","","0.39","0.05","","0.02","","0.01","","0.03","0.03","","","","","","",""
"AA_FungalHusk","","","","","","","","","","","","","","","","","","","","","","","","","","","","","","","","",""
"AA_Gallatross","","","","","","","","","","","","","","","","","","","","","","","","","","","","","","","","",""
"AA_GallatrossMoribund","","","","","","","","","","","","","","","","","","","","","","","","","","","","","","","","",""
"AA_Genix (P)","","","","","","","","","","","","","","","0.00","","","0.01","0.01","","0.00","","0.00","","0.01","0.01","0.00","","","0.00","","",""
"AA_GiantCrownedSilkie","","","","","","","","","","","","","0.00","","","","","","","","0.00","","0.00","","","","0.00","0.00","","","","",""
"AA_Gigantelope","","","","","","","","","","","","0.01","0.01","","0.00","0.01","0.05","0.02","0.01","","0.09","0.02","0.06","0.07","0.01","0.01","0.06","0.01","0.07","0.09","","0.05","0.10"
"AA_GreatDevourer (P)","","","","","","","","","","","","0.00","0.00","0.01","0.00","0.00","0.00","","0.00","","0.00","0.00","0.00","0.00","0.00","0.00","0.00","","","","","",""
"AA_GreenGoo","","","","","","","","","","","","","","","","","","","","","","","","","","","","","","","","",""
"AA_GreyCoatedMouflon","","","","","","","","","","0.00","","","0.00","","0.00","","","","0.01","","0.01","","0.01","","0.01","0.01","0.00","0.02","","","","",""
"AA_Groundrunner","","","","","","","","","","","","","","","","","","","","","0.25","","0.16","","","","0.16","0.12","0.13","0.09","","0.10","0.13"
"AA_Helixien","","","","","","","","","","","","","0.00","0.00","","","0.00","","","","0.00","","0.00","0.00","0.00","0.00","0.00","","0.01","0.02","0.07","0.01","0.03"
"AA_InfectedAerofleet","","","","","","","","","","","","","","","","","","","","","","","","","","","","","","","","",""
"AA_IronhuskBeetle","","","","","","","","","","","","","","","","","","","","","","","","","","","","","","","","",""
"AA_Junglelisk (P)","","","","","","","","","","","","","","","","","","","","","","","","","","","","","","","","",""
"AA_LarvalAtispec","","","","","","","","","","","","","0.13","0.31","","","0.26","","","","","","","0.37","","","0.16","0.33","0.36","","","",""
"AA_Lockjaw (P)","","","","","","","","","","","","","","","","","","","","","","","","","","","","","0.24","0.16","","0.20","0.26"
"AA_Locusts","","","","","","","","","","","","","","","","","","","","","","","","","","","","","","","","",""
"AA_LuciferBug","","","","","","","","","","","","0.02","0.00","0.02","0.00","0.02","0.01","","0.01","","0.01","0.03","0.01","0.02","0.01","0.01","0.00","","0.02","0.01","","0.01","0.02"
"AA_MammothWorm","","","","","","","","0.00","","","0.01","0.02","","0.02","","0.02","0.04","","","","","0.03","","0.02","","","","","","","","",""
"AA_Mantrap (P)","","","","","","","","0.00","","","0.00","0.00","0.01","","","0.00","0.05","","","","0.00","0.00","0.00","0.07","0.03","0.03","0.02","","0.07","0.03","","0.06","0.08"
"AA_MatureFleshbeast (P)","","","","","","","","","","0.00","","0.00","0.00","0.02","0.00","0.00","0.00","","0.00","","0.00","0.00","0.00","0.00","0.00","0.00","0.00","","0.00","0.00","","0.00","0.00"
"AA_MeadowAve","","","","","","","","","","","","0.01","0.03","","0.01","0.01","0.02","","0.04","","0.15","0.01","0.09","0.03","0.04","0.04","0.13","0.03","0.05","0.03","","0.04","0.05"
"AA_MegaLouse","","","","","","","","","","","","0.02","0.01","0.02","0.01","0.02","0.04","","0.04","0.03","0.04","0.03","0.02","0.05","0.05","0.05","0.02","0.02","0.05","0.04","0.05","0.04","0.06"
"AA_Metallovore","","","","","","","","","","","","","","","","","","","","0.61","","","","","","","","","","","","",""
"AA_Mime","","","","","","","","","","","","","","","","","","","","","","","","","","","","","","","","",""
"AA_Murkling","","","","","","","","0.01","","0.01","0.01","0.04","0.10","","0.11","0.06","0.42","","0.35","","0.50","0.08","0.31","0.19","0.09","0.08","0.25","","0.01","0.01","","0.01","0.02"
"AA_MycoidColossus","","","","","","","","","","","","","","","","","","","","","","","","","","","","","","","","",""
"AA_Needlepost","","","","","","","","0.00","","","0.00","0.01","","","","0.02","0.02","","","","","0.02","","0.03","","","","","","","","",""
"AA_Needleroll","","","","","","","","0.08","","","0.19","0.43","","","","0.63","","","","","","0.81","","","","","","","","","","",""
"AA_NightAve (P)","","","","","","","","","","","","0.00","0.00","","0.00","0.00","0.01","","0.00","","0.00","0.00","0.00","0.01","0.00","0.00","0.00","","0.01","0.01","0.07","0.01","0.02"
"AA_Nightling (P)","","","","","","","0.00","0.00","0.00","0.00","0.00","0.00","0.01","","0.00","0.01","0.01","","0.01","","0.01","0.01","0.02","0.01","0.01","0.01","0.02","","0.02","0.01","0.04","0.02","0.02"
"AA_NightMule","","","","","","","","","","","","","","","","","","","","","","","","","","","","","","","","",""
"AA_NightRam","","","","","","","","","","","","","","","","","","","","","","","","","","","","","","","","",""
"AA_OcularJelly","","","","","","","","","","","","","","","","","","","","","0.00","","0.00","","0.00","0.00","0.00","0.00","0.00","0.00","0.00","0.00","0.00"
"AA_OcularNightling (P)","","","","","","","","","","","","","","","","","","","","","","","","","","","","","","","","",""
"AA_OvergrownColossus","","","","","","","","","","","","","","","","","","","","","","","","","","","0.00","","0.01","0.01","","0.01","0.01"
"AA_PebbleMit","","","","","","","0.00","0.00","0.00","0.00","0.01","0.04","0.02","0.02","0.03","0.05","0.07","0.02","0.10","0.03","0.09","0.07","0.05","0.03","0.11","0.11","0.06","0.08","0.09","0.09","0.05","0.07","0.10"
"AA_PedigreedRaptor","","","","","","","","","","","","0.00","0.01","0.01","0.00","0.00","0.01","","0.01","0.01","0.00","0.01","0.00","0.01","0.01","0.01","0.02","0.01","0.04","0.01","0.02","0.03","0.04"
"AA_PhoenixOwlcat (P)","","","","","","","0.00","0.00","0.00","0.00","0.00","0.00","0.01","","0.00","0.01","0.01","0.01","0.01","0.01","0.01","0.01","0.01","0.00","0.03","0.03","0.01","0.01","0.04","0.02","0.02","0.03","0.04"
"AA_Plasmorph (P)","","","","","","","","","","","","","","","","","","","","","","","","","","","0.02","","0.04","0.12","","0.03","0.19"
"AA_Radyak","","","","","","","0.00","","0.00","0.00","","","0.00","","0.00","","0.00","0.00","0.00","0.00","0.00","","0.00","0.00","0.00","0.00","0.00","0.00","0.00","0.00","","0.00","0.00"
"AA_RaptorShrimp (P)","","","","","","","","","","","","","","","","","","","","","","","","","0.01","0.01","","","0.02","0.01","","0.01","0.02"
"AA_Ravager (P)","","","","","","","","","","","","0.00","0.00","0.12","0.00","0.00","0.00","","0.01","0.01","0.00","0.00","0.01","0.00","0.01","0.01","0.01","0.01","0.01","0.00","0.02","0.01","0.01"
"AA_RayHound","","","","","","","","","","","","","0.00","0.00","0.00","","0.02","0.01","0.01","","0.02","","0.01","0.01","0.01","0.01","0.02","0.01","0.04","0.02","","0.03","0.04"
"AA_Razorjack (P)","","","","","","","","0.02","","","0.05","0.15","0.03","0.15","","0.22","0.05","","","","","0.28","","0.02","","","0.08","","0.18","0.12","","0.15","0.19"
"AA_RedGoo","","","","","","","","","","","","","","","","","","","","","","","","","","","","","","","","",""
"AA_RedSpore","","","","","","","","","","","","","","","","","","","","","","","","","","","","","","","","",""
"AA_RipperHound (P)","","","","","","","","","","","","","0.00","0.00","0.00","","0.01","0.00","0.00","","0.00","","0.00","0.01","0.00","0.00","0.01","","0.00","0.00","","0.00","0.00"
"AA_RoughPlatedMonitor (P)","","","","","","","","0.00","","","0.00","0.01","","","0.00","0.02","0.03","","0.01","0.06","","0.03","","0.01","0.01","0.01","","","","","","","0.01"
"AA_RoyalAve","","","","","","","","","","","","0.00","0.00","","0.00","0.00","0.01","","0.00","","0.00","0.00","0.00","0.01","0.00","0.00","0.00","0.00","0.00","0.00","","0.00","0.01"
"AA_SandLion (P)","","","","","","","","0.00","","","0.01","0.02","","","","0.03","0.04","","","","","0.04","","0.02","","","","","","","","",""
"AA_SandProwler (P)","","","","","","","","0.01","","","0.01","0.04","","","","0.05","0.06","","","","","0.07","","0.03","","","","","","","","",""
"AA_SandSquid","","","","","","","","0.00","","","0.01","0.03","0.00","","","0.04","0.07","","","","","0.05","","0.03","","","0.01","","","","","",""
"AA_ShadowCharger","","","","","","","","","","","","0.00","0.00","","0.00","0.00","0.00","","0.01","","0.01","0.00","0.01","0.00","0.01","0.01","0.01","","0.01","0.01","","0.01","0.01"
"AA_ShockGoat","","","","","","","","","","","","","","","","","","","","","","","","","0.01","0.01","0.01","0.02","0.01","0.00","","0.01","0.01"
"AA_Skiphound (P)","","","","","","","","","","","","","0.00","","0.00","","0.00","","0.00","","0.00","","0.00","0.00","","","0.00","0.01","0.00","0.00","0.02","0.00","0.01"
"AA_Skyeel","","","","","","","","","","","","","","","","","","","","","","","","","","","","","","","","",""
"AA_Slurrypede","","","","","","","0.00","0.00","0.00","0.00","0.00","0.00","0.00","0.00","0.00","0.00","0.00","0.00","0.00","0.01","0.00","0.00","0.00","0.00","0.00","0.00","0.00","0.00","0.00","0.00","0.01","0.00","0.00"
"AA_SmallButterfly","","","","","","","","","","","","","","","","","","","","","","","","","","","","","","","","",""
"AA_SpinedGow","","","","","","","","","","","","","","","","","","","","","","","","","","","","","","","","",""
"AA_SummitCrab","","","","","","","","","","","","","","","","","","","","","","","","","","","","","","","","",""
"AA_Swarmling (P)","","","","","","","0.00","0.00","0.01","0.01","0.00","0.02","0.09","0.06","0.02","0.03","0.05","","0.06","","0.05","0.04","0.03","0.07","0.19","0.18","0.22","","0.22","0.35","0.20","0.18","0.23"
"AA_TarGuzzler","","","","","","","","","","","","","","","","","","","","","","","","","","","","","","","","",""
"AA_TeratogenicOriginator","","","","","","","0.00","0.00","0.00","0.00","0.00","0.00","0.00","0.00","0.00","0.00","0.00","0.00","0.00","0.01","0.00","0.00","0.00","0.00","0.00","0.00","0.00","0.00","0.00","0.00","0.01","0.00","0.00"
"AA_Terramorph","","","","","","","","0.00","","","0.01","0.04","0.00","0.02","0.00","0.05","0.07","","0.01","0.03","0.01","0.07","0.01","0.03","0.02","0.02","0.02","","0.02","0.02","","0.01","0.02"
"AA_TetraSlug","","","","","","","0.00","0.00","0.00","0.00","0.00","0.00","0.00","0.00","0.00","0.00","0.00","0.00","0.00","0.00","0.00","0.00","0.00","0.00","0.00","0.00","0.00","0.00","0.00","0.00","0.00","0.00","0.00"
"AA_Thermadon","","","","","","","","","","","","0.00","0.00","0.00","0.00","0.00","0.00","","0.01","0.03","0.00","0.00","0.00","0.00","0.02","0.02","0.00","","0.00","0.00","","0.00","0.00"
"AA_Thunderbeast","","","","","","","","","","","","","0.00","","","","0.00","","","","","","","0.00","","","0.00","0.00","0.00","0.00","","0.00","0.00"
"AA_Thunderox","","","","","","","","0.00","","0.00","0.00","0.00","0.00","","0.00","0.00","0.00","","0.01","","0.01","0.00","0.00","0.00","0.02","0.02","0.01","","0.00","0.02","","0.00","0.00"
"AA_UnblinkingEye (P)","","","","","","","","","","","","","","","","","","","","","","","","","","","","","","","","",""
"AA_Wildpawn","","","","","","","","","","","","","0.01","","0.01","","0.01","","0.02","","0.02","","0.02","0.01","","","0.02","","","","0.10","",""
"AA_Wildpod","","","","","","","","","","","","","0.00","","0.01","","0.01","","0.02","","0.02","","0.02","0.01","0.02","0.02","0.01","","","0.02","0.10","","0.03"
"AA_WindBeast","","","","","","","","","","","","0.00","0.00","","0.00","0.00","0.00","","0.00","","0.00","0.00","0.00","0.00","0.00","0.00","0.00","","0.00","0.00","0.00","0.00","0.00"
"ACPAcidAnt","","","","","","","","0.04","","","0.09","0.16","","","","0.23","0.26","","","","","0.30","","0.37","","","","","","","","",""
"ACPAmurLeopard (P)","","","","","","","","","","","","","","","0.01","","","","0.05","","0.03","","0.04","","0.04","0.04","0.05","","","0.04","","",""
"ACPAngoraRabbit","","","","","","","","","","","","","","","","","","","","","","","","","","","","","","","","",""
"ACPBlackbear (P)","","","","","","","","","","","","","0.01","","0.00","","0.00","","0.01","","0.02","","0.02","0.00","0.01","0.01","0.03","","","0.05","","",""
"ACPBlackRhinoceros","","","","","","","","0.00","","","0.00","0.00","0.00","","","0.00","0.01","","","","","0.00","","0.00","","","0.01","","0.07","0.01","","0.06","0.08"
"ACPCheetah (P)","","","","","","","","0.00","","","0.01","0.03","","","","0.04","0.10","","","","","0.06","","0.05","","","","","0.01","","","0.01",""
"ACPChipmunk","","","","","","","","","","","","","","","","","","","","","0.35","","0.22","","0.45","0.42","0.22","","0.50","0.35","","",""
"ACPDomesticRabbit","","","","","","","","","","","","","","","","","","","","","","","","","","","","","","","","",""
"ACPDuckBilledPlatypus","","","","","","","","","","","","","","","","","","","","","0.23","","0.15","","0.13","0.12","0.11","","0.38","0.23","","0.32","0.51"
"ACPErmine (P)","","","","","","","","","","","","","","","0.24","","","","0.80","","0.68","","0.42","","0.58","0.55","","","","","","",""
"ACPFerret (P)","","","","","","","","","","","","","0.41","","","","0.06","","","","1.49","","0.93","0.09","","","1.01","","0.86","0.99","","0.71","0.77"
"ACPFishercat (P)","","","","","","","","","","","","","","","0.02","","","","0.05","","0.23","","0.14","","0.20","0.19","0.10","","0.23","0.11","","",""
"ACPGiraffe","","","","","","","","0.01","","","0.01","0.10","","","","0.14","0.37","","","","","0.18","","0.51","","","","","","","","",""
"ACPGreatBustard","","","","","","","","","","","","","0.09","","0.03","","0.17","","0.10","","0.25","","0.16","0.24","0.17","0.16","0.21","","0.12","0.16","","0.10","0.05"
"ACPHaulerAnt","","","","","","","","0.04","","","0.09","0.16","","","","0.23","0.26","","","","","0.30","","0.37","","","","","","","","",""
"ACPHedgehog","","","","","","","","","","","","0.02","0.64","","","0.03","0.18","","","","2.49","0.04","1.56","0.09","0.03","0.03","1.59","","1.80","1.24","","1.49","0.38"
"ACPHoneyBadger (P)","","","","","","","","0.00","","","0.00","0.02","0.01","","","0.03","0.07","","","","","0.04","","0.03","","","0.01","","0.07","0.01","","0.06","0.01"
"ACPJackalope","","","","","","","","","","","","","","","","","","","","","0.25","","0.16","","0.29","0.27","0.25","","0.58","0.15","","",""
"ACPKiwi","","","","","","","","","","","","","0.09","","0.00","","","","0.01","","0.13","","0.08","","","","0.11","","0.29","","","0.24",""
"ACPLion (P)","","","","","","","","0.01","","","0.01","0.04","","","","0.06","0.10","","","","","0.08","","0.15","","","","","0.01","","","0.01",""
"ACPLlama","","","","","","","","","","","","","0.02","","","","0.04","","","","0.10","","0.06","0.06","0.01","0.01","0.11","","","0.04","","",""
"ACPMajoreraGoat","","","","","","","","","","","","0.00","0.00","","0.00","0.00","0.02","","0.01","","0.01","0.00","0.01","0.01","0.01","0.01","0.01","","","0.01","","","0.02"
"ACPMegabadger (P)","","","","","","","","","","","","","","","0.01","","","","0.04","","0.01","","0.01","","0.02","0.02","","","","","","",""
"ACPMegaFerret (P)","","","","","","","","","","","","","","","","","","","","","","","","","","","","","","","","",""
"ACPMegascorpion","","","","","","","","0.02","","","0.05","0.09","","","","0.13","0.04","","","","","0.16","","0.02","","","","","","","","",""
"ACPMunchkinCat (P)","","","","","","","","","","","","","","","","","","","","","","","","","","","","","","","","",""
"ACPOtter (P)","","","","","","","","","","0.01","","","","","0.11","","","","0.35","","0.30","","0.19","","0.64","0.60","0.25","","0.29","0.69","","0.24","0.46"
"ACPPeccary","","","","","","","","0.01","","","0.03","0.16","0.00","","","0.23","0.46","","","","","0.30","","0.21","","","0.01","","0.14","0.01","","0.12","0.15"
"ACPPtarmigan","","","","","","","","","","","","","","","0.13","","","","0.44","","1.49","","0.93","","0.64","0.60","","","","","","",""
"ACPRedPanda","","","","","","","","","","","","","","","","","","","","","0.18","","0.11","","0.21","0.19","0.08","","0.17","0.08","","",""
"ACPSilkieChicken","","","","","","","","","","","","","","","","","","","","","","","","","","","","","","","","",""
"ACPSilkspider","","","","","","","","","","","","","","","","","0.21","","","","","","","0.10","","","","","","","","",""
"ACPSnowLeopard (P)","","","","","","","","","","0.00","","","","","0.03","","","","0.09","","0.03","","0.04","","0.04","0.04","0.02","","","0.01","","",""
"ACPSpiritwolf (P)","","","","","","","","","","","","","","","","","","","","","","","","","","","","","","","","",""
"ACPTapir","","","","","","","","","","","","","0.13","","","","0.57","","","","","","","0.27","","","0.16","","","","","",""
"ACPThornyDevil","","","","","","","","0.02","","","0.06","0.10","","","","0.14","0.08","","","","","0.18","","0.04","","","","","","","","",""
"ACPUnicorn","","","","","","","","","","","","","","","","","","","","","","","0.02","","0.02","","0.04","","","0.03","","",""
"ACPWildDog","","","","","","","","0.00","","","0.01","0.02","","","","0.03","0.10","","","","","0.03","","0.15","","","","","","","","",""
"ACPWoolyHorse","","","","","","","","","","","","","","","0.02","","","","0.06","","0.03","","0.02","","0.03","0.03","","","","","","",""
"ACPWoolyRhino","","","","","","","0.04","","0.07","0.11","","","","","0.04","","","","0.15","","0.05","","0.03","","0.06","0.06","","","","0.05","","",""
"ACPXGecko (P)","","","","","","","","0.02","","","0.05","0.19","0.04","","","0.28","0.10","","","","","0.36","","0.05","","","0.10","","0.11","0.15","","0.09","0.23"
"Addax","","","","","","","","0.03","","","","","","","","","","","","","","","","","","","","","","","","",""
"AEXP_AfricanWildDog (P)","","","","","","","","","","","","","","","","","","","","","","","","","","","","","","","","",""
"AEXP_Anaconda (P)","","","","","","","","","","","","","","","","","","","","","","","","","","","","","0.02","","","0.02","0.05"
"AEXP_ArcticCoyote (P)","","","","","","","","","","0.03","","","","","0.14","","","0.19","0.47","","0.50","","0.62","","0.26","0.24","","","","","","",""
"AEXP_Beagle","","","","","","","","","","","","","","","","","","","","","","","","","","","","","","","","",""
"AEXP_Beaver","","","","","","","","","","","","","","","","","","","","","0.14","","0.09","","","","0.25","","0.58","0.08","","",""
"AEXP_BlackBear (P)","","","","","","","","","","0.02","","","","","0.02","","","0.09","0.08","","0.05","","0.06","","0.09","0.08","","","","","0.27","",""
"AEXP_BlackFootedFerret (P)","","","","","","","","","","","","","","","","","","","","","","","","","","","","","","","","",""
"AEXP_BlackRhino","","","","","","","","","","","","","","","","","","","","","","","","","","","","","","","","",""
"AEXP_Bonobo","","","","","","","","","","","","","","","","","","","","","","","","","","","","","","","","",""
"AEXP_Boombat","","","","","","","","0.01","","","0.01","","0.51","","","0.09","","","","","0.10","0.11","0.06","0.73","","","0.63","0.66","1.44","","","",""
"AEXP_Camel","","","","","","","","0.02","","","0.05","","","","","0.06","","","","","","0.08","","","","","","","","","","",""
"AEXP_CatAbyssinian (P)","","","","","","","","","","","","","","","","","","","","","","","","","","","","","","","","",""
"AEXP_CatBengal (P)","","","","","","","","","","","","","","","","","","","","","","","","","","","","","","","","",""
"AEXP_CatBritishShorthair (P)","","","","","","","","","","","","","","","","","","","","","","","","","","","","","","","","",""
"AEXP_CatMaineCoon (P)","","","","","","","","","","","","","","","","","","","","","","","","","","","","","","","","",""
"AEXP_CatMunchkin (P)","","","","","","","","","","","","","","","","","","","","","","","","","","","","","","","","",""
"AEXP_CatNorwegianForest (P)","","","","","","","","","","","","","","","","","","","","","","","","","","","","","","","","",""
"AEXP_CatPersian (P)","","","","","","","","","","","","","","","","","","","","","","","","","","","","","","","","",""
"AEXP_CatSiamese (P)","","","","","","","","","","","","","","","","","","","","","","","","","","","","","","","","",""
"AEXP_CatSomali (P)","","","","","","","","","","","","","","","","","","","","","","","","","","","","","","","","",""
"AEXP_CatSphynx (P)","","","","","","","","","","","","","","","","","","","","","","","","","","","","","","","","",""
"AEXP_Cheetah (P)","","","","","","","","","","","","","","","","","","","","","","","","0.44","","","","1.32","","","","",""
"AEXP_Chihuahua","","","","","","","","","","","","","","","","","","","","","","","","","","","","","","","","",""
"AEXP_Corgi","","","","","","","","","","","","","","","","","","","","","","","","","","","","","","","","",""
"AEXP_Coyote (P)","","","","","","","","0.01","","","0.01","","","","","0.25","","","","0.12","","0.32","","0.39","","","","0.13","","","","",""
"AEXP_Crocodile (P)","","","","","","","","0.00","","","0.01","","","","","0.06","","","","","","0.08","","0.18","","","","0.08","","","","",""
"AEXP_DesertTortoise","","","","","","","","0.06","","","0.13","","","","","0.78","","","","","","1.01","","0.12","","","","","","","","",""
"AEXP_FrenchBulldog","","","","","","","","","","","","","","","","","","","","","","","","","","","","","","","","",""
"AEXP_GermanShepherd (P)","","","","","","","","","","","","","","","","","","","","","","","","","","","","","","","","",""
"AEXP_GilaMonster","","","","","","","","0.05","","","0.11","","","","","0.63","","","","0.31","","0.81","","","","","","","","","","",""
"AEXP_Giraffe","","","","","","","","","","","","","","","","0.06","","","","","","0.08","","0.73","","","","0.13","","","","",""
"AEXP_GreatDane","","","","","","","","","","","","","","","","","","","","","","","","","","","","","","","","",""
"AEXP_Hedgehog","","","","","","","","","","","","","","","","","","","","","2.49","","1.56","","","","3.17","","7.20","0.99","","",""
"AEXP_Hyena (P)","","","","","","","","0.03","","","0.07","","","","","0.78","","","","","","1.01","","0.37","","","","0.99","","","","",""
"AEXP_IndianElephant","","","","","","","","","","","","","","","","","","","","","","","","","","","","","0.14","0.02","","0.12","0.19"
"AEXP_Jaguar (P)","","","","","","","","","","","","","","","","","","","","","","","","","","","","","0.22","","0.27","0.18",""
"AEXP_Kangaroo","","","","","","","","0.00","","","0.01","","0.01","","","0.07","","","","","","0.09","","0.17","","","0.01","","","","","",""
"AEXP_Koala","","","","","","","","","","","","","0.06","","","0.05","","","","","","0.07","","0.20","","","0.16","0.11","0.12","0.08","0.33","0.10","0.13"
"AEXP_Lemur","","","","","","","","","","","","","","","","","","","","","","","","0.49","","","","","2.40","","","1.98",""
"AEXP_Lion (P)","","","","","","","","0.04","","","0.08","","","","","0.39","","","","","","0.51","","0.15","","","","","","","","",""
"AEXP_Mandrill","","","","","","","","","","","","","","","","","","","","","","","","","","","","","1.20","","","0.99",""
"AEXP_Megascorpion","","","","","","","","0.18","","","0.41","","","0.68","","0.69","","","","","","0.90","","","","","","","","","","",""
"AEXP_MegaWolverine (P)","","","","","","","","","","","","","","","0.02","","","","0.06","","0.01","","0.01","","0.01","0.01","","","","","","",""
"AEXP_Moa","","","","","","","","","","","","","","","","","","","","","","","","","","","","","","","","",""
"AEXP_Pangolin","","","","","","","","","","","","","","","","","","","","","","","","","","","","","","","","",""
"AEXP_Platypus","","","","","","","","","","","","","","","","","","","","","","","","","","","0.05","","0.12","0.82","","0.10","0.38"
"AEXP_Poodle","","","","","","","","","","","","","","","","","","","","","","","","","","","","","","","","",""
"AEXP_Pug","","","","","","","","","","","","","","","","","","","","","","","","","","","","","","","","",""
"AEXP_Quagga","","","","","","","","","","","","","","","","","","","","","","","","","","","","","","","","",""
"AEXP_Rattlesnake (P)","","","","","","","","0.13","","","0.30","","","","","0.50","","","","0.25","","0.65","","","","","","","","","","",""
"AEXP_RedPanda","","","","","","","","","","","","","0.77","","","","","","","","0.25","","0.16","","","","0.95","","0.18","","0.68","0.15",""
"AEXP_RockhopperPenguin","","","","","","","","","","","","","","","","","","","","","","","","","","","","","","","","",""
"AEXP_Rottweiler","","","","","","","","","","","","","","","","","","","","","","","","","","","","","","","","",""
"AEXP_Shih-Tzu","","","","","","","","","","","","","","","","","","","","","","","","","","","","","","","","",""
"AEXP_Tapir","","","","","","","","","","","","","","","","","","","","","","","","","","","","","1.20","","","0.99",""
"AEXP_TasmanianDevil (P)","","","","","","","","","","","","","","","","","","","","","","","","","","","","","","","","",""
"AEXP_Thylacine","","","","","","","","","","","","","","","","","","","","","","","","","","","","","","","","",""
"AEXP_WelshTerrier","","","","","","","","","","","","","","","","","","","","","","","","","","","","","","","","",""
"AEXP_Wildebeest","","","","","","","","","","","","","","","","0.04","","","","","","0.06","","0.66","","","","0.15","","","","",""
"AEXP_WildGoose","","","","","","","","","","","","","","","","","","","","","0.50","","0.31","","","","0.63","0.13","1.44","0.20","0.55","",""
"AEXP_Zebra","","","","","","","","0.00","","","0.01","","","","","0.09","","","","","","0.12","","0.73","","","","0.33","","","","",""
"AgoutiHamster","","","","","","","","","","","","","","","","","","","","","","","","","","","0.08","","","0.04","","","0.06"
"aka_Tanuki","","","","","","","","","","","","","","","0.01","","","","","","","","0.31","","0.64","","0.42","","","0.66","","",""
"akaNEKO_A_Shorthair (P)","","","","","","","","","","","","","","","","","","","","","","","","","","","","","","","","",""
"akaNEKO_J_Bobtail (P)","","","","","","","","","","","","","","","","","","","","","","","","","","","","","","","","",""
"akaNEKO_kijitora (P)","","","","","","","","","","","","","","","","","","","","","","","","","","","","","","","","",""
"akaNEKO_kuroneko (P)","","","","","","","","","","","","","","","","","","","","","","","","","","","","","","","","",""
"akaNEKO_Maine_Coon (P)","","","","","","","","","","","","","","","","","","","","","","","","","","","","","","","","",""
"akaNEKO_N_Forest_Cat (P)","","","","","","","","","","","","","","","","","","","","","","","","","","","","","","","","",""
"akaNEKO_Persian (P)","","","","","","","","","","","","","","","","","","","","","","","","","","","","","","","","",""
"akaNEKO_Russian_Blue (P)","","","","","","","","","","","","","","","","","","","","","","","","","","","","","","","","",""
"akaNEKO_Scottish_Fold (P)","","","","","","","","","","","","","","","","","","","","","","","","","","","","","","","","",""
"akaNEKO_Scottish_Fold_Long (P)","","","","","","","","","","","","","","","","","","","","","","","","","","","","","","","","",""
"akaNEKO_shironeko (P)","","","","","","","","","","","","","","","","","","","","","","","","","","","","","","","","",""
"akaNEKO_Siamese (P)","","","","","","","","","","","","","","","","","","","","","","","","","","","","","","","","",""
"AkhalTeke_horse","","","","","","","","","","","","","","","","","","","","","","","","","","","","","","","","",""
"Alligator (P)","","","","","","","","","","","","","","","","","","","","","","","","","","","","","","0.07","","","0.11"
"AlligatorMan","","","","","","","","","","","","","","","","","","","","","","","","","","","","","","","","0.07","0.09"
"Alpaca","","","","","","","","","","","","","","","","","","","","","0.18","","","","","","0.29","","0.65","0.45","","0.54","0.70"
"Alphabeaver","","","","","","","","","","","","","","","","","","","","","","","","","","","","","","","","",""
"AlphaThrumbo","","","","","","","","","","","","","","","","","","","","","","","","","","","","","","","","",""
"AngusCow","","","","","","","","","","","","","","","","","","","","","","","","","","","","","","","","",""
"AnkoleWatusiCow","","","","","","","","","","","","","","","","","","","","","","","","","","","","","","","","",""
"AonyxCinerea","","","","","","","","","","","","","","","","","","","","","","","","","","","0.79","","","1.24","","2.38","3.07"
"Appaloosa_horse","","","","","","","","","","","","","","","","","","","","","","","","","","","","","","","","",""
"Arabian_horse","","","","","","","","","","","","","","","","","","","","","","","","","","","","","","","","",""
"Armadillo","","","","","","","","0.01","","","","0.05","0.06","","","0.04","0.13","","","","","0.10","","0.12","","","","","","","","",""
"AssafSheep","","","","","","","","","","","","","","","","","","","","","","","","","","","","","","","","",""
"AwassiSheep","","","","","","","","","","","","","","","","","","","","","","","","","","","","","","","","",""
"Badger","","","","","","","","","","","","","","","","","","","0.59","","0.25","","0.31","","0.64","0.60","0.32","","","0.49","","",""
"Bardelot","","","","","","","0.01","","","0.01","","","","","0.01","","","","","","","","0.02","","","","","","","","","",""
"BB_BarnOwl (P)","","","","","","","","","","","","","","","","","","","","","","","0.21","","","","0.32","","","","","",""
"BB_Cockatoo","","","","","","","","","","","","","","","","","","","","","","","","","","","","","","","","1.78",""
"BB_EagleOwl (P)","","","","","","","","","","","","","","","","","","","","","","","0.09","","","","0.10","","","","","",""
"BB_Hornbill","","","","","","","","","","","","","","","","","","","","","","","","","","","","","","","","0.48",""
"BB_Kestrel (P)","","","","","","","","","","","","","","","","","","","","","","","0.31","","","","0.42","","","","","",""
"BB_Parrot","","","","","","","","","","","","","","","","","","","","","","","","","","","","","","","","1.59",""
"BB_ParrotB","","","","","","","","","","","","","","","","","","","","","","","","","","","","","","","","1.59",""
"BB_Toucan","","","","","","","","","","","","","","","","","","","","","","","","","","","","","","","","0.48",""
"Bear_Grizzly (P)","","","","","","","","","","","","","","","0.02","","","0.13","0.04","","0.03","","0.04","0.07","0.09","0.08","0.04","0.09","","0.07","","",""
"Bear_Polar (P)","","","","","","","0.02","","0.03","0.03","","","","","0.02","","","","0.09","","","","","","0.09","","","","","","","",""
"Belgian_Malinois","","","","","","","","","","","","","","","","","","","","","","","","","","","","","","","","",""
"BerkshirePig","","","","","","","","","","","","","","","","","","","","","","","","","","","","","","","","",""
"BighornSheep","","","","","","","","","","","","","","","","","","","","","","","","","","","","","","","","",""
"Bison","","","","","","","","","","","","","","","","","0.05","","","","","","","0.04","","","0.02","0.30","","","","",""
"BlackBear","","","","","","","","","","","","","","","0.09","","","","","","","","0.31","","","","0.48","","","0.74","","0.30","0.38"
"BlackBearMan","","","","","","","","","","","","","","","0.04","","","","","","","","0.07","","","","0.04","","","0.05","","0.07","0.09"
"BlackCappedConure","","","","","","","","","","","","","","","","","","","","","","","","0.05","","0.06","0.03","0.07","0.07","0.05","","0.42","0.31"
"Bluebird","","","","","","","","","","","","","","","","","","0.47","","","1.24","","","0.73","","","0.79","","0.36","1.24","","",""
"BlueJay","","","","","","","","","","","","","","","","0.06","","","0.23","","0.50","","0.16","0.34","0.06","0.18","0.16","0.46","0.50","0.15","","",""
"BogHound (P)","","","","","","","","","","","","","","0.61","","","","","","","","","","","","","","","","","","",""
"Boneworm","","","","","","","","","","","","","","","","","","","","","","","","","","","","","","","","",""
"Bongo","","","","","","","","","","","","","","","","","","","","","","","","","","","","","","","","0.40","0.34"
"Boomalope","","","","","","","","","","","0.04","0.12","0.09","0.22","","0.17","0.24","","","0.56","0.09","0.18","","0.20","","","0.12","0.24","0.33","0.18","0.89","0.27","0.35"
"BoomBat","","","","","","","","","","","","","","","","","0.87","","","","","","","","","","0.66","1.37","","","7.33","1.98","2.24"
"Boomole","","","","","","","","","","","","","","","","","","","","","","","0.39","","2.40","","0.48","","","2.16","","",""
"BoomooCow","","","","","","","","","","","","","","","","","","","","","","","","","","","","","","","","",""
"Boomrat","","","","","","","","","","","0.15","","0.43","0.82","","","0.87","","","2.04","0.33","0.67","","0.73","","","0.42","","","0.66","","",""
"BorderLeicesterSheep","","","","","","","","","","","","","","","","","","","","","","","","","","","","","","","","",""
"Borzoi","","","","","","","","","","","","","","","","","","","","","","","","","","","","","","","","",""
"BrahmanCow","","","","","","","","","","","","","","","","","","","","","","","","","","","","","","","","",""
"BravaCow","","","","","","","","","","","","","","","","","","","","","","","","","","","","","","","","",""
"BrownLabradorRetriever","","","","","","","","","","","","","","","","","","","","","","","","","","","","","","","","",""
"BrownSwissCow","","","","","","","","","","","","","","","","","","","","","","","","","","","","","","","","",""
"BrushTurkey","","","","","","","","","","","","","","","","","","","","","","","","","","","","","","","","",""
"BU_Budgerigar","","","","","","","","","","","","","0.15","","","","","","","","","","","0.44","","","0.19","0.59","","","","",""
"BU_Cockatiel","","","","","","","","","","","","","0.15","","","","","","","","","","","0.44","","","0.19","0.59","","","","",""
"BU_MacawBlueYellow","","","","","","","","","","","","","","","","","","","","","","","","0.29","","0.48","0.19","0.39","","0.10","","0.54","0.61"
"BU_MacawCatalina","","","","","","","","","","","","","","","","","","","","","","","","","","","","","","","","",""
"BU_MacawHarlequin","","","","","","","","","","","","","","","","","","","","","","","","","","","","","","","","",""
"BU_MacawMilitary","","","","","","","","","","","","","","","","","","","","","","","","","","","0.02","","0.50","0.05","","0.12",""
"BU_MacawScarlet","","","","","","","","","","","","","","","","","","","","","","","","0.29","","0.48","0.19","0.39","","0.10","","0.54","0.61"
"BU_MacawShamrock","","","","","","","","","","","","","","","","","","","","","","","","","","","","","","","","",""
"BU_PeregrineFalcon (P)","","","","","","","","","","","","","0.08","0.37","0.14","0.09","","","0.47","","0.40","0.40","0.22","0.39","0.51","0.54","0.19","0.53","","0.44","","",""
"BU_Raven","","","","","","","","","","","","","0.23","0.61","0.14","0.16","","","0.47","","0.60","0.40","0.37","0.39","0.51","0.54","0.25","0.53","","0.44","","",""
"BU_RedwingedBlackbird","","","","","","","","","","","","","","","","","","","","","","","0.09","0.24","0.64","0.72","0.22","0.33","","0.54","","","0.38"
"BU_Vulture","","","","","","","","0.03","","","","","0.18","0.61","","0.31","","","","","","","","","","","","","","","","",""
"Bullfrog (P)","","","","","","","","","","","","","","","","","","","","","","","","","0.64","0.60","","","","0.99","4.89","",""
"Bushdog (P)","","","","","","","","","","","","","","","","","","","","","","","","","","","","","","","","0.74","0.58"
"CactusMantis (P)","","","","","","","","0.02","","","","","","","","","","","","","","","","","","","","","","","","",""
"Capybara","","","","","","","","","","","","","","","","","","","","","","","","","","","","","1.03","","2.79","0.85","1.10"
"Cardinal","","","","","","","","","","","","","","","","0.13","","","0.12","","0.35","","0.16","0.34","0.13","0.18","0.16","0.46","0.50","0.15","","",""
"Caribou","","","","","","","","","","","","","","","0.32","","","0.43","0.53","","","","0.14","","0.29","0.27","","","","","","",""
"Cassowary","","","","","","","","","","","","","","","","","","","","","","","","","","","","","0.72","","1.95","0.59","0.77"
"Cat (P)","","","","","","","","","","","","","","","","","","","","","","","","","","","","","","","","",""
"Cat_Scimitar (P)","","","","","","","","","","","","","","","","","","0.19","","","","","","","","","","","","","","",""
"CCPChocolateBun","","","","","","","","","","","","","","","","","","","","","","","","","","","","","","","","",""
"Chicken","","","","","","","","","","","","","","","","","","","","","","","","","","","","","","","","",""
"Chinchilla","","","","","","","","","","","","","","","","","","","","","","","","","","","","","1.20","","0.65","0.99","1.28"
"CinnamonGroundDove","","","","","","","","","","","","","","","","","","","","","","0.40","","","","0.12","0.03","","0.14","0.05","","0.30","0.31"
"CK_ArcticHare","","","","","","","0.34","","0.56","0.61","","","0.10","0.02","0.71","","","3.79","2.34","","1.99","","1.25","","2.56","","","0.03","0.14","","3.91","",""
"CK_CapuchinMonkey","","","","","","","","","","","","","","","","","","","","","","","","","","","","","","","","",""
"CK_Gorilla","","","","","","","","","","","","","","","","","","","","","","","","","","","","","","","","",""
"CK_Jaguar (P)","","","","","","","","","","","","","","","","0.00","","","","","","","","","","0.01","","","0.14","0.01","0.04","0.18","0.23"
"CK_Junglefowl","","","","","","","","","","","Infinity","","","","","Infinity","","","","","","Infinity","","","","Infinity","","","Infinity","Infinity","Infinity","Infinity","Infinity"
"CK_KomodoDragon (P)","","","","","","","","0.00","","","0.01","","0.04","0.03","","0.03","","","","0.00","","0.06","","0.01","","0.03","0.00","0.01","0.10","0.00","0.27","0.08","0.11"
"CK_Okapi","","","","","","","","","","","","","","","","Infinity","","","","","Infinity","Infinity","","Infinity","","Infinity","Infinity","","Infinity","Infinity","Infinity","Infinity","Infinity"
"CK_Panda","","","","","","","","","","","","","","","","","","","","","","","","","","0.00","0.00","","0.14","0.00","0.04","0.07","0.09"
"CK_Peafowl","","","","","","","","","","","Infinity","","","","","Infinity","","","","","","Infinity","","","","Infinity","","","Infinity","Infinity","Infinity","Infinity","Infinity"
"CK_Python (P)","","","","","","","","","","","","","","","","0.02","","","","","","0.01","","","","0.08","0.00","0.03","0.13","0.06","0.24","0.07","0.10"
"CK_SnowLeopard (P)","","","","","","","0.00","","0.00","0.03","","","0.01","","0.02","","","0.25","0.14","","0.04","","0.01","","","","","","0.00","","0.00","",""
"CK_SpiderMonkey","","","","","","","","","","","","","","","","","","","","","","","","","","","","","","","","",""
"CK_SquirrelMonkey","","","","","","","","","","","","","","","","","","","","","","","","","","","","","","","","",""
"CK_Tapir","","","","","","","","","","","Infinity","","","","","Infinity","","","","","Infinity","Infinity","Infinity","Infinity","Infinity","Infinity","Infinity","","Infinity","Infinity","Infinity","Infinity","Infinity"
"CK_Tiger (P)","","","","","","","","","","","","","","","","0.00","","","","","","","","","","0.01","","","0.14","0.01","0.04","0.18","0.23"
"CK_WhiteTiger (P)","","","","","","","","","","","","","","","","0.00","","","","","","","","","","0.01","","","0.14","0.01","0.04","0.18","0.23"
"Cloud_Rat","","","","","","","","","","","","","","","","","","","","","","","","","","","0.03","","","","","1.43","1.23"
"Cobra (P)","","","","","","","","","","","","","","","","","","","","","","","","","","","","","0.43","","1.56","0.36","0.46"
"CockerSpaniel","","","","","","","","","","","","","","","","","","","","","","","","","","","","","","","","",""
"Coldwarg (P)","","","","","","","0.02","","","0.06","","","","","0.02","","","","","","","","0.05","","0.09","","","","","","","",""
"ColossusToad","","","","","","","","","","","","","","","","","","","","","","","","","","","","","","","1.63","","0.26"
"Connemara_horse","","","","","","","","","","","","","","","","","","","","","","","","","","","","","","","","",""
"Copperhead (P)","","","","","","","","","","","","","","","","","","","","","","","","","","","1.27","","","","","",""
"CoralSnake (P)","","","","","","","","","","","","","","","","","","","","","","","","","","","","","","","","",""
"Cormorant","","","","","","","","","","","","","","","","","","","","","","1.62","0.25","","0.77","1.21","","","","0.79","","","0.92"
"Cottonmouth (P)","","","","","","","","","","","","","","","","","","","","","","","","","","","","","","1.98","","",""
"Cougar (P)","","","","","","","","","","","0.01","0.03","","","","0.04","0.16","0.13","","0.37","0.05","0.12","0.04","0.11","0.09","0.08","0.04","0.09","0.29","0.07","","",""
"Cow","","","","","","","","","","","","","","","","","","","","","","","","","","","","","","","","",""
"CrimsonBelliedConure","","","","","","","","","","","","","","","","","","","","","","","","0.05","","0.06","0.03","0.07","0.07","0.05","","0.42","0.31"
"Crow","","","","","","","","","","","","","0.64","1.53","","","","","1.47","","0.75","","0.78","1.22","","","0.79","1.64","","","","",""
"Crows_DustBunny","","","","","","","","","","","","","","","","","","","","","","","0.62","","","","0.63","","","0.99","","1.19","1.53"
"DA_ArcticOwlcat (P)","","","","","","","0.06","","","0.11","","","","","0.09","","","0.95","0.73","","","","","","","","","","","","","",""
"DA_Barog","","","","","","","","","","","","","","","","","","","","","","","","","0.06","0.27","","","","0.22","","","0.35"
"DA_BeardedTroll (P)","","","","","","","","","","0.02","","","","","0.02","","","0.09","0.12","","","","0.06","","0.13","","","","","","","",""
"DA_BlackScribe (P)","","","","","","","","0.01","","","","","","","","0.12","","","","","","","","","","","","","","","","",""
"DA_Crestel (P)","","","","","","","","","","","","","","","0.01","","","0.05","0.04","","","","0.02","","0.03","","","","","","","",""
"DA_DwarvenMuffton","","","","","","","","","","","","","","","0.15","","","0.16","0.29","","","","0.26","","0.21","","","","","","","",""
"DA_ForestOwlcat (P)","","","","","","","","","","","","","","","","","","","","","","","0.12","","","","0.32","","","","","",""
"DA_Goldilox","","","","","","","","","","","","","","","","","","","","","","","","","","","","","","","","",""
"DA_ImperialRedhound (P)","","","","","","","","","","","","","","","","","","","","","","","","","","","","","","","","",""
"DA_IroncasketBeetle","","","","","","","","","","","","","","","","","","","","","","","","","","","","","","","","",""
"DA_Karabal (P)","","","","","","","","0.01","","","","","","","","0.34","","","","","","0.16","","","","","","","","","","",""
"DA_LeviathanCrab (P)","","","","","","","","","","","","","","","","","","","","","","","","","","","","","","","","",""
"DA_NorthernDrog","","","","","","","","","","","","","","","0.02","","","0.07","0.13","","","","0.06","","0.05","","","","","","","",""
"DA_Phrak (P)","","","","","","","","","","","","","","","","","","","","","","","","","0.08","0.38","","","","0.19","","","0.29"
"DA_Pilgrim","","","","","","","","0.00","","","","","","","","0.16","","","","","","0.07","","","","","","","","","","",""
"DA_RedhornedLarpah","","","","","","","","","","","","","","","0.00","","","","0.00","","0.04","","0.01","0.01","0.01","","0.01","","0.01","","","",""
"DA_RockTroll (P)","","","","","","","","","","","","","","","","","","","","","","","","","","","","","","","","",""
"DA_SilverMole","","","","","","","","","","","","","","","","","","","","","","","","","","","","","","","","",""
"DA_Snaptoad (P)","","","","","","","","","","","","","","","","","","","","","","","","","0.13","0.60","","","","0.49","","","0.77"
"DA_SnowTaraal (P)","","","","","","","0.02","","","0.04","","","","","0.03","","","0.32","0.24","","","","","","","","","","","","","",""
"DA_Taraal (P)","","","","","","","","","","","","","","","0.03","","","","0.05","","","","0.04","","0.06","","0.11","","","","","",""
"DairyPig","","","","","","","","","","","","","","","","","","","","","","","","","","","","","","","","",""
"Deer","","","","","","","","","","","","","","","","","","0.47","0.23","","1.00","","0.31","","0.64","0.60","0.32","0.66","","0.49","","",""
"Dhole (P)","","","","","","","","","","","","","","","","","","","","","","","","","","","0.06","","","0.05","","0.18","0.08"
"DiamondDove","","","","","","","","0.00","","","","","","","","0.19","","","","","","0.08","","0.29","","","","0.33","","","","",""
"Dingo (P)","","","","","","","","0.00","","","","","","","","","","","","","","","","","","","","","","","","",""
"DireRat (P)","","","","","","","","","","","","","","","0.00","","0.00","","","","","","0.03","","","","0.04","","","0.06","","",""
"Donkey","","","","","","","","0.01","","","0.01","0.03","0.02","","","0.04","0.09","","","0.22","","0.04","","0.09","","","0.06","0.12","","","","",""
"Dromedary","","","","","","","","0.01","","","0.02","0.15","0.04","","","0.22","0.37","","","","","0.28","","","","","","","","","","",""
"Dryad_Barkskin","","","","","","","","","","","","","","","","","","","","","","","","","","","","","","","","",""
"Dryad_Basic","","","","","","","","","","","","","","","","","","","","","","","","","","","","","","","","",""
"Dryad_Berrymaker","","","","","","","","","","","","","","","","","","","","","","","","","","","","","","","","",""
"Dryad_Carrier","","","","","","","","","","","","","","","","","","","","","","","","","","","","","","","","",""
"Dryad_Clawer","","","","","","","","","","","","","","","","","","","","","","","","","","","","","","","","",""
"Dryad_Gaumaker","","","","","","","","","","","","","","","","","","","","","","","","","","","","","","","","",""
"Dryad_Medicinemaker","","","","","","","","","","","","","","","","","","","","","","","","","","","","","","","","",""
"Dryad_Woodmaker","","","","","","","","","","","","","","","","","","","","","","","","","","","","","","","","",""
"dtf_angorarabbit","","","","","","","","","","","","","","","","","","","","","","","","","","","","","","","","",""
"Duck","","","","","","","","","","","","","","","","","","","","","","","","","1.07","0.80","","","","0.82","","",""
"DurocPig","","","","","","","","","","","","","","","","","","","","","","","","","","","","","","","","",""
"DW_Garmr (P)","","","","","","","0.00","","","0.01","","","","","0.02","","","0.09","","","","","0.03","","0.06","","0.03","","","0.04","","",""
"Egret","","","","","","","","","","","","","","","","","","","","","","1.29","","","","2.41","","0.79","","0.79","","0.71","1.84"
"Elephant","","","","","","","","","","","","","","","","","0.13","","","","","0.10","","0.12","","","","","0.18","","","0.15","0.19"
"Elk","","","","","","","","","","","","","","","0.32","","","0.43","0.37","","","","0.14","","0.29","0.27","","","","","","",""
"EM_FWMoth","","","","","","","","","","","","","","","","","","","","","","","","","","","","","","","","",""
"emperor_penguin (P)","","","","","","","0.04","","","0.05","","","","","0.02","","","","","","","","0.01","","0.06","","","","","","","",""
"Emu","","","","","","","","","","","0.09","0.26","","","","0.38","0.73","","","1.72","","0.57","","","","","","","","","","",""
"ERN_Argali","","","","","","","","","","","","","","","0.18","","","0.95","0.59","","","","0.31","","","","","0.66","","","0.78","",""
"ERN_Armadillo","","","","","","","","","","","","","","","","","","","","","","","","","","","","","","","","",""
"ERN_DachshundLonghair","","","","","","","","","","","","","","","","","","","","","","","","","","","","","","","","",""
"ERN_DachshundShorthair","","","","","","","","","","","","","","","","","","","","","","","","","","","","","","","","",""
"ERN_DachshundWirehair","","","","","","","","","","","","","","","","","","","","","","","","","","","","","","","","",""
"ERN_Ferret (P)","","","","","","","","","","","","","","","","","","","","","","","0.25","","","","0.25","","","","","",""
"ERN_FrostWolf (P)","","","","","","","","","","0.08","","","","","0.14","","","","","","","","0.12","","","","","","","","","",""
"ERN_Gartersnake (P)","","","","","","","","","","","","","","","","","","","","","","","","","","","0.13","","","0.59","","",""
"ERN_Greyfox (P)","","","","","","","","","","","","","","","0.04","","","","","","","","0.19","","","","0.19","","","","","",""
"ERN_Hedgehog","","","","","","","","","","","","","","","","","","","","","","","0.12","","","","0.25","","","","","",""
"ERN_lizarddoggo","","","","","","","","","","","","","","","","","","","","","","","","","","","","","","","","",""
"ERN_Lox","","","","","","","","","","","","","","","","","","","","","","","0.06","","","","0.09","","","","","0.11",""
"ERN_Mink (P)","","","","","","","","","","","","","","","0.14","","","","","","","","0.37","","","","0.25","","","","","",""
"ERN_Misthare","","","","","","","","","","","","","","","","","","","","","","","0.31","","","","0.32","","","","","0.59",""
"ERN_MountainDog","","","","","","","","","","","","","","","","","","","","","","","","","","","","","","","","",""
"ERN_Neck","","","","","","","","","","","","","","","","","","","","","","","0.16","","","","0.32","","","","","0.59",""
"ERN_Opossum (P)","","","","","","","","","","","","","","","","","","","","","","","0.16","","","","0.16","","","","","",""
"ERN_Palamute","","","","","","","","","","","","","","","","","","","","","","","","","","","","","","","","",""
"ERN_PallasCat (P)","","","","","","","","","","","","","","","0.02","","","0.19","0.23","","","","0.03","","","","","","","","","",""
"ERN_Pika","","","","","","","","","","","","","","","0.62","","","2.37","1.47","","","","1.09","","","","","2.30","","","4.89","",""
"ERN_ptarmigan","","","","","","","","","","","","","","","0.22","","","","","","","","0.29","","","","","","","","","",""
"ERN_Redpanda","","","","","","","","","","","","","","","","","","","","","","","0.03","","","","0.06","","","","","",""
"ERN_SnowLeopard (P)","","","","","","","","","","","","","","","0.02","","","0.19","0.12","","","","0.03","","","","","","","","","",""
"ERN_Valboar","","","","","","","","","","","","","","","","","","","","","","","0.25","","","","0.25","","","","","0.48",""
"EuropeanBadger","","","","","","","","","","","","","","","","","","","","","","","0.75","","","","0.76","","","","","",""
"FancyRat","","","","","","","","","","","","","","","","","0.03","","","","","","","","","","0.11","","","0.07","","0.09","0.12"
"FEB_Apotheca","","","","","","","","","","","","","","","0.07","","","","","","","","0.12","","","","0.25","0.53","","","","",""
"FEB_Cottonfoot","","","","","","","","","","","","","","","0.04","","","0.30","","","","","0.07","","0.15","","0.10","0.21","","0.16","","",""
"FEB_CryoToad","","","","","","","","","","","","","","","0.18","","","1.14","","","","","0.37","","0.77","","0.22","","","0.35","","",""
"FEB_Ferrohorn","","","","","","","","","","","","","","","0.07","","","","","","","","0.18","","","","0.18","0.55","","","","",""
"FEB_Gutterhog","","","","","","","","","","","","","","0.37","","","","","","","","","0.09","","0.22","","0.10","","","0.17","","",""
"FEB_Leadbelly","","","","","","","","","","","","","","","","","","","","","","","","","","","","","","","","",""
"FEB_Toxoga","","","","","","","","","","","","","","","Infinity","","","","","","","","Infinity","","Infinity","","Infinity","Infinity","","Infinity","","",""
"Fjord_horse","","","","","","","","","","","","","","","","","","","","","","","","","","","","","","","","",""
"Flamingo","","","","","","","","","","","","","","","","0.31","0.52","","","","","0.40","","","","","","","","","","","0.77"
"Fox_Arctic (P)","","","","","","","0.03","","0.06","0.06","","","","","0.05","","","","0.23","","","","0.09","","0.18","0.17","","","","","","",""
"Fox_Fennec (P)","","","","","","","","0.01","","","0.02","0.06","0.07","","","0.09","0.31","","","0.74","","0.24","","","","","","","","","1.17","",""
"Fox_Gray (P)","","","","","","","","","","","","","","","0.00","","","","","","","","0.00","","","","0.10","","","0.16","","",""
"Fox_Kit (P)","","","","","","","","","","","","","","","","","","","","","","","","","","","0.08","","","","","",""
"Fox_Maikong (P)","","","","","","","","","","","","","","","","","","","","","","","","","","","0.01","","","0.01","","0.21","0.28"
"Fox_Red (P)","","","","","","","","","","","","","","","","","","0.27","","","0.24","","0.09","","0.18","0.17","0.09","0.18","","0.14","","",""
"Fox_Sand (P)","","","","","","","","0.01","","","","","","","","","","","","","","","","","","","","","","","","",""
"Fox_Silver (P)","","","","","","","","","","","","","","","","","","","","","","","0.09","","0.18","","0.09","","","0.14","","",""
"Fox_Tibetan (P)","","","","","","","","","","","","","","","0.00","","","","","","","","0.09","","0.18","","0.01","","","","","",""
"FoxSquirrel","","","","","","","","","","","","","","","","","","","","","","","0.06","","","","0.06","","","0.10","","",""
"Friesian_horse","","","","","","","","","","","","","","","","","","","","","","","","","","","","","","","","",""
"Gazelle","","","","","","","","","","","0.10","0.28","","","","0.42","0.81","","","1.91","0.55","0.63","","0.54","","","0.21","","","","","",""
"Gemsbok","","","","","","","","","","","","","","","","","","","","","","","","","","","","","","","","",""
"Gerbil","","","","","","","","0.00","","","","","","","","","","","","","","","","","","","","","","","","",""
"GermanShepard","","","","","","","","","","","","","","","","","","","","","","","","","","","","","","","","",""
"Ghostie_BabySeal","","","","","","","","","","","","","","","","","","","","","","","","","","","","","","","","",""
"Giantala","","","","","","","","","","","","","","","","","","","","","","","","","","","","","","","","0.12","0.08"
"GiantRakali","","","","","","","","","","","","","","","","","0.01","","","","","","0.08","","0.06","","0.06","","","0.09","","0.01","0.02"
"Gigantelope","","","","","","","","","","","","","","","0.09","","","","","","","","0.16","","","","0.16","","","0.25","","0.30","0.38"
"GloucestershirePig","","","","","","","","","","","","","","","","","","","","","","","","","","","","","","","","",""
"Goat","","","","","","","","","","","","","","","","","","","","","0.40","","","","","","","","0.29","","","",""
"GoldenConure","","","","","","","","","","","","","","","","","","","","","","","","0.05","","0.06","0.03","0.07","0.07","0.05","","0.42","0.31"
"GoldenJackal (P)","","","","","","","","","","","","","","","","","","","","","","","","","","","0.10","","","0.10","","0.12","0.08"
"GoldenRetriever","","","","","","","","","","","","","","","","","","","","","","","","","","","","","","","","",""
"Goldfinch","","","","","","","","","","","","","","","","0.13","","","0.23","","0.40","0.12","0.16","0.24","","","0.16","0.26","0.72","0.15","","",""
"Goose","","","","","","","","","","","","","","","","","","","","","","","","","","","","","","","","",""
"Gorilla","","","","","","","","","","","","","","","","0.01","","","","","","","","","","","","","0.06","","","0.05","0.03"
"GreenPeacock","","","","","","","","","","","","","","","","","","","","","","","","","","","","","","","","0.48",""
"GreenSnake (P)","","","","","","","","","","","","","","","","","","","","","","","1.25","","2.56","","","","","","","",""
"Grimstone_Belloceros","","","","","","","","","","","","","","","0.00","","0.01","0.04","","","","","0.01","","0.00","","0.00","0.02","","","","",""
"Grimstone_EmperorVulture","","","","","","","","","","","","","","0.37","","","0.31","","","","","","","","","","0.13","","","","","",""
"Grimstone_Griffar (P)","","","","","","","","","","","","","","","0.01","","","","","","","","0.01","","0.01","","0.01","","","0.01","0.18","",""
"Grimstone_Grimshadow (P)","","","","","","","","","","","","","","0.01","0.00","","0.00","0.00","","0.06","","","0.00","","","","0.00","0.00","","0.00","0.01","",""
"Grimstone_NorthernLynx (P)","","","","","","","","","","0.02","","","","","0.04","","","","","","","","0.07","","0.09","","0.03","0.07","","","","",""
"Grimstone_Sheepdog","","","","","","","","","","","","","","","","","","0.32","","","","","","","","","","0.44","","","","",""
"Grimstone_Tetras","","","","","","","","","","","","","","","0.12","","","","","","","","0.25","","","","0.25","0.53","","","1.56","",""
"GuineaPig","","","","","","","","0.00","","","0.00","0.01","0.01","","","0.08","0.03","","","0.06","0.00","","","0.05","0.15","0.20","0.48","","0.72","0.25","","0.50","0.46"
"Gypsy_horse","","","","","","","","","","","","","","","","","","","","","","","","","","","","","","","","",""
"Hamster","","","","","","","","","","","","","","","","","","","","","","","","","","","0.25","","","0.16","","",""
"Hare","","","","","","","","","","","","","","","1.42","","2.71","3.79","0.23","4.90","2.99","2.10","1.25","2.24","2.56","2.41","1.27","2.63","","1.98","","",""
"HarianaCow","","","","","","","","","","","","","","","","","","","","","","","","","","","","","","","","",""
"Harvest_Mouse","","","","","","","","","","","","","","","","","","","","","","","","","","","0.10","","","0.06","","",""
"HC_Alligatorturtle (P)","","","","","","","","","","","","","","","","","","","","","","","","","","","0.04","","","","","0.18","0.23"
"HC_Baboon (P)","","","","","","","","","","","","","","","","","","","","","","","","","","","0.11","","","","","0.40","0.51"
"HC_Bullfrog (P)","","","","","","","","","","","","","","","","","","","","","","","","","","","0.74","","","1.98","","1.78","3.07"
"HC_Carbuncle (P)","","","","","","","","","","","","","","","","","","","","","","","0.06","","","","0.13","","","","","0.18",""
"HC_Galapagostortoise","","","","","","","","","","","","","","","","","","","","","","","","","","","0.20","","","","","0.45","0.96"
"HC_Gorgon","","","","","","","","","","","","","","","","","","","","","","","0.10","","","","0.17","","","","","0.10",""
"HC_Griffin (P)","","","","","","","","","","","","","","","","","","","","","","","0.08","","","","0.08","","","","","0.06",""
"HC_Kelpie (P)","","","","","","","","","","","","","","","","","","","","","","","","","","","0.11","","","0.23","","","0.18"
"HC_KomodoDragon (P)","","","","","","","","","","","","","","","","","","","","","","","","","","","0.06","","","0.14","","0.17","0.33"
"HC_Leopardgecko","","","","","","","","0.08","","","","","","","","","","","","","","","","","","","","","","","","0.99",""
"HC_Nightmares","","","","","","","","0.02","","","","","","","","","","","","","","","","","","","","","","","","0.15","0.08"
"HC_Owlbear (P)","","","","","","","","","","","","","","","","","","","","","","","0.04","","","","0.05","","","","","0.17",""
"HC_Pangolin","","","","","","","","0.08","","","","","","","","","","","","","","","","","","","","","","","","0.74","0.96"
"HC_Roc (P)","","","","","","","","","","0.15","","","","","0.18","","","","","","","","0.31","","0.64","","0.32","","","0.49","","0.59","0.77"
"HC_Samoyed","","","","","","","","","","","","","","","","","","","","","","","","","","","","","","","","",""
"HC_Serval (P)","","","","","","","","0.01","","","","","","","","","","","","","","","","","","","","","","","","0.54","0.52"
"HC_Snowleopard (P)","","","","","","","","","","","","","","","0.02","","","","","","","","0.04","","0.09","","","","","","","",""
"HC_Unicorn","","","","","","","","","","","","","","","","","","","","","","","0.05","","","","0.08","","","0.10","","","0.38"
"HC_Watermonitor (P)","","","","","","","","","","","","","","","","","","","","","","","","","","","0.04","","","0.07","","0.18","0.23"
"HC_Weasel (P)","","","","","","","","","","","","","","","0.01","","","","","","","","0.03","","","","0.03","","","","","0.12",""
"HC_Wyvern (P)","","","","","","","","","","","","","","","","","","","","","","","0.78","","","","1.11","","","2.47","","","2.69"
"HC_Yeti (P)","","","","","","","0.00","","","0.01","","","","","0.03","","","","","","","","0.07","","0.08","","","","","","","",""
"HerefordCow","","","","","","","","","","","","","","","","","","","","","","","","","","","","","","","","",""
"HermitCrab","","","","","","","","","","","","","","","","","","","","","","","","","","","","","","","","",""
"Heron","","","","","","","","","","","","","","","","","","","","","","","0.12","","","","","","","0.49","","",""
"HighlandCow","","","","","","","","","","","","","","","","","","","","","","","","","","","","","","","","",""
"Hippo","","","","","","","","","","","","","","","","","0.13","","","","","0.10","","","","","","","","","","","0.08"
"HiveQueen","","","","","","","","","","","","","","","","","","","","","","","","","","","","","","","","",""
"HolsteinFriesianCow","","","","","","","","","","","","","","","","","","","","","","","","","","","","","","","","",""
"HomingPigeon","","","","","","","","","","","","","","","","0.03","","","","","0.05","0.04","","","","","0.03","0.07","0.07","","","",""
"HonduranWhiteBat","","","","","","","","","","","","","","","","","1.96","","","","","","","","","","1.45","2.74","","","","4.21","4.80"
"Horse","","","","","","","","","","","","","","","","0.01","0.05","","0.08","0.11","0.02","0.15","0.04","0.07","","","0.06","0.12","","0.09","","",""
"HouseFinch","","","","","","","","","","","","","","","","0.19","","","0.12","","0.30","0.24","0.06","0.24","","","0.10","0.33","0.29","0.05","","",""
"Husky","","","","","","","","","","","","","","","","","","","","","","","","","","","","","","","","",""
"Ibex","","","","","","","","","","","","","","","0.71","","","0.95","","","0.50","","0.31","0.49","0.64","0.60","0.32","0.66","","0.49","","",""
"Ibis","","","","","","","","","","","","","","","","0.50","","","","","","1.13","","","","1.93","","","","0.59","","0.95","1.53"
"Iguana","","","","","","","","0.16","","","0.30","0.85","0.68","","","1.25","1.22","","","2.86","","0.94","","","","","","","0.72","","1.43","",""
"IndianGiantSquirrel","","","","","","","","","","","","","","","","","","","","","","","","","","","1.27","","","2.22","","2.38","3.45"
"IrishDraught_horse","","","","","","","","","","","","","","","","","","","","","","","","","","","","","","","","",""
"IrishHunter_horse","","","","","","","","","","","","","","","","","","","","","","","","","","","","","","","","",""
"JacobsSheep","","","","","","","","","","","","","","","","","","","","","","","","","","","","","","","","",""
"Jerbal","","","","","","","","0.02","","","","","","","","","","","","","","","","","","","","","","","","",""
"Jerboa","","","","","","","","0.01","","","","","","","","","","","","","","","","","","","","","","","","",""
"JerseyCow","","","","","","","","","","","","","","","","","","","","","","","","","","","","","","","","",""
"Kangaroo_Rat","","","","","","","","","","","","","","","","","","","","","","","","","","","0.63","","","","","",""
"KangarooRat","","","","","","","","0.00","","","","0.06","","","","","0.20","","","","","","","","","","0.03","","","0.01","","0.12","0.02"
"king_penguin","","","","","","","0.09","","","0.11","","","","","0.07","","","","","","","","0.01","","0.06","","","","","","","",""
"LabradorRetriever","","","","","","","","","","","","","","","","","","","","","","","","","","","","","","","","",""
"Larva","","","","","","","","","","","","","","","","","","","","","","","","","","","","","","","","",""
"LavaSnail","","","","","","","","","","","","","","","","","","","","2.04","","","","","","","","","","","","",""
"LeopardTortoise","","","","","","","","0.01","","","","","","","","","","","","","","","","","","","","","","","","",""
"LimousinCow","","","","","","","","","","","","","","","","","","","","","","","","","","","","","","","","",""
"LincolnSheep","","","","","","","","","","","","","","","","","","","","","","","","","","","","","","","","",""
"Ling_Cockroach","","","","","","","","0.00","","","","","","","","","","","","","","","","","","","0.03","","","0.05","","0.10","0.12"
"Locust","","","","","","","","","","","","","","","","","","","","","","","","","","","","","","","","",""
"LonghornCow","","","","","","","","","","","","","","","","","","","","","","","","","","","","","","","","",""
"Lynx (P)","","","","","","","","","","0.07","","","","","0.06","","","0.30","0.19","","","","0.10","0.15","0.20","0.19","0.10","0.21","0.23","0.16","","",""
"Macaw","","","","","","","","","","","","","","","","0.26","0.70","","","","","","","0.97","","1.61","0.63","1.32","0.60","0.33","","0.50","0.64"
"Mamuffalo","","","","","","","","","","0.01","","","","","0.04","","","","","","","","0.08","","","","0.03","","","","","",""
"Mandrill","","","","","","","","","","","","","","","","","","","","","","","","","","","","","","","","0.33","0.43"
"MandrillMan","","","","","","","","","","","","","","","","","","","","","","","","","","","","","","","","0.07","0.09"
"Maned_Rat","","","","","","","","","","","","","","","","","","","","","","","","","","","0.06","","","0.06","","",""
"Manedwolf","","","","","","","","","","","","","","","","","","","","","","","","","","","","","","","","",""
"Mastiff","","","","","","","","","","","","","","","","","","","","","","","","","","","","","","","","",""
"Mastodon","","","","","","","","","","","","","","","","","","0.05","","","","","","0.05","","","","0.07","","","","",""
"MeatCow","","","","","","","","","","","","","","","","","","","","","","","","","","","","","","","","",""
"Meerkat","","","","","","","","","","","","","","","","","0.87","","","","","","","","","","","","","","","0.99",""
"Megascarab","","","","","","","","","","","","","0.51","","","","","","","","","","","","","","","","","","","",""
"Megasloth","","","","","","","","","","0.01","","","","","0.02","","0.03","0.05","0.10","","0.04","0.02","0.02","","0.03","0.03","0.03","","","0.05","","",""
"Megaspider","","","","","","","","","","","","","0.03","","","","","","","","","","","","","","","","","","","",""
"Megasquid","","","","","","","","","","","","","","","","","","","","","","","","","","","0.16","","","0.15","","",""
"Megavole","","","","","","","","","","","","","","","","","","","","","","","","","","","","","","","0.98","",""
"MerinoSheep","","","","","","","","","","","","","","","","","","","","","","","","","","","","","","","","",""
"MilkCow","","","","","","","","","","","","","","","","","","","","","","","","","","","","","","","","",""
"Mink","","","","","","","","","","","","","","","","","","","0.59","","0.25","","0.31","","0.64","1.05","0.16","","","0.25","","",""
"Miraffe","","","","","","","","","","","","","","","","","0.13","","","","","","","","","","","","","","","0.15","0.19"
"Mole_Rat","","","","","","","","0.01","","","","","","","","","","","","","","","","","","","","","","","","",""
"MonitorLizard (P)","","","","","","","","","","","","0.36","0.43","1.02","","0.31","0.87","","","2.04","","0.67","","0.49","","","","","","","3.26","",""
"Monkey","","","","","","","","","","","","","","","","","","","","","","","","0.16","","","","","2.40","","","1.98","2.56"
"Moose","","","","","","","","","","","","","","","0.03","","","0.17","0.11","","0.05","","0.06","","0.12","0.05","","","","","","",""
"MouflonSheep","","","","","","","","","","","","","","","","","","","","","","","","","","","0.63","","","","","",""
"MourningDove","","","","","","","","0.00","","","","","","","","0.09","","","","","0.20","0.12","","0.19","","0.18","0.19","0.26","0.29","0.30","","0.24","0.31"
"Mouse","","","","","","","","","","","","","","","","","","","","","","","0.12","","0.08","","0.38","","","0.40","","",""
"MudSnake (P)","","","","","","","","","","","","","","","","","","","","","","","","","","","","","","1.98","","",""
"Muffalo","","","","","","","0.01","","0.01","0.01","","","","","0.16","","","","0.27","","0.23","","0.14","0.22","0.29","0.27","0.14","0.60","","0.22","","",""
"Muskox","","","","","","","","","","","","","","","0.16","","","0.22","0.53","","","","","","","","","","","","","",""
"Muskrat","","","","","","","","","","","","","","","","","","","","","","","","","0.03","","","","","0.02","","",""
"Mustang_horse","","","","","","","","","","","","","","","","","","","","","","","0.03","","","","0.04","","","","","",""
"NandayConure","","","","","","","","","","","","","","","","","","","","","","","","0.05","","0.06","0.03","0.07","0.07","0.05","","0.42","0.31"
"Neanderthal","","","","","","","","","","","","","","","","","","","","","","","","","","","0.04","","","0.05","","0.07","0.09"
"Nem_Cockroach","","","","","","","","","","","","","","","3.54","","","","","","","","10.90","","9.62","30.13","7.93","","","18.53","","29.73","38.37"
"Nem_Mantis (P)","","","","","","","","0.00","","","","","","","0.00","","","","","","","","0.02","","0.03","0.30","0.02","","","0.02","","0.04","0.06"
"Nem_Mosquito (P)","","","","","","","","","","","","","","","7.08","","","","","","","","21.80","","57.69","150.66","15.85","","","98.81","","77.29","153.49"
"Nem_Spider (P)","","","","","","","","0.09","","","","","","","1.01","","","","","","","","3.11","","5.49","17.22","2.26","","","11.29","","11.04","21.93"
"Nem_Woodlouse","","","","","","","","","","","","","","","0.35","","","","","","","","3.11","","3.21","12.05","4.12","","","9.88","","11.89","15.35"
"Nutria","","","","","","","","","","","","","","","","","","","","","","","","","","","","","","0.04","","","0.07"
"Oriole","","","","","","","","","","","","","","","","0.09","","","","","0.15","0.12","0.03","0.10","","","0.16","0.20","0.22","","","",""
"Ostrich","","","","","","","","","","","0.09","0.26","0.10","","","0.38","0.73","","","","","0.57","","","","","","","","","","",""
"Otter","","","","","","","","","","","","","","","","","","","","","","","","","","","","","","","","",""
"Packaroo","","","","","","","","0.00","","","","0.04","","","","","0.10","","","","","","0.12","","0.06","","0.12","","","0.19","","",""
"PackRat","","","","","","","","","","","","","","","","","0.01","","","","","","0.08","","0.06","","0.06","","","0.09","","0.01","0.02"
"Paint_horse","","","","","","","","","","","","","","","","","","","","","","","","","","","","","","","","",""
"Panda","","","","","","","","","","","","","","","","","","","","","","","","","","","","","0.07","","","0.06","0.08"
"Panther (P)","","","","","","","","","","","","","","0.09","","","","","","","","","","","","","","","0.22","","","0.18","0.23"
"Peacock","","","","","","","","","","","","","","","","0.31","","","","","","0.40","","","","","","","0.72","","0.98","0.59","0.77"
"PearlHamster","","","","","","","","","","","","","","","","","","","","","","","","","","","0.08","","","0.04","","","0.06"
"Pelican","","","","","","","","","","","","","","","","0.38","","","","","","1.62","","","","1.45","","","","0.79","","0.48","1.53"
"Penguin","","","","","","","0.17","","","0.15","","","","","","","","","","","","","","","","","","","","","","",""
"Pig","","","","","","","","","","","","","","0.09","","","","","","","","","","","","","","","","","","",""
"Pigeon","","","","","","","","0.00","","0.01","","","","0.02","0.06","","","0.03","","","","","0.36","","0.04","","0.42","0.77","","0.41","","0.30","0.03"
"PineappleConure","","","","","","","","","","","","","","","","","","","","","","","","0.05","","0.06","0.03","0.07","0.07","0.05","","0.42","0.31"
"Plover","","","","","","","","0.02","","","","","","","","","","","","","","1.35","","3.25","","","0.42","4.39","","0.66","","","1.02"
"Porcupine","","","","","","","","","","","","","","","","","","","","","0.37","","0.31","0.49","","","0.32","0.66","","0.49","","",""
"Possum","","","","","","","","","","","","","","","","","","","","","","","0.05","","","","0.53","","","","","",""
"pphhyy_BloodScarab","","","","","","","","","","","","","","","0.94","","","","","","","","0.83","","3.42","","0.85","","","1.32","","1.59","2.05"
"pphhyy_DesertSparaken","","","","","","","","0.00","","","","","","0.01","","","","","","0.07","","","","","","","","0.01","","","","",""
"pphhyy_Heronken (P)","","","","","","","","","","","","","","","","","","","","","","","","","","","","0.01","","0.03","0.04","0.08","0.05"
"pphhyy_Kelenken","","","","","","","","","","","","","","","","","","","","","","","","","","","0.04","0.09","","0.07","0.27","0.08","0.11"
"pphhyy_Paraken","","","","","","","","","","","","","","","","","","","","","","","","","","","","","","","0.04","0.08",""
"pphhyy_Penglenken (P)","","","","","","","0.01","","","0.02","","","","","0.02","","","0.13","","","","","","","","","","","","","","",""
"pphhyy_Pileaken","","","","","","","","","","","","","","","","","","0.13","","","","","0.04","","0.09","","","","","","","",""
"pphhyy_SanguineDeer (P)","","","","","","","","","","","","","","","0.14","","","","","","","","0.12","","0.51","","0.13","","","0.20","","0.24","0.31"
"pphhyy_Sparaken","","","","","","","","","","","","","","","","","","","","","","","","","","","0.04","0.09","","","0.12","",""
"pphhyy_Touken (P)","","","","","","","","","","","","","","","","","","","","","","","","","","","","","","","0.04","0.08",""
"pphhyy_Vargulf (P)","","","","","","","","","","","","","","","0.01","","","","","","","","0.01","","0.03","","0.01","","","0.01","","0.01","0.01"
"pphhyy_Vulaken (P)","","","","","","","","","","","","","","0.09","","","","","","0.02","","","","","","","","0.01","","","","",""
"PrairieDog","","","","","","","","","","","","","","","","","","","","","","","","2.43","","","","3.29","","","","",""
"Przewalski_horse","","","","","","","","","","","","","","","","","","","","","","","","","","","0.01","","","","","",""
"PuddingHamster","","","","","","","","","","","","","","","","","","","","","","","","","","","0.08","","","0.04","","","0.06"
"Quail","","","","","","","","","","","","","","","","","0.87","","","","0.33","","","0.81","","","0.53","","1.20","","","",""
"Quarter_horse","","","","","","","","","","","","","","","","","","","","","","","","","","","","","","","","",""
"Rabbuck","","","","","","","","","","","","","","","0.13","","","","","","","","0.22","","","","0.23","","","0.21","","",""
"Raccoon (P)","","","","","","","","","","","","","","1.02","","","","1.58","0.39","","0.83","","0.52","","1.07","1.00","0.53","1.10","","0.82","3.26","",""
"Racoon_dog (P)","","","","","","","","","","","","","","","","","","","","","","","","","","","0.07","","","0.07","","",""
"Rat","","","","","","","","","","","","","1.93","3.06","","","3.39","4.74","0.88","6.13","2.49","2.63","1.56","2.80","3.21","3.01","1.59","","3.60","2.47","9.77","2.97","3.84"
"Rat_Large (P)","","","","","","","","","","","","","","","","","","","","","","","0.12","","0.77","","0.10","","","0.59","","0.08","1.07"
"RedFootedTortoise","","","","","","","","","","","","","","","","","","","","","","","","","","","0.16","","","","","0.45","0.19"
"RedPeacock","","","","","","","","","","","","","","","","","","","","","","","","","","","","","","","","0.48",""
"RedRattler (P)","","","","","","","","","","","","","","","","","","","","","","","","","","","","","","","","",""
"RG_ArcticDrak (P)","","","","","","","0.01","","","0.02","","","","","0.05","","","","","","","","0.06","","","","","","","","","",""
"RG_Dodo","","","","","","","","","","","","","","","","","0.75","","","","","","","0.03","","","0.05","","","","","0.85",""
"RG_Megalenhydris (P)","","","","","","","","","","","","","","","","","","","","","","","","","","","0.35","","","0.55","","","0.34"
"RG_SabertoothSquirrel","","","","","","","0.02","","","0.04","","","","","0.53","","","","","","","","0.62","","1.60","","","","","","","",""
"RG_SabertoothTiger (P)","","","","","","","0.00","","","0.00","","","","","0.01","","","","","","","","0.02","","0.05","","0.03","","","","","",""
"RG_Synthetion","","","","","","","","","","","","","","","","","0.21","","","","","","","","","","0.13","","","","","",""
"RG_TerrorBird (P)","","","","","","","","","","","","","","","","","0.42","","","","","","","","","","0.19","","","0.10","","0.48","0.31"
"RG_Thrinaxodon (P)","","","","","","","","","","","","","","","","","0.52","","","","","","","","","","1.27","","","0.99","","0.59","0.38"
"RG_Velociraptor (P)","","","","","","","","","","","","","","","0.18","","","","","","","","0.23","","0.16","","0.16","","","0.12","","",""
"RG_WoollyMammoth","","","","","","","","","","","","","","","0.03","","","","","","","","0.05","","0.08","","","","","","","",""
"RG_WoollyRhinoceros","","","","","","","","","","0.01","","","","","0.03","","","","","","","","0.03","","","","","","","","","",""
"RG_WoollyStegosaurus","","","","","","","0.00","","","0.01","","","","","","","","","","","","","0.05","","","","","","","","","",""
"Rhinoceros","","","","","","","","","","","","","","","","","0.17","","","","0.01","0.13","","0.10","","","0.02","","0.24","0.03","","0.20","0.26"
"Rimmessian_fox (P)","","","","","","","","","","","","","","","","","","0.15","","","","","0.05","","0.10","","0.05","0.11","","0.08","","",""
"RingneckDove","","","","","","","","","","","","","","","","0.16","","","","","0.05","0.12","","0.29","","","0.10","0.39","","0.05","","0.06",""
"rtp_BorderCollie (P)","","","","","","","","","","","","","","","","","","","","","","","","","","","","","","","","",""
"rtp_RhodesianRidgeback (P)","","","","","","","","","","","","","","","","","","","","","","","","","","","","","","","","",""
"SaddlebackPig","","","","","","","","","","","","","","","","","","","","","","","","","","","","","","","","",""
"SaintBernard","","","","","","","","","","","","","","","","","","","","","","","","","","","","","","","","",""
"Sandpiper","","","","","","","","","","","","","","","0.94","","","","1.56","","","2.70","0.83","","2.14","2.41","","","","1.32","","","1.53"
"SapphirerHamster","","","","","","","","","","","","","","","","","","","","","","","","","","","0.08","","","0.04","","","0.06"
"SC_Creamgrub","","","","","","","","","","","","","","","","","","","","","","","","","","","0.45","","","0.71","5.21","0.85","1.71"
"SC_Moleroach","","","","","","","","0.03","","","","","","0.86","","","","","","1.96","","","","","","","0.27","","","0.42","","",""
"SC_MoleroachBlue","","","","","","","","0.03","","","","","","0.86","","","","","","1.96","","","","","","","0.27","","","0.42","","",""
"SC_Rockbull","","","","","","","","","","","","","","","0.08","","","","","","","","0.17","","","","0.14","0.36","","0.23","0.92","",""
"SC_RockbullAlbino","","","","","","","","","","","","","","","0.00","","","","","","","","0.01","","","","0.01","0.07","","0.01","0.17","",""
"SCAfghanHound (P)","","","","","","","","","","","","","","","","","","","","","","","","","","","","","","","","",""
"ScarletKingSnake (P)","","","","","","","","","","","","","","","","","","","","","","","1.25","","","","1.27","","","","","",""
"SCBlackHorse","","","","","","","","","","","","","","","","","","","","","","","","","","","","","","","","",""
"SCBorderCollie","","","","","","","","","","","","","","","","","","","","","","","","","","","","","","","","",""
"SCBorzoi","","","","","","","","","","","","","","","","","","","","","","","","","","","","","","","","",""
"SCBullmastiff","","","","","","","","","","","","","","","","","","","","","","","","","","","","","","","","",""
"SCBullTerrier","","","","","","","","","","","","","","","","","","","","","","","","","","","","","","","","",""
"SCCaucasianshepherd","","","","","","","","","","","","","","","","","","","","","","","","","","","","","","","","",""
"SCChowchow","","","","","","","","","","","","","","","","","","","","","","","","","","","","","","","","",""
"SCCollie","","","","","","","","","","","","","","","","","","","","","","","","","","","","","","","","",""
"SCDoberman (P)","","","","","","","","","","","","","","","","","","","","","","","","","","","","","","","","",""
"SCGoldenRetriever","","","","","","","","","","","","","","","","","","","","","","","","","","","","","","","","",""
"SCGreyhound","","","","","","","","","","","","","","","","","","","","","","","","","","","","","","","","",""
"SCMiniatureDachshund","","","","","","","","","","","","","","","","","","","","","","","","","","","","","","","","",""
"SCNewFoundland","","","","","","","","","","","","","","","","","","","","","","","","","","","","","","","","",""
"SCOldEnglishSheepdog","","","","","","","","","","","","","","","","","","","","","","","","","","","","","","","","",""
"ScourgeRat (P)","","","","","","","","0.00","","","","0.01","","","","","0.03","","","","","","0.02","","0.03","","0.02","","","0.02","","0.03","0.04"
"SCPalomino","","","","","","","","","","","","","","","","","","","","","","","","","","","","","","","","",""
"SCPug","","","","","","","","","","","","","","","","","","","","","","","","","","","","","","","","",""
"SCQuarterHorse","","","","","","","","","","","","","","","","","","","","","","","","","","","","","","","","",""
"SCSaintbernard","","","","","","","","","","","","","","","","","","","","","","","","","","","","","","","","",""
"SCSchnauzer","","","","","","","","","","","","","","","","","","","","","","","","","","","","","","","","",""
"SCStandardPoodle","","","","","","","","","","","","","","","","","","","","","","","","","","","","","","","","",""
"SCWelshCorgi","","","","","","","","","","","","","","","","","","","","","","","","","","","","","","","","",""
"SCWhiteHorse","","","","","","","","","","","","","","","","","","","","","","","","","","","","","","","","",""
"Seagull","","","","","","","","","","","","","","","0.27","0.47","","","","","","2.02","0.47","","0.64","1.81","0.63","","","1.24","","0.89","1.53"
"Seal","","","","","","","","","","","","","","","","","","","","","","","","","","","","","","","","",""
"SeaLion","","","","","","","","","","","","","","","","","","","","","","","","","","","","","","","","",""
"SeaOtter","","","","","","","","","","","","","","","","","","","","","","","","","","","","","","","","",""
"SeaTurtle","","","","","","","","","","","","","","","","","","","","","","","","","","","","","","","","",""
"Sheep","","","","","","","","","","","","","","","","","","","","","","","","","","","","","","","","",""
"Shetland_pony","","","","","","","","","","","","","","","","","","","","","","","","","","","","","","","","",""
"Shire_horse","","","","","","","","","","","","","","","","","","","","","","","","","","","","","","","","",""
"SMP_Tortie (P)","","","","","","","","","","","","","","","","","","","","","","","","","","","","","","","","",""
"Snowhare","","","","","","","0.69","","1.13","1.22","","","","","1.42","","","","3.52","","","","","","","","","","","","","",""
"SnowRat","","","","","","","","","","","","","","","0.88","","","","","","","","1.56","","0.32","","","","","","","",""
"Sparrow","","","","","","","","","","","","","","","0.44","0.16","1.30","2.37","1.47","","1.24","","0.78","1.22","","","0.79","1.64","0.72","","2.44","",""
"Spelopede","","","","","","","","","","","","","0.07","","","","","","","","","","","","","","","","","","","",""
"Spoonbill","","","","","","","","","","","","","","","","","","","","","","1.29","","","","2.41","","","","0.79","","0.71","1.84"
"SpottedHyena (P)","","","","","","","","0.00","","","","","","0.03","","","","","","","","","","","","","0.01","0.07","","","","0.03","0.01"
"Squirrel","","","","","","","","","","","","","","","","","","4.74","1.47","","3.73","","1.56","","3.21","3.01","1.59","3.29","3.60","2.47","","",""
"StarNosedMole","","","","","","","","","","","","","","","","","","","","","","","0.78","","5.21","","0.99","","","4.32","","",""
"StoneCrab","","","","","","","","","","","","","","","","","","","","","","","","","","","","","","","","",""
"StrayDogs_AkitaJapanese","","","","","","","","","","","","","","","","","","","","","","","","","","","","","","","","",""
"StrayDogs_BerneseMountainDog","","","","","","","","","","","","","","","","","","","","","","","","","","","","","","","","",""
"StrayDogs_Hokkaido","","","","","","","","","","","","","","","","","","","","","","","","","","","","","","","","",""
"StrayDogs_Kai","","","","","","","","","","","","","","","","","","","","","","","","","","","","","","","","",""
"StrayDogs_Kishu","","","","","","","","","","","","","","","","","","","","","","","","","","","","","","","","",""
"StrayDogs_Shiba (P)","","","","","","","","","","","","","","","","","","","","","","","","","","","","","","","","",""
"StrayDogs_Shikoku","","","","","","","","","","","","","","","","","","","","","","","","","","","","","","","","",""
"StrayDogs_SwedishVallhund","","","","","","","","","","","","","","","","","","","","","","","","","","","","","","","","",""
"Striped_Mouse","","","","","","","","","","","","","","","","","","","","","","","","","","","0.06","","","","","",""
"StripedHyena (P)","","","","","","","","0.00","","","","","","","","","","","","","","","","","","","0.01","","","","","",""
"SuffolkSheep","","","","","","","","","","","","","","","","","","","","","","","","","","","","","","","","",""
"SunConure","","","","","","","","","","","","","","","","","","","","","","","","0.05","","0.06","0.03","0.07","0.07","0.05","","0.42","0.31"
"Swan","","","","","","","","","","","","","","","","","","","","","0.10","","0.06","","0.13","0.12","0.06","","","0.10","","",""
"Taggerung_Chromabird","","","","","","","","","","","","","","","","","","","","","","","","","","","","","","","","",""
"Taggerung_ChromaticFlowerWolf (P)","","","","","","","","","","","","","","","","","","","","","","","","","","","","","","","","",""
"ThorntailMouse (P)","","","","","","","","","","","","","","","","","0.03","","","","","","0.31","","","","0.53","","","0.82","","",""
"Thoroughbred_horse","","","","","","","","","","","","","","","","","","","","","","","","","","","","","","","","",""
"Thrumbo","","","","","","","","","","","","","","","","","","","","","","","","","","","","","","","","",""
"Tiger (P)","","","","","","","","","","","","","","","","","","","","","","","","","","","","","0.07","","","0.06","0.08"
"TimberRattler (P)","","","","","","","","","","","","","","","","","","","","","","","","","","","1.27","","","","","",""
"Toraton","","","","","","","","","","","","","","","","","","","","","","","","","","","0.04","","","0.12","","0.15","0.19"
"Tortoise","","","","","","","","","","","","","","","","","","","","","","","","","","","0.24","","0.90","0.74","2.44","0.74","0.96"
"Toxalope","","","","","","","","","","","","","","","","","","","","","","","","","","","","","","","","",""
"Turkey","","","","","","","","","","","","","","","","","","","0.06","","0.50","","0.31","","0.64","0.60","0.32","0.66","","0.49","","",""
"TurquoiseConure","","","","","","","","","","","","","","","","","","","","","","","","0.05","","0.06","0.03","0.07","0.07","0.05","","0.42","0.31"
"TurtleDove","","","","","","","","","","","","","","","","0.06","","","","","0.25","0.08","0.09","0.24","0.19","0.12","0.19","0.39","0.22","0.15","","0.24","0.15"
"TVP_ShibaInu (P)","","","","","","","","","","","","","","","","","","","","","","","","","","","","","","","","",""
"TYR_CattleEgret (P)","","","","","","","","","","","","","","","","","","","","","","","","","","","0.44","1.32","","","","",""
"TYR_Cuckooshrike_BlackWinged (P)","","","","","","","","","","","","","","","","","","","","","","","","","","","0.95","","2.16","","","",""
"TYR_FairyBluebird_Philippine","","","","","","","","","","","","","","","","","","","","","","","","","","","0.95","","2.16","","6.84","",""
"TYR_GreatEgret (P)","","","","","","","","","","","","","","","","","","","","","","","","","","","0.38","","","0.79","","0.95","1.23"
"TYR_HotfootRat","","","","","","","","","","","","","","","","","","","","2.45","","","","","","","","","","","","",""
"TYR_Hummingbird_BlueTailed","","","","","","","","","","","","","","","","","","","","","","","","","","","","","","","","4.76","0.08"
"TYR_KangarooRat","","","","","","","","","","","","","2.57","","","3.13","","","","","","","","","","","","","","","","",""
"TYR_Lemming","","","","","","","0.01","","0.14","0.15","","","","","1.77","","","9.48","5.86","","4.98","","3.11","","6.41","","","","","","","",""
"TYR_Mouse","","","","","","","","","","","0.74","","","6.12","","","","","","","","4.05","","4.87","","6.03","3.17","6.58","7.20","4.94","","5.95","7.67"
"TYR_MousePoison","","","","","","","","","","","","","","","","","","","","","","","","","","","","","","","19.55","0.59","0.77"
"TYR_Owl_AfricanGrass (P)","","","","","","","","","","","","","","","","","","","","","","","","1.22","","","","2.30","","","","",""
"TYR_Parrot_Caica","","","","","","","","","","","","","","","","","","","","","","","","","","","","","","","","1.78","0.04"
"TYR_ReddishEgret (P)","","","","","","","","","","","","","","","","","","","","","","","","","","","","","","0.01","","","0.03"
"TYR_SlatyEgret (P)","","","","","","","","","","","","","","","","","","","","2.45","","","","","","","","","","","","",""
"TYR_SnowyEgret (P)","","","","","","","","","","0.03","","","","","0.28","","","1.33","","","","","0.56","","1.28","","","","","","","",""
"TYR_Triller_WhiteBrowed","","","","","","","","","","","","","","","","","","","","","","","","","","","0.95","","","","","",""
"VAERoy_AngoraRabbit","","","","","","","","","","","","","","","","","","","","","","","","","","","","","","","","",""
"VAERoy_Crane","","","","","","","","","","","","","","","","","","","","","","","","","","","","","","","","",""
"VAERoy_Megachicken","","","","","","","","","","","","","","","","","","","","","","","","","","","","","","","","",""
"VAERoy_Orangutan","","","","","","","","","","","","","","","","","","","","","","","","","","","","","","","","",""
"VAERoy_Pheasant","","","","","","","","","","","","","","","","","","","","","","","","","","","","","","","","",""
"VAERoy_RoyalTiger (P)","","","","","","","","","","","","","","","","","","","","","","","","","","","","","","","","",""
"VAEWaste_Hydra (P)","","","","","","","","","","","","","","","","","","","","","","","","","","","","","","","","",""
"VAEWaste_Megatardi","","","","","","","","","","","","","","","","","","","","","","","","","","","","","","","","",""
"VAEWaste_Pestigator (P)","","","","","","","","","","","","","","","","","","","","","","","","","","","","","","","","",""
"VAEWaste_Toxafox (P)","","","","","","","","","","","","","","","","","","","","","","","","","","","","","","","","",""
"VAEWaste_Toxbear (P)","","","","","","","","","","","","","","","","","","","","","","","","","","","","","","","","",""
"VAEWaste_Toxiguana","","","","","","","","","","","","","","","","","","","","","","","","","","","","","","","","",""
"VAEWaste_Toxlion (P)","","","","","","","","","","","","","","","","","","","","","","","","","","","","","","","","",""
"VAEWaste_Toxscorpion (P)","","","","","","","","","","","","","","","","","","","","","","","","","","","","","","","","",""
"VAEWaste_Wasteboar","","","","","","","","","","","","","","","","","","","","","","","","","","","","","","","","",""
"VAEWaste_Wastedeer","","","","","","","","","","","","","","","","","","","","","","","","","","","","","","","","",""
"VAEWaste_Wasteffalo","","","","","","","","","","","","","","","","","","","","","","","","","","","","","","","","",""
"Vulture","","","","","","","","0.07","","","0.15","0.21","0.26","","","","0.52","","","1.23","","0.24","","0.49","","","","0.66","","","","",""
"VV_NHCP_Dryad_Cedarmaker","","","","","","","","","","","","","","","","","","","","","","","","","","","","","","","","",""
"VV_NHCP_Dryad_Ebonymaker","","","","","","","","","","","","","","","","","","","","","","","","","","","","","","","","",""
"VV_NHCP_Dryad_Mahoganymaker","","","","","","","","","","","","","","","","","","","","","","","","","","","","","","","","",""
"VV_NHCP_Dryad_Rosewoodmaker","","","","","","","","","","","","","","","","","","","","","","","","","","","","","","","","",""
"Walrus","","","","","","","","","","","","","","","","","","","","","","","","","","","","","","","","",""
"Warg (P)","","","","","","","","","","","","","0.10","","0.02","","","","0.09","","0.07","","0.04","0.07","0.09","0.08","0.04","0.09","","0.07","0.27","",""
"WasteRat","","","","","","","","","","","","","","","","","","","","","","","","","","","","","","","","",""
"WaterDeer","","","","","","","","","","","","","","","","","","","","","","","0.31","","0.64","","0.32","","","0.49","","",""
"WD_Beagle","","","","","","","","","","","","","","","","","","","","","","","","","","","","","","","","",""
"WD_Boxer (P)","","","","","","","","","","","","","","","","","","","","","","","","","","","","","","","","",""
"WD_Corgi","","","","","","","","","","","","","","","","","","","","","","","","","","","","","","","","",""
"WD_Dachshund","","","","","","","","","","","","","","","","","","","","","","","","","","","","","","","","",""
"WD_Dalmatian","","","","","","","","","","","","","","","","","","","","","","","","","","","","","","","","",""
"WD_Jackrussell","","","","","","","","","","","","","","","","","","","","","","","","","","","","","","","","",""
"WD_Pitbull (P)","","","","","","","","","","","","","","","","","","","","","","","","","","","","","","","","",""
"WD_Pug","","","","","","","","","","","","","","","","","","","","","","","","","","","","","","","","",""
"WD_Sheepdog","","","","","","","","","","","","","","","","","","","","","","","","","","","","","","","","",""
"Weasel","","","","","","","","","","","","","","","0.13","","","","","","","","1.40","","","","1.27","","","","","2.08","1.53"
"WelshCorgi","","","","","","","","","","","","","","","","","","","","","","","","","","","","","","","","",""
"Whitefox (P)","","","","","","","0.02","0.00","","0.02","","0.00","","","0.02","","0.02","","","","","","0.05","","0.06","","0.03","","","0.03","","0.04","0.04"
"WildBoar","","","","","","","","","","","","","","","","","","","","","0.50","","0.31","","0.64","0.60","0.32","0.66","0.72","0.49","1.95","0.59","0.77"
"Wolf_Arctic (P)","","","","","","","0.02","","0.03","0.03","","","","","0.02","","","","0.09","","","","0.04","","0.09","0.08","","","","","","",""
"Wolf_Great (P)","","","","","","","","","","","","","","","0.02","","","0.13","0.08","","0.02","","0.01","","0.03","0.02","","","","","","",""
"Wolf_Red (P)","","","","","","","","","","","","","","","","","","","","","","","0.01","","0.03","","0.03","","","0.05","","",""
"Wolf_Timber (P)","","","","","","","","","","","","","","","0.02","","","0.13","","","0.07","","0.04","0.07","0.09","0.08","0.04","0.09","","0.07","","",""
"Wolverine (P)","","","","","","","","","","","","","0.06","","0.04","","","0.22","0.14","","0.12","","0.07","0.11","0.15","0.14","0.07","","","","","",""
"Woolly_Mouse","","","","","","","","","","","","","","","0.14","","","","","","","","0.12","","0.26","","0.01","","","","","",""
"WoolyCow","","","","","","","","","","","","","","","","","","","","","","","","","","","","","","","","",""
"WoolyPig","","","","","","","","","","","","","","","","","","","","","","","","","","","","","","","","",""
"Worm","","","","","","","","","","","","","","","","","","","","","","","","","","","0.16","","","0.25","","",""
"WYD_MamuffaloLost","","","","","","","0.00","0.00","","0.01","","0.01","","","0.01","","0.03","","","","","","0.02","","0.03","","0.02","","","0.02","","0.03","0.04"
"WYD_MamuffaloSnow","","","","","","","0.00","","","0.01","","","","","0.04","","","","","","","","","","","","","","","","","",""
"WYD_MamuffaloWood","","","","","","","","","","","","","","","","","","","","","","","0.08","","","","0.03","","","","","",""
"Yak","","","","","","","","","","","","","","","","","","","0.06","","0.05","","0.03","","0.12","0.08","0.02","0.04","0.00","0.02","","",""
"YellowViper (P)","","","","","","","","","","","","","","","","","","","","","","","","","","","","","","","","2.38",""
"Yippa","","","","","","","","","","","","","","","","","","","","","","","","","","","","","","","","0.42","0.55"
"YorkshireTerrier","","","","","","","","","","","","","","","","","","","","","","","","","","","","","","","","",""
"Zarander","","","","","","","","","","","","","","","","","","","","","","","","","","","","","","","","0.42","0.55"
"ZDuck_ArcticRazorbill (P)","","","","","","","0.02","","0.03","0.03","","","","","0.02","","","","0.08","","0.07","","0.02","","0.09","0.08","","","","","","",""
"ZDuck_Bufflehead","","","","","","","0.01","","0.03","0.03","","0.13","","","0.04","","0.10","","0.12","","1.00","","0.37","0.19","0.19","","0.19","","0.14","","","",""
"ZDuck_Cayuga","","","","","","","","","","","","0.04","","","0.01","0.03","","","0.02","","0.30","0.08","0.19","","0.32","0.30","0.38","","0.43","0.20","","0.06","0.31"
"ZDuck_DesertRazorbill (P)","","","","","","","","0.01","","","0.01","0.04","0.05","","","0.04","0.16","","","","","0.08","","0.03","","","","","","","","0.01",""
"ZDuck_Ducky","","","","","","","","","","","","","0.10","","","0.01","","","","","1.00","0.81","1.00","","","0.55","1.01","","0.14","0.06","","0.05","1.53"
"ZDuck_EiderPintail","","","","","","","0.01","","0.02","0.03","","","","","0.19","","","","0.64","","0.16","","0.06","","0.47","","","","","","","",""
"ZDuck_GreaterMallard","","","","","","","","","","0.01","","","","","","","","","","","0.23","","0.14","0.09","0.17","0.33","0.12","","","","","0.01",""
"ZDuck_Quackodile (P)","","","","","","","","","","","","","0.01","","","0.02","","","","","","","","","0.01","","0.02","","0.10","0.07","","0.18","0.23"
"ZDuck_RudderDuck","","","","","","","","","","","","","","","","0.26","","","","","","0.27","","0.02","","","0.00","","0.72","0.03","","0.40","0.77"
"Zebra","","","","","","","","","","","","","","","","","","","","","","","","","","","","","","","","",""
"ZebraFinch","","","","","","","","","","","","","","","","0.25","","","","","0.05","0.20","","0.39","","","0.06","0.26","0.07","0.10","","",""
"ZebuCow","","","","","","","","","","","","","","","","","","","","","","","","","","","","","","","","0.32",""
"ZEle_Appo","","","","","","","","0.00","","","0.00","0.01","","","","0.01","0.01","","","","","0.00","","0.02","","","","","0.01","","","0.01","0.00"
"ZEle_AsianElephant","","","","","","","","","","","","","","","","0.01","0.00","","","","","0.01","","0.00","","","0.00","","0.00","0.01","","0.03","0.06"
"ZEle_BorneoPygmy","","","","","","","","0.00","","","0.00","0.01","0.01","","","0.00","0.01","","","","","0.01","","0.01","","","","","0.01","","","0.00","0.00"
"ZEle_Kallana","","","","","","","","","","","","","","","","0.00","","","","","0.00","0.00","","","","","","","0.02","","","0.00","0.00"
"ZEle_Skelephant (P)","","","","","","","0.00","0.00","0.00","0.00","0.00","0.00","0.00","","0.00","","","","0.00","","","","0.00","0.00","0.00","","","","","","","",""
"ZGF_BeechMart (P)","","","","","","","","","","","","","","","0.05","","","","","","","","0.12","","","","0.11","","","0.06","","",""
"ZGF_Boommarten","","","","","","","","","","","","","","","","","","","","","","","","","","","","","","","","",""
"ZGF_JapaneseMart (P)","","","","","","","","","","","","","","","","","","","","","","","0.15","","","","0.10","","","0.05","","",""
"ZGF_MegaMart","","","","","","","","","","","","","","","0.01","","","","","","","","0.02","","","","0.01","","","0.01","","0.02",""
"ZGF_NilgiriMart (P)","","","","","","","","","","","","","","","","","","","","","","","","","","","0.03","","","","","0.24","0.18"
"ZGF_PineMart (P)","","","","","","","","","","","","","","","","","","","","","","","0.09","","","","0.13","","","0.03","","",""
"ZGF_RimMart (P)","","","","","","","","","","","","","","","0.02","","","","","","","","0.08","","","","0.08","","","0.04","","0.12",""
"ZGF_Sable (P)","","","","","","","","","","","","","","","0.03","","","","","","","","0.09","","","","0.06","","","","","",""
"ZGF_YellowMart (P)","","","","","","","","","","","","","","","","","","","","","","","","","","","0.07","","","0.03","","0.22","0.10"
"ZPT_CarolinaParakeet","","","","","","","","","","","","","","","","","","","","","","","","","","","","","0.29","0.15","","","0.23"
"ZPT_Eclectus","","","","","","","","","","","","","","","","0.16","0.02","","","","","0.13","","0.02","","","0.01","","0.24","0.02","","0.30","0.20"
"ZPT_Hyacinth","","","","","","","","","","","","","","","","0.04","","","","","","0.02","","","","","0.01","","0.08","0.02","","0.07","0.06"
"ZPT_Kea (P)","","","","","","","","","","0.01","","","0.01","","0.01","","","","0.04","","0.07","","0.04","","0.04","0.04","0.01","","","","","",""
"ZPT_LilacMegakeet","","","","","","","","","","","","","","","0.02","","","","0.06","","0.15","","0.09","","","","0.01","","","","","",""
"ZPT_QuakerParrot","","","","","","","","","","","","0.02","0.03","","","0.13","0.05","","","","","0.08","","0.10","","","0.01","","","","","",""
"ZPT_RingneckedParakeet","","","","","","","","","","","","","","","0.00","0.04","0.03","","0.01","","0.08","0.04","0.05","0.03","0.06","0.06","0.25","","0.29","0.30","","0.08","0.08"
"ZPT_RubyMegakeet","","","","","","","","","","","","","","","","0.11","","","","","","0.15","","","","","0.06","","0.39","0.18","","0.43","0.28"
"ZPT_SunConure","","","","","","","","","","","","","0.02","","","0.13","0.03","","","","","0.02","","0.05","","","","","0.29","","","0.24","0.31"
"ZTT_GiantStarTortoise (P)","","","","","","","","","","","","","","","","","","","","","","","","","","","","","0.10","","","0.08","0.05"
"ZTT_MudTurtle","","","","","","","","","","","","","","","","","","","","","","","","","","","","","1.28","0.88","","1.06","1.37"
"ZTT_PaintedSnapvine","","","","","","","","","","","","","","","","0.45","","","","","0.36","","0.22","","","","0.45","","0.26","0.35","","0.21",""
"ZTT_Plasturtle","","","","","","","","","","0.01","","","","","0.02","0.01","","","0.06","","0.08","","0.05","","0.04","0.04","0.01","","","","","",""
"ZTT_SandshellTurtle","","","","","","","","0.01","","","0.03","0.14","0.11","","","","0.35","","","","","0.27","","0.32","","","","","","","","",""
"ZTT_Steelshell","","","","","","","","0.00","","","0.00","","0.01","","0.02","0.01","","","0.07","","0.03","","0.02","","0.07","0.07","0.01","","","","","",""
"ZTT_Toughback","","","","","","","","","","","","","","","","0.12","0.04","","","","0.06","0.03","0.04","0.04","","","0.12","","","0.12","","",""
"ZTT_WiggleneckTurtle","","","","","","","","","","","","","","","","0.05","","","","","","","","","","","0.05","","0.05","0.33","","0.04","0.26"
