"devNote","","trainability","hunger rate adult","eaten nutriton yearly","gestation days raw","litter size average","gestation days each","herbivore","grass to maintain","value output per nutrition","body size","filth","adult age days","nutrition to adulthood","adult meat amount","adult meat nutrition","adult meat nutrition per input nutrition","slaughter value","slaughter value /input nutrition","slaughter value /growth year","eggs yearly","egg value","egg value yearly","egg nutrition","egg nutrition yearly","milk yearly","milk value","milk value yearly","milk nutrition yearly","wool yearly","wool value","wool value yearly","temp min","temp max","temp width","move speed","wildness","roam MTB days","petness","nuzzle MTB hours","baby size","nutrition to gestate","baby meat nutrition","baby meat nutrition per input nutrition","should eat babies"
"","Dryad_Basic","None","1.00","96.0","-1.0","1.0","-1.0","","","0 €","0.67","1","0.0","-1.00","4","0.19","-0.187","5.98 €","-5.98 €","Infinity €","","","","","","","","","","","","","-50","50","100","3","0%","","","12","0.67","-1.00","0.19","-0.19",""
"","Dryad_Woodmaker","None","1.00","96.0","-1.0","1.0","-1.0","","","0 €","0.67","1","0.0","-1.00","4","0.19","-0.187","5.98 €","-5.98 €","Infinity €","","","","","","","","","","","","","-50","50","100","3","0%","","","12","0.67","-1.00","0.19","-0.19",""
"","Dryad_Berrymaker","None","1.00","96.0","-1.0","1.0","-1.0","","","0 €","0.67","1","0.0","-1.00","4","0.19","-0.187","5.98 €","-5.98 €","Infinity €","","","","","","","","","","","","","-50","50","100","3","0%","","","12","0.67","-1.00","0.19","-0.19",""
"","Dryad_Medicinemaker","None","1.00","96.0","-1.0","1.0","-1.0","","","0 €","0.67","1","0.0","-1.00","4","0.19","-0.187","5.98 €","-5.98 €","Infinity €","","","","","","","","","","","","","-50","50","100","3","0%","","","12","0.67","-1.00","0.19","-0.19",""
"","Dryad_Gaumaker","None","1.00","96.0","-1.0","1.0","-1.0","","","0 €","0.67","1","0.0","-1.00","4","0.19","-0.187","5.98 €","-5.98 €","Infinity €","","","","","","","","","","","","","-50","50","100","3","0%","","","12","0.67","-1.00","0.19","-0.19",""
"","Dryad_Carrier","Advanced","1.00","96.0","-1.0","1.0","-1.0","","","0 €","0.67","1","0.0","-1.00","4","0.19","-0.187","5.98 €","-5.98 €","Infinity €","","","","","","","","","","","","","-50","50","100","2.4","0%","","","12","0.67","-1.00","0.19","-0.19",""
"","Dryad_Clawer","Intermediate","1.00","96.0","-1.0","1.0","-1.0","","","0 €","0.67","1","0.0","-1.00","4","0.19","-0.187","5.98 €","-5.98 €","Infinity €","","","","","","","","","","","","","-50","50","100","4","0%","","","12","0.67","-1.00","0.19","-0.19",""
"","Dryad_Barkskin","Intermediate","1.00","96.0","-1.0","1.0","-1.0","","","0 €","0.65","1","0.0","-1.00","4","0.18","-0.182","5.82 €","-5.82 €","Infinity €","","","","","","","","","","","","","-50","50","100","3.2","0%","","","12","0.65","-1.00","0.18","-0.18",""
"","Sightstealer","None","1.00","96.0","-1.0","1.0","-1.0","","","0 €","0.80","1","0.0","-1.00","56","2.80","-2.800","100 €","-100.00 €","Infinity €","","","","","","","","","","","","","-40","60","100","4.83","0%","","","","0.80","-1.00","2.80","-2.80",""
"","Noctol","None","1.00","96.0","-1.0","1.0","-1.0","","","0 €","1.00","1","0.0","-1.00","70","3.50","-3.500","116 €","-116.00 €","Infinity €","","","","","","","","","","","","","-40","60","100","8","0%","","","","1.00","-1.00","3.50","-3.50",""
"","Gorehulk","None","1.00","96.0","-1.0","1.0","-1.0","","","0 €","2.00","1","0.0","-1.00","140","7.00","-7.000","224 €","-224.00 €","Infinity €","","","","","","","","","","","","","-40","60","100","3.25","0%","","","","2.00","-1.00","7.00","-7.00",""
"","Devourer","None","1.00","96.0","-1.0","1.0","-1.0","","","0 €","4.00","1","0.0","-1.00","280","14.00","-14.000","392 €","-392.00 €","Infinity €","","","","","","","","","","","","","-40","60","100","3.5","0%","","","","4.00","-1.00","14.00","-14.00",""
"","Chimera","None","1.00","96.0","-1.0","1.0","-1.0","","","0 €","2.15","1","0.0","-1.00","151","7.53","-7.525","211 €","-210.70 €","Infinity €","","","","","","","","","","","","","-40","60","100","3.6","0%","","","","2.15","-1.00","7.53","-7.53",""
"","Bulbfreak","None","1.00","96.0","-1.0","1.0","-1.0","","","0 €","3.50","1","0.0","-1.00","245","12.25","-12.250","98 €","-98.00 €","Infinity €","","","","","","","","","","","","","-40","60","100","3.8","0%","","","","3.50","-1.00","12.25","-12.25",""
"","Toughspike","None","1.00","96.0","-1.0","1.0","-1.0","","","0 €","1.00","1","0.0","-1.00","70","3.50","-3.500","28 €","-28.00 €","Infinity €","","","","","","","","","","","","","-40","60","100","4.3","0%","","","","1.00","-1.00","3.50","-3.50",""
"","Trispike","None","1.00","96.0","-1.0","1.0","-1.0","","","0 €","1.00","1","0.0","-1.00","70","3.50","-3.500","28 €","-28.00 €","Infinity €","","","","","","","","","","","","","-40","60","100","4.3","0%","","","","1.00","-1.00","3.50","-3.50",""
"","Fingerspike","None","1.00","96.0","-1.0","1.0","-1.0","","","0 €","0.60","1","0.0","-1.00","42","2.10","-2.100","17 €","-16.80 €","Infinity €","","","","","","","","","","","","","-40","60","100","5.1","0%","","","","0.60","-1.00","2.10","-2.10",""
"","Dreadmeld","None","1.00","96.0","-1.0","1.0","-1.0","","","0 €","5.00","1","0.0","-1.00","350","17.50","-17.500","140 €","-140.00 €","Infinity €","","","","","","","","","","","","","-40","60","100","1.5","0%","","","","5.00","-1.00","17.50","-17.50",""
"","BogHound","Intermediate","0.18","17.3","10.0","1.9","5.2","","","0 €","0.85","1","30.0","5.65","119","5.95","1.052","261 €","46 €","523 €","","","","","","","","","","","","","-30","40","70","5","50%","","","42","0.17","0.93","1.19","1.28","B"
"","MonitorLizard","None","0.20","19.2","6.0","1.0","6.0","","","4.69 €","0.60","1","13.3","3.57","84","4.20","1.178","193 €","54 €","871 €","10.0","9.00 €","90 €","0.5","5.0","","","","","","","","0","60","60","3.6","50%","","15%","42","0.12","1.20","0.84","0.70",""
"","PrairieDog","None","0.10","9.6","5.7","1.6","3.5","He","1","0 €","0.20","1","13.3","1.53","31","1.55","1.015","81 €","53 €","363 €","","","","","","","","","","","","","-30","40","70","3.8","50%","","","42","0.04","0.35","0.31","0.89",""
"","Porcupine","None","0.15","14.4","5.7","1.6","3.5","He","1","0 €","0.35","1","13.3","2.30","49","2.45","1.067","118 €","51 €","530 €","","","","","","","","","","","","","-30","40","70","3","75%","","","57","0.07","0.52","0.49","0.94",""
"","Mastodon","Advanced","1.80","172.8","14.0","1.0","14.0","He","17","9.38 €","4.50","24","40.0","89.03","630","31.50","0.354","1548 €","17 €","2324 €","","","","","","","","","","600","2.70 €","1620 €","-55","40","95","4.7","75%","","","57","0.90","25.20","6.30","0.25",""
"","Wolverine","None","0.23","22.1","8.0","1.5","5.3","","","0 €","0.70","4","13.3","3.95","98","4.90","1.241","216 €","55 €","971 €","","","","","","","","","","","","","-50","40","90","4.6","95%","","","69","0.14","1.23","0.98","0.80",""
"","Moose","None","0.54","51.4","6.7","1.0","6.7","He","5","0 €","2.50","16","20.0","12.66","350","17.50","1.383","770 €","61 €","2310 €","","","","","","","","","","","","","-65","40","105","4.7","75%","2.0","","57","0.50","3.56","3.50","0.98",""
"","AlphaThrumbo","Advanced","1.75","168.0","20.0","1.0","20.0","He","17","0 €","5.00","8","79.9","155.17","700","35.00","0.226","5120 €","33 €","3844 €","","","","","","","","","","","","","-65","50","115","6","99%","","","71","1.00","35.00","7.00","0.20",""
"","Muskox","None","0.54","51.4","6.7","1.0","6.7","He","5","25 €","2.50","16","20.0","12.66","350","17.50","1.383","770 €","61 €","2310 €","","","","","","","","","","480","2.70 €","1296 €","-65","40","105","4.3","75%","2.0","","57","0.50","3.56","3.50","0.98",""
"","Mink","None","0.10","9.6","5.7","1.4","4.0","","","22 €","0.35","1","13.3","1.56","49","2.45","1.566","186 €","119 €","837 €","","","","","","","","","","48","4.30 €","206 €","-45","40","85","4.6","75%","","","57","0.07","0.40","0.49","1.24",""
"","Gorilla","Advanced","0.54","51.8","6.7","1.0","6.7","He","5","0 €","2.00","4","16.0","10.59","280","14.00","1.321","712 €","67 €","2677 €","","","","","","","","","","","","","-10","50","60","4.7","60%","","","48","0.40","3.60","2.80","0.78",""
"","Badger","None","0.20","19.2","5.7","1.6","3.5","He","2","0 €","0.60","1","13.3","3.06","84","4.20","1.372","188 €","61 €","845 €","","","","","","","","","","","","","-35","40","75","3.8","80%","","","60","0.12","0.70","0.84","1.21",""
"","Panda","Intermediate","0.20","19.2","10.0","1.0","10.0","He","2","0 €","1.50","2","30.0","7.40","210","10.50","1.419","540 €","73 €","1080 €","","","","","","","","","","","","","-10","50","60","3.2","40%","","","36","0.30","2.00","2.10","1.05",""
"","Hippo","None","1.00","96.0","13.3","1.0","13.3","He","10","0 €","2.80","20","33.0","41.82","392","19.60","0.469","1042 €","25 €","1894 €","","","","","","","","","","","","","-8","40","48","4.2","90%","","","66","0.56","13.32","3.92","0.29",""
"","Megavole","Intermediate","0.50","48.0","5.7","1.6","3.5","He","5","0 €","0.80","2","13.3","7.66","112","5.60","0.732","244 €","32 €","1098 €","","","","","","","","","","","","","-15","40","55","3.2","40%","","5%","36","0.16","1.74","1.12","0.64",""
"","Alligator","None","0.30","28.8","12.0","1.5","8.0","","","4.43 €","1.50","1","13.3","5.95","210","10.50","1.765","462 €","78 €","2079 €","7.5","17 €","128 €","1.3","9.4","","","","","","","","-10","60","70","2.8","90%","","","66","0.30","2.40","2.10","0.88",""
"","Bullfrog","None","0.10","9.6","63.0","8.9","7.1","He","1","0 €","0.19","1","120.0","12.26","30","1.50","0.123","78 €","6.39 €","39 €","","","","","","","","","","","","","3","38","35","3","50%","3.0","5%","42","0.04","0.71","0.30","0.42","B"
"","ColossusToad","Intermediate","0.20","19.2","5.7","1.0","5.7","He","2","0 €","0.80","1","13.3","3.50","112","5.60","1.601","244 €","70 €","1098 €","","","","","","","","","","","","","-10","50","60","3.2","25%","","","27","0.16","1.13","1.12","0.99",""
"","LavaSnail","None","0.20","19.2","6.7","1.7","3.9","He","2","0 €","0.90","1","13.3","3.14","126","6.30","2.006","202 €","64 €","907 €","","","","","","","","","","","","","0","70","70","0.85","25%","7.0","","27","0.18","0.77","1.26","1.63",""
"","Sparrow","None","0.08","7.7","3.0","1.0","3.0","He","1","18 €","0.12","1","12.0","1.06","23","1.14","1.078","36 €","34 €","182 €","20.0","7.00 €","140 €","0.1","2.0","","","","","","","","-15","40","55","3.1","60%","","","48","0.01","0.24","0.11","0.47",""
"","Crow","Intermediate","0.08","7.7","3.0","1.0","3.0","","","18 €","0.15","1","12.0","1.06","26","1.29","1.226","41 €","39 €","207 €","20.0","7.00 €","140 €","0.1","2.5","","","","","","","","-10","40","50","3.1","25%","","15%","27","0.02","0.24","0.13","0.54",""
"","Bluebird","None","0.08","7.7","3.0","1.0","3.0","He","1","18 €","0.15","1","12.0","1.06","26","1.29","1.226","41 €","39 €","207 €","20.0","7.00 €","140 €","0.1","2.5","","","","","","","","-10","40","50","3.1","60%","","","48","0.02","0.24","0.13","0.54",""
"","Quail","None","0.12","11.5","1.3","1.0","1.3","He","1","27 €","0.25","1","12.0","1.38","36","1.81","1.311","116 €","84 €","581 €","45.0","7.00 €","315 €","0.2","9.4","","","","","","","","-10","40","50","3.1","60%","7.0","","48","0.03","0.16","0.18","1.13",""
"","Macaw","Advanced","0.12","11.5","8.0","1.0","8.0","He","1","4.56 €","0.35","1","30.0","4.34","49","2.45","0.564","78 €","18 €","157 €","7.5","7.00 €","53 €","0.3","2.2","","","","","","","","-10","50","60","3.1","25%","","20%","27","0.04","0.96","0.25","0.26",""
"","Walrus","None","0.54","51.8","6.7","1.3","5.3","","","0 €","2.00","16","20.0","12.87","280","14.00","1.088","768 €","60 €","2304 €","","","","","","","","","","","","","-55","40","95","2.3","75%","","","57","0.40","2.88","2.80","0.97",""
"","SeaLion","Advanced","0.30","28.8","5.7","1.3","4.5","","","0 €","1.20","8","20.0","6.91","168","8.40","1.216","461 €","67 €","1383 €","","","","","","","","","","","","","-40","40","80","2.8","50%","","","42","0.24","1.36","1.68","1.24","B"
"","Seal","Advanced","0.30","28.8","5.7","1.3","4.5","","","0 €","0.80","6","20.0","6.91","112","5.60","0.811","315 €","46 €","946 €","","","","","","","","","","","","","-20","40","60","2.6","50%","","","42","0.16","1.36","1.12","0.82","B"
"","HermitCrab","None","0.08","7.9","5.7","1.8","3.2","He","1","0 €","0.20","1","13.3","1.18","31","1.55","1.316","50 €","42 €","224 €","","","","","","","","","","","","","0","60","60","2","75%","","","57","0.04","0.27","0.31","1.16",""
"","StoneCrab","None","0.12","11.5","5.7","1.8","3.2","He","1","0 €","0.30","1","13.3","1.72","42","2.10","1.222","67 €","39 €","302 €","","","","","","","","","","","","","0","60","60","2.2","75%","","","57","0.06","0.39","0.42","1.08",""
"","SeaTurtle","None","0.10","9.6","6.7","2.0","3.3","He","1","17 €","0.50","1","13.3","1.44","70","3.50","2.429","165 €","114 €","742 €","18.0","9.00 €","162 €","0.4","7.5","","","","","","","","0","50","50","1.5","75%","","","57","0.10","0.33","0.70","2.10",""
"","Otter","Intermediate","0.15","14.4","5.7","1.6","3.5","He","1","0 €","0.40","1","13.3","2.30","56","2.80","1.219","132 €","57 €","593 €","","","","","","","","","","","","","-30","40","70","3.5","50%","","","42","0.08","0.52","0.56","1.07",""
"","WYD_MamuffaloWood","None","1.00","96.0","38.0","1.2","32.6","He","10","15 €","2.58","1","150.0","170.57","361","18.06","0.106","815 €","4.78 €","326 €","","","","","","330.0","1.90 €","627 €","16.5","300","2.70 €","810 €","-35","25","60","3.8","65%","2.0","","51","0.52","32.57","3.61","0.11","B"
"","WYD_MamuffaloSnow","None","1.00","96.0","40.0","1.2","34.3","He","10","15 €","3.29","1","156.0","176.79","461","23.03","0.130","1040 €","5.88 €","400 €","","","","","","330.0","1.90 €","627 €","16.5","300","2.70 €","810 €","-55","15","70","3.5","72%","2.0","","55","0.66","34.29","4.61","0.13","B"
"","WYD_MamuffaloLost","None","1.00","96.0","37.0","1.2","31.7","He","10","15 €","2.58","1","144.0","164.46","361","18.06","0.110","815 €","4.96 €","340 €","","","","","","330.0","1.90 €","627 €","16.5","300","2.70 €","810 €","-42","27","69","3.7","58%","2.0","","47","0.52","31.71","3.61","0.11","B"
"","ACPUnicorn","Advanced","0.80","76.8","40.0","1.0","40.0","He","8","0 €","2.00","1","240.0","212.00","280","14.00","0.066","280 €","1.32 €","70 €","","","","","","","","","","","","","-35","40","75","8.5","95%","","30%","69","0.40","32.00","2.80","0.09","B"
"","Coldwarg","Advanced","0.25","24.0","26.0","1.7","15.1","","","0 €","1.40","1","27.0","9.78","196","9.80","1.002","493 €","50 €","1095 €","","","","","","","","","","","","","-40","40","80","5","65%","","50%","51","0.28","3.78","1.96","0.52",""
"","FancyRat","Intermediate","0.20","19.2","12.0","1.6","7.4","He","2","0 €","0.15","1","18.0","4.86","26","1.29","0.266","69 €","14 €","231 €","","","","","","","","","","","","","-30","40","70","4","40%","","100%","36","0.03","1.47","0.26","0.18",""
"","DireRat","Intermediate","0.20","19.2","30.0","1.6","18.4","He","2","0 €","0.85","1","18.0","7.08","119","5.95","0.841","265 €","37 €","883 €","","","","","","","","","","","","","-25","40","65","4.5","75%","","100%","57","0.17","3.69","1.19","0.32",""
"","GiantRakali","Advanced","0.50","48.0","30.0","1.6","18.4","He","5","0 €","3.00","1","18.0","17.69","420","21.00","1.187","1272 €","72 €","4240 €","","","","","","","","","","","","","-35","40","75","7","70%","","","54","0.60","9.22","4.20","0.46",""
"","KangarooRat","Intermediate","0.12","11.5","12.0","1.6","7.4","He","1","0 €","0.65","1","18.0","2.92","91","4.55","1.559","202 €","69 €","673 €","","","","","","","","","","","","","-25","40","65","5.5","40%","","","36","0.13","0.88","0.91","1.03",""
"","PackRat","Advanced","0.50","48.0","30.0","1.6","18.4","He","5","0 €","1.95","1","18.0","17.69","273","13.65","0.772","601 €","34 €","2002 €","","","","","","","","","","","","","-35","40","75","8","60%","","","48","0.39","9.22","2.73","0.30",""
"","Packaroo","Advanced","0.50","48.0","30.0","1.6","18.4","He","5","0 €","1.80","1","18.0","17.69","252","12.60","0.712","554 €","31 €","1848 €","","","","","","","","","","","","","-25","40","65","7.5","60%","","","48","0.36","9.22","2.52","0.27",""
"","ScourgeRat","Advanced","0.50","48.0","30.0","1.6","18.4","He","5","0 €","1.55","1","18.0","17.69","217","10.85","0.613","477 €","27 €","1591 €","","","","","","","","","","","","","-45","55","100","7.5","75%","","","57","0.31","9.22","2.17","0.24",""
"","ThorntailMouse","Advanced","0.50","48.0","35.0","1.6","21.5","He","5","0 €","1.60","1","18.0","19.23","224","11.20","0.583","691 €","36 €","2304 €","","","","","","","","","","","","","-25","40","65","7.5","60%","","","48","0.32","10.75","2.24","0.21",""
"","SnowRat","Intermediate","0.20","19.2","12.0","1.6","7.4","He","2","13 €","0.25","1","18.0","4.86","36","1.81","0.373","92 €","19 €","306 €","","","","","","","","","","90","2.70 €","243 €","-55","40","95","4.5","40%","","100%","36","0.05","1.47","0.36","0.25",""
"","AA_AcanthamoebaGiganteaSmall","None","0.50","48.0","-1.0","1.0","-1.0","He","5","0 €","0.20","0","0.0","-0.50","0","0.00","0.000","0 €","0 €","NaN €","","","","","","","","","","","","","-10","65","75","1.5","42%","","","37","0.20","-0.50","0.00","0.00",""
"","AA_AcanthamoebaGiganteaLarge","None","0.50","48.0","-1.0","1.0","-1.0","He","5","0 €","0.80","0","0.0","-0.50","0","0.00","0.000","0 €","0 €","NaN €","","","","","","","","","","","","","-10","65","75","1.75","42%","","","37","0.80","-0.50","0.00","0.00",""
"","AA_AcanthamoebaGiganteaHuge","None","0.50","48.0","-1.0","1.0","-1.0","He","5","0 €","1.50","0","0.0","-0.50","0","0.00","0.000","0 €","0 €","NaN €","","","","","","","","","","","","","-10","65","75","2","42%","","","37","1.50","-0.50","0.00","0.00",""
"","AA_Aerofleet","None","0.10","9.6","-1.0","1.0","-1.0","He","1","0 €","0.20","1","13.3","1.08","31","1.55","1.435","98 €","91 €","443 €","","","","","","","","","","","","","-25","30","55","2.84","60%","","","48","0.04","-0.10","0.31","-3.11",""
"","AA_ColossalAerofleet","None","1.50","144.0","-1.0","1.0","-1.0","He","14","0 €","2.00","1","0.0","-1.50","280","14.00","-9.333","688 €","-458.67 €","Infinity €","","","","","","","","","","","","","-25","30","55","2.84","80%","","","60","2.00","-1.50","14.00","-9.33",""
"","AA_Agaripawn","Intermediate","0.20","19.2","-1.0","1.0","-1.0","He","2","0 €","1.40","8","30.0","5.05","196","9.80","1.941","284 €","56 €","568 €","","","","","","","","","","","","","-15","40","55","4","75%","","","57","0.28","-0.20","1.96","-9.80",""
"","AA_Agaripod","Intermediate","0.33","31.7","-1.0","1.0","-1.0","He","3","0 €","4.00","16","30.0","8.33","560","28.00","3.360","812 €","97 €","1624 €","","","","","","","","","","","","","-15","40","55","2.5","90%","","","66","0.80","-0.33","5.60","-16.97",""
"","AA_AngelMothLarva","None","0.10","9.6","-1.0","1.0","-1.0","He","1","0 €","0.10","1","0.0","-0.10","0","0.00","0.000","34 €","-336.00 €","Infinity €","","","","","","","","","","","","","-10","40","50","2","70%","","","54","0.10","-0.10","0.00","0.00",""
"","AA_AngelMoth","Intermediate","1.00","96.0","12.0","3.5","3.4","He","10","0.09 €","0.75","1","0.0","3.43","105","5.25","1.531","140 €","41 €","Infinity €","17.5","0.50 €","8.75 €","0.6","10.9","","","","","","","","-20","40","60","3","65%","","","51","0.75","3.43","5.25","1.53",""
"","AA_AnimaColossus","Intermediate","0.40","38.4","15.0","1.0","15.0","He","4","0 €","6.00","16","30.0","16.50","180","9.00","0.545","666 €","40 €","1332 €","","","","","","","","","","","","","-30","40","70","2","91%","","","67","1.20","6.00","1.80","0.30",""
"","AA_Animalisk","Advanced","0.10","9.6","5.0","1.5","3.3","He","1","17 €","1.00","4","30.0","2.97","140","7.00","2.354","176 €","59 €","352 €","18.0","9.00 €","162 €","0.8","15.0","","","","","","","","-12","60","72","4","90%","","","66","0.20","0.33","1.40","4.20","B"
"","AA_AnimusVox","Advanced","0.20","19.2","10.0","1.7","5.8","","","0 €","0.65","1","20.0","4.86","91","4.55","0.936","249 €","51 €","748 €","","","","","","","","","","","","","-25","40","65","4.6","50%","","50%","42","0.13","1.16","0.91","0.78",""
"","AA_ArcticLion","Advanced","0.30","28.8","10.0","1.0","10.0","","","5.28 €","2.00","2","30.0","10.88","280","14.00","1.287","752 €","69 €","1504 €","","","","","","","","","","40","3.80 €","152 €","-70","10","80","6","90%","","","66","0.40","3.00","2.80","0.93",""
"","AA_LarvalAtispec","None","0.16","15.4","-1.0","1.0","-1.0","He","2","0 €","0.10","1","0.0","-0.16","0","0.00","0.000","34 €","-210.00 €","Infinity €","","","","","","","","","","","","","-10","40","50","2","80%","","","60","0.10","-0.16","0.00","0.00",""
"","AA_Atispec","Advanced","1.00","96.0","15.0","3.5","4.3","","","0.07 €","7.00","2","0.0","4.29","980","49.00","11.433","2408 €","562 €","Infinity €","14.0","0.50 €","7.00 €","2.0","28.0","","","","","","","","-20","40","60","3","80%","","","60","7.00","4.29","49.00","11.43",""
"","AA_AuroraSylph","Intermediate","0.10","9.6","-1.0","1.0","-1.0","He","1","0 €","0.50","1","0.0","-0.10","70","3.50","-35.000","103 €","-1034.29 €","Infinity €","","","","","","","","","","","","","-300","2000","2300","2","80%","","","60","0.50","-0.10","3.50","-35.00",""
"","AA_Barbslinger","Intermediate","1.00","96.0","10.0","1.9","5.2","","","0 €","2.50","2","20.0","22.91","350","17.50","0.764","440 €","19 €","1320 €","","","","","","","","","","","","","-2","60","62","4","90%","","","66","0.50","5.16","3.50","0.68",""
"","AA_BedBug","None","0.25","24.0","6.0","2.0","3.0","","","7.50 €","0.50","1","13.3","3.90","70","3.50","0.898","103 €","27 €","465 €","20.0","9.00 €","180 €","0.4","8.3","","","","","","","","-70","40","110","3","75%","","","57","0.10","0.75","0.70","0.93","B"
"","AA_Behemoth","Advanced","0.30","28.8","45.0","1.0","45.0","He","3","0 €","8.00","1","60.0","30.15","2000","100.00","3.317","5680 €","188 €","5680 €","","","","","","","","","","","","","-50","100","150","4","99%","","","71","1.60","13.50","20.00","1.48",""
"","AA_BlackScarab","None","0.10","9.6","-1.0","1.0","-1.0","","","0 €","0.30","1","24.0","2.26","42","2.10","0.931","97 €","43 €","244 €","","","","","","","","","","","","","-30","75","105","4.5","95%","","","69","0.06","-0.10","0.42","-4.20",""
"","AA_BlackSpelopede","Intermediate","0.25","24.0","12.0","1.0","12.0","","","0 €","1.00","1","12.0","5.89","140","7.00","1.189","224 €","38 €","1120 €","","","","","","","","","","","","","-25","75","100","4","95%","","","69","0.20","3.00","1.40","0.47",""
"","AA_BlackSpider","Advanced","0.35","33.6","12.0","1.0","12.0","","","0 €","1.50","1","12.0","8.24","210","10.50","1.274","336 €","41 €","1680 €","","","","","","","","","","","","","-40","75","115","5","100%","","","72","0.30","4.20","2.10","0.50",""
"","AA_Blizzarisk","Advanced","0.30","28.8","6.0","2.0","3.0","","","6.25 €","2.00","4","30.0","8.78","280","14.00","1.595","352 €","40 €","704 €","20.0","9.00 €","180 €","0.8","16.7","","","","","","","","-70","10","80","5.2","98%","","","71","0.40","0.90","2.80","3.11","B"
"","AA_BlizzariskClutchMother","Advanced","1.80","172.8","1.0","2.0","0.5","","","6.25 €","3.00","16","0.0","0.90","420","21.00","23.333","528 €","587 €","Infinity €","120.0","9.00 €","1080 €","2.0","240.0","","","","","","","","-70","0","70","3","100%","","","72","3.00","0.90","21.00","23.33",""
"","AA_BloodShrimp","Intermediate","0.40","38.4","10.0","1.9","5.2","","","0 €","1.00","4","30.0","12.57","140","7.00","0.557","392 €","31 €","784 €","","","","","","","","","","","","","0","55","55","5.5","80%","","","60","0.20","2.07","1.40","0.68","B"
"","AA_Bobeene","None","0.30","28.8","8.0","1.0","8.0","He","3","40 €","2.10","16","20.0","7.50","294","14.70","1.960","647 €","86 €","1941 €","","","","","","600.0","1.90 €","1140 €","30.0","","","","-10","40","50","2.7","30%","2.0","","30","0.42","2.40","2.94","1.23",""
"","AA_BoulderMit","None","0.05","4.8","30.0","1.0","30.0","He","0","0 €","4.00","12","30.0","2.81","40","2.00","0.711","64 €","23 €","128 €","","","","","","","","","","","","","-65","40","105","1","70%","","","54","0.80","1.50","0.40","0.27",""
"","AA_SummitCrab","None","0.01","1.0","120.0","1.0","120.0","He","0","0 €","15.00","1","150.0","2.55","150","7.50","2.941","240 €","94 €","96 €","","","","","","","","","","","","","-65","40","105","1","100%","","","72","3.00","1.20","1.50","1.25",""
"","AA_Bumbledrone","Intermediate","0.30","28.8","-1.0","1.0","-1.0","He","3","0 €","0.79","1","13.2","3.21","111","5.53","1.723","146 €","45 €","661 €","","","","","","","","","","","","","-25","40","65","5","80%","","","60","0.16","-0.30","1.11","-3.69",""
"","AA_BumbledroneHierophant","Intermediate","0.10","9.6","-1.0","1.0","-1.0","He","1","0 €","0.79","1","30.0","2.60","111","5.53","2.127","146 €","56 €","291 €","","","","","","","","","","","","","-25","40","65","4","80%","","","60","0.16","-0.10","1.11","-11.06",""
"","AA_BumbledroneQueen","Advanced","0.40","38.4","5.0","2.0","2.5","He","4","3.75 €","0.79","1","30.0","11.80","111","5.53","0.469","146 €","12 €","291 €","24.0","6.00 €","144 €","0.7","15.8","","","","","","","","-25","40","65","4","80%","","","60","0.16","1.00","1.11","1.11","B"
"","AA_Cactipine","Intermediate","0.20","19.2","5.7","1.9","2.9","","","0 €","0.50","1","13.3","2.95","70","3.50","1.186","173 €","58 €","777 €","","","","","","","","","","","","","-5","70","75","4.5","75%","","","57","0.10","0.58","0.70","1.20","B"
"","AA_ChameleonYak","None","0.54","51.4","6.7","1.0","6.7","He","5","13 €","2.50","16","20.0","12.66","350","17.50","1.383","790 €","62 €","2370 €","","","","","","360.0","1.90 €","684 €","18.0","","","","-10","35","45","4","60%","2.0","","48","0.50","3.56","3.50","0.98",""
"","AA_ChemfuelMyrmidon","None","0.35","33.6","9.0","1.0","9.0","","","25 €","1.50","12","20.0","9.10","210","10.50","1.154","264 €","29 €","792 €","","","","","","360.0","2.30 €","828 €","0.0","","","","-15","100","115","3","80%","3.0","","60","0.30","3.15","2.10","0.67",""
"","AA_Cinderlisk","Advanced","0.20","19.2","6.0","2.0","3.0","","","9.38 €","2.50","4","30.0","5.85","350","17.50","2.991","440 €","75 €","880 €","20.0","9.00 €","180 €","0.8","16.7","","","","","","","","10","100","90","5","98%","","","71","0.50","0.60","3.50","5.83","B"
"","AA_CrepuscularBeetle","None","0.30","28.8","10.0","1.5","6.7","He","3","2.81 €","3.00","16","20.0","7.10","420","21.00","2.958","528 €","74 €","1584 €","9.0","9.00 €","81 €","2.0","18.0","","","","","","","","-10","40","50","4","75%","3.0","","57","0.60","2.00","4.20","2.10",""
"","AA_CrescendoAnole","Intermediate","0.20","19.2","5.7","1.0","5.7","He","2","3.86 €","0.30","1","20.0","4.53","42","2.10","0.463","108 €","24 €","323 €","10.6","7.00 €","74 €","0.3","2.6","","","","","","","","0","60","60","3","70%","","5%","54","0.06","1.13","0.42","0.37",""
"","AA_CrystalMit","None","0.10","9.6","10.0","1.0","10.0","He","1","0 €","0.50","1","20.0","2.70","0","0.00","0.000","0 €","0 €","0 €","","","","","","","","","","","","","-65","40","105","1.8","60%","","","48","0.10","1.00","0.00","0.00",""
"","AA_CrystallineCaracal","Advanced","0.30","28.8","10.0","1.0","10.0","","","0 €","0.80","1","30.0","10.88","112","5.60","0.515","281 €","26 €","563 €","","","","","","","","","","","","","-40","300","340","5","75%","","","57","0.16","3.00","1.12","0.37",""
"","AA_DarkVandal","Advanced","0.25","24.0","5.7","1.3","4.5","He","2","0 €","1.20","16","20.0","5.76","168","8.40","1.459","437 €","76 €","1311 €","","","","","","","","","","","","","-23","40","63","4.6","60%","","","48","0.24","1.13","1.68","1.48","B"
"","AA_Darkbeast","Intermediate","0.10","9.6","6.7","1.6","4.2","He","1","0 €","1.50","2","30.0","3.04","210","10.50","3.448","588 €","193 €","1176 €","","","","","","","","","","","","","-80","35","115","4","65%","","","51","0.30","0.42","2.10","5.00","B"
"","AA_DecayDrake","Advanced","0.65","62.4","10.0","1.0","10.0","","","0 €","1.00","4","30.0","23.56","140","7.00","0.297","308 €","13 €","616 €","","","","","","","","","","","","","-10","40","50","4","80%","","","60","0.20","6.50","1.40","0.22",""
"","AA_DesertAve","Advanced","0.55","52.8","6.0","1.0","6.0","He","5","2.84 €","1.00","8","30.0","17.74","140","7.00","0.395","312 €","18 €","624 €","10.0","15 €","150 €","0.9","9.2","","","","","","","","0","75","75","7","75%","","","57","0.20","3.30","1.40","0.42","B"
"","AA_DevilSheep","None","0.23","21.6","20.0","2.0","10.0","He","2","0 €","0.50","8","13.3","4.91","70","3.50","0.713","165 €","34 €","742 €","","","","","","","","","","","","","-70","40","110","3","30%","5.0","","30","0.10","2.25","0.70","0.31",""
"","AA_DrainerLarva","None","0.10","9.6","-1.0","1.0","-1.0","He","1","0 €","0.10","1","0.0","-0.10","0","0.00","0.000","34 €","-336.00 €","Infinity €","","","","","","","","","","","","","-10","40","50","1.2","70%","","","54","0.10","-0.10","0.00","0.00",""
"","AA_Drainer","None","1.00","96.0","6.0","1.5","4.0","He","10","0.08 €","0.50","1","0.0","4.00","70","3.50","0.875","103 €","26 €","Infinity €","15.0","0.50 €","7.50 €","0.6","9.4","","","","","","","","-10","40","50","3","65%","","","51","0.50","4.00","3.50","0.88",""
"","AA_Dunealisk","Advanced","0.30","28.8","6.0","2.0","3.0","","","6.25 €","2.00","4","30.0","8.78","280","14.00","1.595","352 €","40 €","704 €","20.0","9.00 €","180 €","0.8","16.7","","","","","","","","10","100","90","5","98%","","","71","0.40","0.90","2.80","3.11","B"
"","AA_DunealiskClutchMother","Advanced","1.80","172.8","1.0","2.0","0.5","","","6.25 €","3.00","1","0.0","0.90","420","21.00","23.333","528 €","587 €","Infinity €","120.0","9.00 €","1080 €","2.0","240.0","","","","","","","","25","100","75","5","100%","","","72","3.00","0.90","21.00","23.33",""
"","AA_DuskProwler","Intermediate","0.15","14.4","6.0","1.9","3.1","","","0 €","1.50","2","54.0","7.66","210","10.50","1.370","546 €","71 €","607 €","","","","","","","","","","","","","-30","30","60","6","75%","","","57","0.30","0.46","2.10","4.52","B"
"","AA_DuskRat","None","0.20","19.2","5.7","1.6","3.5","He","2","0 €","0.15","1","13.3","3.06","26","1.29","0.423","69 €","23 €","312 €","","","","","","","","","","","","","-30","40","70","4","50%","","","42","0.03","0.70","0.26","0.37",""
"","AA_EmpressButterflyLarva","None","0.10","9.6","-1.0","1.0","-1.0","He","1","0 €","0.10","1","0.0","-0.10","0","0.00","0.000","34 €","-336.00 €","Infinity €","","","","","","","","","","","","","-10","40","50","1.5","60%","","","48","0.10","-0.10","0.00","0.00",""
"","AA_EmpressButterfly","Intermediate","0.25","24.0","12.0","1.5","8.0","He","2","0.16 €","0.75","1","0.0","2.00","105","5.25","2.625","140 €","70 €","Infinity €","7.5","0.50 €","3.75 €","0.6","4.7","","","","","","","","-20","40","60","3","65%","","","51","0.75","2.00","5.25","2.63",""
"","AA_EngorgedTentacularAberration","Intermediate","2.00","192.0","-1.0","1.0","-1.0","","","0 €","6.00","24","0.0","-2.00","0","0.00","0.000","0 €","0 €","NaN €","","","","","","","","","","","","","-70","40","110","1.5","80%","","","60","6.00","-2.00","0.00","0.00",""
"","AA_Erin","Advanced","0.10","9.6","10.0","1.0","10.0","","","0 €","1.00","12","30.0","3.63","140","7.00","1.931","308 €","85 €","616 €","","","","","","","","","","","","","-5","75","80","4","60%","","","48","0.20","1.00","1.40","1.40",""
"","AA_Eyeling","Intermediate","0.10","9.6","-1.0","1.0","-1.0","He","1","0 €","0.40","1","13.3","1.08","0","0.00","0.000","42 €","39 €","190 €","","","","","","","","","","","","","0","60","60","3","20%","","","24","0.08","-0.10","0.00","0.00",""
"","AA_Feralisk","Advanced","0.30","28.8","6.0","2.0","3.0","","","6.25 €","1.00","4","30.0","8.78","140","7.00","0.798","176 €","20 €","352 €","20.0","9.00 €","180 €","0.8","16.7","","","","","","","","-12","60","72","5.5","98%","","","71","0.20","0.90","1.40","1.56","B"
"","AA_FeraliskClutchMother","Advanced","1.80","172.8","1.0","2.0","0.5","","","6.25 €","3.00","1","0.0","0.90","420","21.00","23.333","528 €","587 €","Infinity €","120.0","9.00 €","1080 €","2.0","240.0","","","","","","","","-12","60","72","5.5","100%","","","72","3.00","0.90","21.00","23.33",""
"","AA_FireWasp","None","0.30","28.8","10.0","1.5","6.7","","","2.19 €","0.79","1","30.0","9.88","111","5.53","0.560","146 €","15 €","291 €","9.0","7.00 €","63 €","0.7","5.9","","","","","","","","10","175","165","1.5","70%","","","54","0.16","2.00","1.11","0.55",""
"","AA_FissionMouse","None","0.33","31.7","-1.0","1.0","-1.0","He","3","0 €","0.50","1","13.3","3.57","70","3.50","0.979","160 €","45 €","719 €","","","","","","","","","","","","","-20","40","60","5","70%","","","54","0.10","-0.33","0.70","-2.12",""
"","AA_FissionMouseSecond","None","0.33","31.7","-1.0","1.0","-1.0","He","3","0 €","0.50","1","0.0","-0.33","70","3.50","-10.606","160 €","-484.16 €","Infinity €","","","","","","","","","","","","","-20","40","60","4.5","70%","","","54","0.50","-0.33","3.50","-10.61",""
"","AA_FissionMouseThird","None","0.33","31.7","-1.0","1.0","-1.0","He","3","0 €","0.50","1","0.0","-0.33","70","3.50","-10.606","160 €","-484.16 €","Infinity €","","","","","","","","","","","","","-20","40","60","4","70%","","","54","0.50","-0.33","3.50","-10.61",""
"","AA_FlamingoPhoenix","None","0.28","26.9","-1.0","1.0","-1.0","He","3","21 €","0.35","4","300.0","81.62","49","2.45","0.030","124 €","1.52 €","25 €","","","","","","","","","","72","8.00 €","576 €","5","42","37","3.2","50%","","","42","0.04","-0.28","0.25","-0.88",""
"","AA_FrostAve","Advanced","0.55","52.8","6.7","1.0","6.7","He","5","0 €","1.30","4","30.0","18.10","182","9.10","0.503","406 €","22 €","811 €","","","","","","","","","","","","","-75","10","85","7","86%","","","64","0.26","3.66","1.82","0.50",""
"","AA_FrostLynx","Advanced","0.30","28.8","10.0","1.0","10.0","","","0 €","2.00","2","30.0","10.88","280","14.00","1.287","688 €","63 €","1376 €","","","","","","","","","","","","","-200","40","240","5","90%","","","66","0.40","3.00","2.80","0.93",""
"","AA_Frostmite","None","1.30","124.8","10.0","1.9","5.2","","","0 €","0.50","1","13.3","22.09","70","3.50","0.158","103 €","4.68 €","465 €","","","","","","","","","","","","","-80","15","95","6","70%","","","54","0.10","6.71","0.70","0.10",""
"","AA_FrostboundBehemoth","None","0.23","21.6","15.0","1.0","15.0","He","2","188 €","3.00","16","30.0","9.28","420","21.00","2.263","528 €","57 €","1056 €","","","","","","900.0","4.50 €","4050 €","58.5","","","","-100","0","100","2","45%","2.0","","39","0.60","3.38","4.20","1.24",""
"","AA_Frostling","Advanced","0.15","14.4","10.0","1.9","5.2","","","0 €","1.50","2","30.0","4.71","210","10.50","2.228","534 €","113 €","1068 €","","","","","","","","","","","","","-150","0","150","6","75%","","","57","0.30","0.77","2.10","2.71","B"
"","AA_FungalHusk","Intermediate","0.01","1.0","-1.0","1.0","-1.0","","","0 €","1.00","1","0.0","-0.01","140","7.00","-700.000","300 €","-29960.00 €","Infinity €","","","","","","","","","","","","","-100","100","200","4.6","100%","","","72","1.00","-0.01","7.00","-700.00",""
"","AA_Gallatross","Advanced","2.50","240.0","20.0","1.0","20.0","He","24","0 €","6.00","16","79.9","221.68","840","42.00","0.189","5184 €","23 €","3892 €","","","","","","","","","","","","","-100","40","140","5.7","99%","","","71","1.20","50.00","8.40","0.17",""
"","AA_GallatrossMoribund","Advanced","0.10","9.6","220.0","1.0","220.0","He","1","0 €","6.00","16","240.0","43.00","840","42.00","0.977","5184 €","121 €","1296 €","","","","","","","","","","","","","-100","40","140","5.7","99%","","","71","1.20","22.00","8.40","0.38",""
"","AA_Genix","Advanced","0.30","28.8","10.0","1.0","10.0","","","0 €","2.00","2","30.0","10.88","280","14.00","1.287","688 €","63 €","1376 €","","","","","","","","","","","","","-100","30","130","4","80%","","","60","0.40","3.00","2.80","0.93",""
"","AA_GiantCrownedSilkie","None","0.25","24.0","5.0","1.0","5.0","He","2","35 €","1.10","4","30.0","7.81","154","7.70","0.986","343 €","44 €","686 €","12.0","9.00 €","108 €","0.9","11.0","","","","","180","4.00 €","720 €","-65","35","100","3","10%","3.0","","18","0.22","1.25","1.54","1.23","B"
"","AA_Gigantelope","None","0.54","51.4","10.0","1.0","10.0","He","5","8.32 €","2.00","16","30.0","19.39","280","14.00","0.722","712 €","37 €","1424 €","","","","","","225.0","1.90 €","428 €","11.3","","","","-15","40","55","4.5","60%","2.0","","48","0.40","5.35","2.80","0.52",""
"","AA_GreatDevourer","Intermediate","1.00","96.0","6.0","1.0","6.0","","","0.94 €","2.50","8","30.0","32.25","350","17.50","0.543","440 €","14 €","880 €","10.0","9.00 €","90 €","2.0","20.0","","","","","","","","-5","40","45","2.8","75%","","","57","0.50","6.00","3.50","0.58","B"
"","AA_GreenGoo","None","0.01","0.5","-1.0","1.0","-1.0","He","0","0 €","0.50","16","1.2","0.00","0","0.00","0.000","0 €","0 €","0 €","","","","","","","","","","","","","-100","85","185","1.5","60%","","","48","0.10","-0.01","0.00","0.00",""
"","AA_GreyCoatedMouflon","None","0.23","21.6","5.7","1.5","3.8","He","2","34 €","0.80","8","20.0","4.50","112","5.60","1.243","251 €","56 €","752 €","","","","","","","","","","270","2.70 €","729 €","-50","40","90","2","50%","2.0","","42","0.16","0.85","1.12","1.32","B"
"","AA_Groundrunner","Intermediate","0.54","51.4","14.0","3.3","4.2","He","5","8.06 €","1.37","4","90.0","47.99","192","9.59","0.200","422 €","8.79 €","281 €","","","","","","","","","","180","2.30 €","414 €","-5","35","40","2.8","35%","","","33","0.27","2.25","1.92","0.85","B"
"","AA_Helixien","None","0.30","28.8","10.0","1.0","10.0","He","3","0 €","4.00","8","20.0","7.87","560","28.00","3.556","896 €","114 €","2688 €","","","","","","","","","","","","","-10","40","50","0.6","40%","","","36","0.80","3.00","5.60","1.87",""
"","AA_InfectedAerofleet","None","0.02","1.9","-1.0","1.0","-1.0","He","0","0 €","0.20","1","13.3","0.22","0","0.00","0.000","49 €","225 €","219 €","","","","","","","","","","","","","-50","50","100","2.84","60%","","","48","0.04","-0.02","0.00","0.00",""
"","AA_IronhuskBeetle","Intermediate","0.54","51.4","50.0","1.0","50.0","He","5","0.21 €","2.50","16","20.0","35.84","350","17.50","0.488","440 €","12 €","1320 €","1.2","9.00 €","11 €","2.0","2.4","","","","","","","","-8","40","48","2.8","20%","5.0","","24","0.50","26.75","3.50","0.13",""
"","AA_Junglelisk","Advanced","0.20","19.2","6.0","2.0","3.0","","","9.38 €","1.00","4","30.0","5.85","140","7.00","1.197","176 €","30 €","352 €","20.0","9.00 €","180 €","0.8","16.7","","","","","","","","-12","60","72","5.5","96%","","","70","0.20","0.60","1.40","2.33","B"
"","AA_Lockjaw","Intermediate","0.50","48.0","10.0","1.0","10.0","","","0 €","2.50","16","30.0","18.13","350","17.50","0.966","770 €","42 €","1540 €","","","","","","","","","","","","","-10","40","50","3","80%","","","60","0.50","5.00","3.50","0.70",""
"","AA_Locusts","None","4.00","384.0","-1.0","1.0","-1.0","He","38","0 €","0.01","1","0.0","-4.00","0","0.00","0.000","0 €","0 €","NaN €","","","","","","","","","","","","","-10","40","50","2","100%","","","72","0.01","-4.00","0.00","0.00",""
"","AA_LuciferBug","None","0.20","19.2","10.0","1.0","10.0","He","2","0 €","0.15","1","30.0","7.10","26","1.29","0.182","55 €","7.69 €","109 €","","","","","","","","","","","","","-20","40","60","3","15%","2.0","","21","0.03","2.00","0.26","0.13",""
"","AA_MammothWorm","Intermediate","0.54","51.4","10.0","1.0","10.0","","","1.05 €","3.00","12","30.0","19.39","420","21.00","1.083","672 €","35 €","1344 €","6.0","9.00 €","54 €","2.0","12.0","","","","","","","","-30","75","105","2","90%","","","66","0.60","5.35","4.20","0.79",""
"","AA_Mantrap","Intermediate","0.35","33.6","10.0","1.0","10.0","","","0 €","2.00","1","20.0","9.45","280","14.00","1.482","612 €","65 €","1836 €","","","","","","","","","","","","","-10","70","80","3","80%","","","60","0.40","3.50","2.80","0.80",""
"","AA_MatureFleshbeast","Intermediate","1.50","144.0","-1.0","1.0","-1.0","","","0 €","6.00","24","0.0","-1.50","180","9.00","-6.000","630 €","-420.00 €","Infinity €","","","","","","","","","","","","","-70","40","110","2","80%","","","60","6.00","-1.50","9.00","-6.00",""
"","AA_MeadowAve","Advanced","0.55","52.8","6.0","1.0","6.0","He","5","2.84 €","1.20","4","30.0","17.74","168","8.40","0.474","374 €","21 €","749 €","10.0","15 €","150 €","0.9","9.2","","","","","","","","-15","40","55","7","85%","","","63","0.24","3.30","1.68","0.51","B"
"","AA_MegaLouse","Intermediate","0.70","67.2","7.0","2.0","3.5","","","2.30 €","0.50","1","19.8","14.21","70","3.50","0.246","134 €","9.40 €","405 €","17.1","9.00 €","154 €","0.4","7.1","","","","","","","","-70","75","145","3","90%","","","66","0.10","2.45","0.70","0.29","B"
"","AA_Metallovore","None","0.85","81.6","10.0","1.0","10.0","He","8","0 €","2.00","8","20.0","22.95","280","14.00","0.610","688 €","30 €","2064 €","","","","","","","","","","","","","-20","85","105","2","65%","","","51","0.40","8.50","2.80","0.33",""
"","AA_Mime","Intermediate","3.00","288.0","45.0","1.0","45.0","","","0 €","1.00","1","0.0","135.00","140","7.00","0.052","300 €","2.22 €","Infinity €","","","","","","","","","","","","","0","35","35","4.6","100%","","","72","1.00","135.00","7.00","0.05",""
"","AA_Murkling","None","0.20","19.2","5.7","1.0","5.7","He","2","0 €","0.35","2","13.3","3.50","49","2.45","0.700","151 €","43 €","679 €","","","","","","","","","","","","","-35","40","75","5.1","60%","","","48","0.07","1.13","0.49","0.43",""
"","AA_MycoidColossus","Intermediate","0.25","24.0","-1.0","1.0","-1.0","He","2","0 €","6.00","16","30.0","6.31","840","42.00","6.653","1218 €","193 €","2436 €","","","","","","","","","","","","","-30","40","70","2","90%","","","66","1.20","-0.25","8.40","-33.60",""
"","AA_Needlepost","Intermediate","0.05","4.8","10.0","1.0","10.0","He","0","0 €","0.79","1","13.3","1.09","111","5.53","5.066","250 €","229 €","1125 €","","","","","","","","","","","","","0","70","70","3","60%","","","48","0.16","0.50","1.11","2.21",""
"","AA_Needleroll","None","0.00","0.1","6.7","1.4","4.7","He","0","0 €","0.15","1","13.3","0.02","26","1.29","78.467","84 €","5123 €","380 €","","","","","","","","","","","","","0","100","100","2.5","60%","","","48","0.03","0.00","0.26","55.52",""
"","AA_NightMule","None","0.23","21.6","10.0","1.0","10.0","He","2","16 €","2.80","8","42.0","10.35","392","19.60","1.894","1019 €","98 €","1456 €","","","","","","180.0","1.90 €","342 €","9.0","","","","-55","45","100","4.5","65%","2.0","","51","0.56","2.25","3.92","1.74",""
"","AA_NightAve","Advanced","0.25","24.0","6.0","1.0","6.0","","","6.25 €","1.10","4","30.0","8.06","154","7.70","0.955","343 €","43 €","686 €","10.0","15 €","150 €","0.9","9.2","","","","","","","","-25","35","60","7","88%","","","65","0.22","1.50","1.54","1.03","B"
"","AA_Nightling","Advanced","0.25","24.0","5.5","1.5","3.7","","","10 €","1.00","2","30.0","7.48","140","7.00","0.936","364 €","49 €","728 €","16.4","15 €","245 €","0.8","13.6","","","","","","","","-35","40","75","5","90%","","50%","66","0.20","0.92","1.40","1.53","B"
"","AA_NightRam","None","0.23","21.6","6.7","1.0","6.7","He","2","32 €","2.50","8","27.0","6.90","350","17.50","2.537","910 €","132 €","2022 €","","","","","","360.0","1.90 €","684 €","18.0","","","","-35","40","75","4","75%","2.0","","57","0.50","1.50","3.50","2.34",""
"","AA_OcularJelly","Intermediate","0.01","1.0","-1.0","1.0","-1.0","He","0","0 €","0.50","1","13.3","0.11","70","3.50","32.312","160 €","1475 €","719 €","","","","","","","","","","","","","-35","40","75","2","80%","","","60","0.10","-0.01","0.70","-70.00",""
"","AA_OcularNightling","Advanced","0.25","24.0","10.0","1.9","5.2","","","0 €","1.20","2","30.0","7.85","168","8.40","1.070","437 €","56 €","874 €","","","","","","","","","","","","","-35","40","75","5","75%","","","57","0.24","1.29","1.68","1.30","B"
"","AA_OvergrownColossus","Intermediate","0.50","48.0","15.0","1.0","15.0","He","5","0 €","6.00","16","30.0","20.63","180","9.00","0.436","666 €","32 €","1332 €","","","","","","","","","","","","","-30","40","70","2","90%","","","66","1.20","7.50","1.80","0.24",""
"","AA_PebbleMit","None","0.33","31.7","10.0","1.0","10.0","He","3","0 €","0.50","1","20.0","8.91","14","0.70","0.079","22 €","2.51 €","67 €","","","","","","","","","","","","","-65","40","105","1.8","70%","","","54","0.10","3.30","0.14","0.04",""
"","AA_PedigreedRaptor","Advanced","0.10","9.6","23.0","1.0","23.0","He","1","4.08 €","0.75","2","30.0","4.93","105","5.25","1.066","236 €","48 €","473 €","2.6","15 €","39 €","0.6","1.6","","","","","","","","-15","40","55","5","25%","","25%","27","0.15","2.30","1.05","0.46",""
"","AA_PhoenixOwlcat","None","0.10","9.6","10.0","1.6","6.3","","","0 €","0.20","1","24.0","2.81","31","1.55","0.554","81 €","29 €","201 €","","","","","","","","","","","","","-25","40","65","4","20%","","50%","24","0.04","0.63","0.31","0.49",""
"","AA_Plasmorph","Intermediate","0.05","4.8","12.0","2.0","6.0","","","0 €","1.00","4","24.0","1.35","140","7.00","5.185","224 €","166 €","560 €","","","","","","","","","","","","","-10","50","60","1","70%","","","54","0.20","0.30","1.40","4.67",""
"","AA_Radyak","None","0.54","51.4","6.7","1.0","6.7","He","5","5.55 €","2.50","16","30.0","17.61","350","17.50","0.994","890 €","51 €","1780 €","","","","","","150.0","1.90 €","285 €","7.5","","","","-65","40","105","4.5","40%","2.0","","36","0.50","3.56","3.50","0.98",""
"","AA_RaptorShrimp","Intermediate","0.40","38.4","12.0","1.9","6.2","","","0 €","1.40","4","30.0","12.98","196","9.80","0.755","549 €","42 €","1098 €","","","","","","","","","","","","","10","40","30","4.7","90%","","","66","0.28","2.48","1.96","0.79","B"
"","AA_Ravager","Intermediate","0.35","33.6","12.0","1.0","12.0","","","0 €","2.50","1","30.0","13.91","350","17.50","1.258","560 €","40 €","1120 €","","","","","","","","","","","","","-140","40","180","5","95%","","","69","0.50","4.20","3.50","0.83",""
"","AA_RayHound","Advanced","0.10","9.6","10.0","1.7","5.8","He","1","0 €","1.50","2","30.0","3.21","210","10.50","3.275","462 €","144 €","924 €","","","","","","","","","","","","","0","60","60","3","30%","","25%","30","0.30","0.58","2.10","3.61","B"
"","AA_Razorjack","Advanced","0.05","4.8","10.0","1.0","10.0","He","0","0 €","1.00","2","30.0","1.81","140","7.00","3.862","308 €","170 €","616 €","","","","","","","","","","","","","-50","50","100","4","75%","","","57","0.20","0.50","1.40","2.80",""
"","AA_RedGoo","None","0.01","0.5","-1.0","1.0","-1.0","He","0","0 €","0.50","16","1.2","0.00","0","0.00","0.000","0 €","0 €","0 €","","","","","","","","","","","","","-100","85","185","1.5","60%","","","48","0.10","-0.01","0.00","0.00",""
"","AA_RedSpore","None","0.01","0.5","-1.0","1.0","-1.0","He","0","0 €","2.00","1","12.0","0.05","0","0.00","0.000","152 €","3200 €","760 €","","","","","","","","","","","","","-100","100","200","3.5","80%","","","60","0.40","-0.01","0.00","0.00",""
"","AA_RipperHound","Advanced","0.10","9.6","12.0","1.9","6.2","","","0 €","1.50","2","30.0","3.24","210","10.50","3.236","534 €","165 €","1068 €","","","","","","","","","","","","","-20","45","65","5","70%","","","54","0.30","0.62","2.10","3.39","B"
"","AA_RoughPlatedMonitor","Intermediate","0.40","38.4","8.0","1.0","8.0","","","0 €","2.00","2","30.0","13.70","280","14.00","1.022","616 €","45 €","1232 €","","","","","","","","","","","","","-10","60","70","3","70%","","","54","0.40","3.20","2.80","0.88",""
"","AA_RoyalAve","Advanced","0.55","52.8","6.0","1.0","6.0","He","5","2.84 €","1.10","3","30.0","17.74","154","7.70","0.434","343 €","19 €","686 €","10.0","15 €","150 €","0.9","9.2","","","","","","","","-15","40","55","6","45%","","","39","0.22","3.30","1.54","0.47","B"
"","AA_SandLion","Advanced","0.30","28.8","10.0","1.0","10.0","","","0 €","2.00","2","30.0","10.88","280","14.00","1.287","752 €","69 €","1504 €","","","","","","","","","","","","","10","100","90","6","90%","","","66","0.40","3.00","2.80","0.93",""
"","AA_SandProwler","Intermediate","0.10","9.6","10.0","1.0","10.0","","","0 €","2.00","2","30.0","3.63","280","14.00","3.862","784 €","216 €","1568 €","","","","","","","","","","","","","0","70","70","4","65%","","","51","0.40","1.00","2.80","2.80",""
"","AA_SandSquid","Intermediate","0.05","4.8","12.0","1.0","12.0","He","0","0 €","2.00","8","20.0","1.45","280","14.00","9.656","448 €","309 €","1344 €","","","","","","","","","","","","","-10","100","110","1","70%","","","54","0.40","0.60","2.80","4.67",""
"","AA_ShadowCharger","Intermediate","0.25","24.0","6.7","1.0","6.7","He","2","135 €","2.50","12","20.0","5.91","350","17.50","2.959","910 €","154 €","2730 €","","","","","","720.0","4.50 €","3240 €","46.8","","","","-35","40","75","3.5","70%","2.0","","54","0.50","1.67","3.50","2.10",""
"","AA_ShockGoat","Intermediate","0.23","21.6","5.6","2.0","2.8","He","2","32 €","0.65","8","16.0","3.88","91","4.55","1.171","208 €","53 €","781 €","","","","","","360.0","1.90 €","684 €","18.0","","","","-5","40","45","3.5","30%","","","30","0.13","0.63","0.91","1.44","B"
"","AA_Skiphound","Advanced","0.20","19.2","8.0","1.0","8.0","","","0 €","0.79","2","30.0","6.85","111","5.53","0.807","244 €","36 €","489 €","","","","","","","","","","","","","-25","40","65","4","42%","","50%","37","0.16","1.60","1.11","0.69",""
"","AA_Skyeel","Intermediate","0.01","1.0","10.0","1.0","10.0","He","0","0 €","0.25","1","30.0","0.36","36","1.81","5.005","58 €","160 €","116 €","","","","","","","","","","","","","-100","60","160","3.5","75%","","5%","57","0.05","0.10","0.36","3.63",""
"","AA_Slurrypede","Intermediate","2.00","192.0","-1.0","1.0","-1.0","He","19","0 €","2.00","1","0.0","-2.00","0","0.00","0.000","0 €","0 €","NaN €","","","","","","","","","","","","","-100","250","350","1.9","60%","","","48","2.00","-2.00","0.00","0.00",""
"","AA_SmallButterfly","None","0.01","0.5","-1.0","1.0","-1.0","He","0","0 €","0.01","1","0.0","-0.01","0","0.00","0.000","0 €","0 €","NaN €","","","","","","","","","","","","","-10","40","50","2","100%","","","72","0.01","-0.01","0.00","0.00",""
"","AA_SpinedGow","None","0.54","51.4","6.7","1.0","6.7","He","5","29 €","2.75","16","20.0","12.66","385","19.25","1.521","979 €","77 €","2937 €","","","","","","360.0","4.10 €","1476 €","21.6","","","","5","120","115","3.9","60%","2.0","","48","0.55","3.56","3.85","1.08",""
"","AA_Swarmling","None","0.16","15.4","-1.0","1.0","-1.0","He","2","0 €","0.30","1","13.3","1.73","42","2.10","1.212","125 €","72 €","562 €","","","","","","","","","","","","","-10","40","50","5","85%","","","63","0.06","-0.16","0.42","-2.63",""
"","AA_TarGuzzler","None","0.85","81.6","10.0","1.0","10.0","He","8","0 €","2.00","8","13.3","18.56","280","14.00","0.754","600 €","32 €","2700 €","","","","","","","","","","","","","-20","40","60","2","65%","","","51","0.40","8.50","2.80","0.33",""
"","AA_TeratogenicOriginator","None","0.10","9.6","-1.0","1.0","-1.0","He","1","0 €","5.00","16","13.3","1.08","0","0.00","0.000","0 €","0 €","0 €","","","","","","","","","","","","","-80","40","120","0.6","50%","10.0","","42","1.00","-0.10","0.00","0.00",""
"","AA_Terramorph","None","0.10","9.6","8.0","1.0","8.0","He","1","0 €","1.50","1","30.0","3.43","0","0.00","0.000","0 €","0 €","0 €","","","","","","","","","","","","","-40","40","80","1.8","65%","","","51","0.30","0.80","0.00","0.00",""
"","AA_TetraSlug","Advanced","0.15","14.4","30.0","1.0","30.0","He","1","0 €","5.00","1","30.0","8.44","700","35.00","4.148","1120 €","133 €","2240 €","","","","","","","","","","","","","-10","40","50","0.6","70%","","","54","1.00","4.50","7.00","1.56",""
"","AA_Thermadon","Intermediate","0.35","33.6","6.7","1.0","6.7","","","0 €","1.50","2","12.0","6.37","210","10.50","1.647","336 €","53 €","1680 €","","","","","","","","","","","","","-40","60","100","5","90%","","","66","0.30","2.33","2.10","0.90",""
"","AA_Thunderbeast","Intermediate","0.10","9.6","6.7","1.6","4.2","He","1","0 €","1.50","4","30.0","3.04","210","10.50","3.448","588 €","193 €","1176 €","","","","","","","","","","","","","-10","45","55","4","65%","","","51","0.30","0.42","2.10","5.00","B"
"","AA_Thunderox","None","0.65","62.4","6.7","1.0","6.7","He","6","28 €","2.50","16","20.0","15.38","350","17.50","1.138","910 €","59 €","2730 €","","","","","","240.0","4.50 €","1080 €","15.6","240","2.70 €","648 €","-35","40","75","4","60%","2.0","","48","0.50","4.33","3.50","0.81",""
"","AA_UnblinkingEye","Advanced","1.00","96.0","-1.0","1.0","-1.0","","","0 €","7.00","2","0.0","-1.00","0","0.00","0.000","840 €","-840.00 €","Infinity €","","","","","","","","","","","","","-20","40","60","2","80%","","","60","7.00","-1.00","0.00","0.00",""
"","AA_Wildpawn","Intermediate","0.20","19.2","-1.0","1.0","-1.0","He","2","0 €","1.40","8","30.0","5.05","196","9.80","1.941","172 €","34 €","345 €","","","","","","","","","","","","","-15","40","55","4","75%","","","57","0.28","-0.20","1.96","-9.80",""
"","AA_Wildpod","Intermediate","0.33","31.7","-1.0","1.0","-1.0","He","3","0 €","4.00","16","30.0","8.33","560","28.00","3.360","493 €","59 €","986 €","","","","","","","","","","","","","-15","40","55","3","95%","","","69","0.80","-0.33","5.60","-16.97",""
"","AA_WindBeast","Intermediate","0.10","9.6","18.0","1.6","11.3","He","1","0 €","1.50","2","30.0","3.76","210","10.50","2.793","588 €","156 €","1176 €","","","","","","","","","","","","","-80","35","115","4.75","65%","","","51","0.30","1.13","2.10","1.85",""
"","TBC_Possum","None","0.32","30.7","14.0","1.5","9.3","He","3","0 €","0.30","1","24.0","9.95","42","2.10","0.211","104 €","10 €","259 €","","","","","","","","","","","","","-30","40","70","4.1","75%","","","57","0.06","2.99","0.42","0.14",""
"","dtf_angorarabbit","None","0.30","28.8","7.0","1.8","4.0","He","3","70 €","0.35","1","6.0","2.78","49","2.45","0.883","118 €","42 €","1177 €","","","","","","","","","","750","2.70 €","2025 €","-40","45","85","3.5","1%","","75%","13","0.07","1.20","0.49","0.41",""
"","ACPPtarmigan","None","0.25","24.0","5.0","3.0","1.7","He","2","11 €","0.25","1","18.0","4.54","36","1.81","0.399","97 €","21 €","323 €","36.0","7.00 €","252 €","0.2","7.5","","","","","","","","-30","30","60","2","5%","2.0","","15","0.05","0.42","0.36","0.87","B"
"","ACPSilkieChicken","None","0.25","24.0","2.7","3.0","0.9","He","2","19 €","0.25","1","18.0","4.35","36","1.81","0.417","97 €","22 €","323 €","66.7","7.00 €","467 €","0.2","13.9","","","","","","","","-15","35","50","2","0%","2.0","","12","0.05","0.23","0.36","1.61","B"
"","ACPSpiritwolf","Advanced","1.25","120.0","39.0","1.9","20.1","","","0 €","2.50","8","48.0","80.48","350","17.50","0.217","860 €","11 €","1075 €","","","","","","","","","","","","","-85","40","125","5.1","95%","","75%","69","0.50","25.17","3.50","0.14",""
"","ACPWildDog","Advanced","0.40","38.4","18.5","1.9","9.6","","","0 €","0.90","2","30.0","14.74","126","6.30","0.427","276 €","19 €","551 €","","","","","","","","","","","","","10","60","50","5.7","60%","","","48","0.18","3.82","1.26","0.33",""
"","ACPSilkspider","None","0.15","14.4","15.0","1.0","15.0","","","0 €","0.15","1","12.0","3.98","26","1.29","0.325","10 €","2.60 €","52 €","","","","","","","","","","","","","5","35","30","1.4","20%","2.0","","24","0.03","2.25","0.26","0.12",""
"","ACPBlackRhinoceros","Intermediate","1.50","144.0","90.0","1.2","77.1","He","14","2.64 €","3.00","20","360.0","644.46","420","21.00","0.033","1176 €","1.82 €","196 €","","","","","","200.0","1.90 €","380 €","10.0","","","","-8","55","63","5.8","90%","","","66","0.60","115.71","4.20","0.04","B"
"","ACPGiraffe","Intermediate","1.00","96.0","35.0","1.0","35.0","He","10","0 €","2.50","16","120.0","147.50","350","17.50","0.119","925 €","6.27 €","463 €","","","","","","","","","","","","","-10","55","65","4.6","65%","","15%","51","0.50","35.00","3.50","0.10",""
"","ACPLlama","Advanced","0.60","57.6","55.0","1.2","47.1","He","6","24 €","1.20","16","120.0","97.59","168","8.40","0.086","379 €","3.89 €","190 €","","","","","","300.0","1.90 €","570 €","15.0","285","2.90 €","827 €","-20","32","52","4.2","0%","","35%","12","0.24","28.29","1.68","0.06",""
"","ACPWoolyHorse","Advanced","0.50","48.0","25.0","1.0","25.0","He","5","0 €","2.00","8","240.0","128.75","280","14.00","0.109","616 €","4.78 €","154 €","","","","","","","","","","","","","-40","25","65","6","85%","","","63","0.40","12.50","2.80","0.22","B"
"","ACPWoolyRhino","None","1.70","163.2","90.0","1.2","77.1","He","16","14 €","3.29","20","360.0","730.39","461","23.03","0.032","1290 €","1.77 €","215 €","","","","","","360.0","1.90 €","684 €","18.0","600","2.70 €","1620 €","-45","15","60","34","88%","","","65","0.66","131.14","4.61","0.04","B"
"","ACPDuckBilledPlatypus","Intermediate","0.30","28.8","18.0","1.0","18.0","He","3","0.93 €","0.60","1","24.0","11.84","84","4.20","0.355","199 €","17 €","498 €","3.3","8.00 €","27 €","0.5","1.7","","","","","","","","-45","40","85","3.5","85%","","","63","0.12","5.40","0.84","0.16",""
"","ACPMajoreraGoat","Intermediate","0.40","38.4","15.0","2.0","7.5","He","4","21 €","0.70","8","21.0","10.50","98","4.90","0.467","222 €","21 €","635 €","","","","","","420.0","1.90 €","798 €","21.0","","","","-16","40","56","3.35","5%","2.0","50%","15","0.14","3.00","0.98","0.33",""
"","ACPPeccary","None","0.30","28.8","13.0","2.0","6.5","He","3","0 €","0.55","16","30.0","10.50","77","3.85","0.367","174 €","17 €","348 €","","","","","","","","","","","","","-5","40","45","4.5","45%","2.0","","39","0.11","1.95","0.77","0.39","B"
"","ACPTapir","Advanced","0.40","38.4","13.0","2.0","6.5","He","4","0 €","0.90","16","30.0","14.00","126","6.30","0.450","272 €","19 €","544 €","","","","","","","","","","","","","-5","50","55","3.6","57%","2.0","","46","0.18","2.60","1.26","0.48","B"
"","ACPFishercat","Intermediate","0.30","28.8","18.0","1.0","18.0","","","0 €","0.30","1","51.0","19.35","42","2.10","0.109","91 €","4.71 €","107 €","","","","","","","","","","","","","-30","40","70","6","90%","","","66","0.06","5.40","0.42","0.08",""
"","ACPErmine","Intermediate","0.30","28.8","18.0","1.0","18.0","","","0 €","0.70","1","51.0","19.35","98","4.90","0.253","183 €","9.45 €","215 €","","","","","","","","","","","","","-40","40","80","6","55%","","","45","0.14","5.40","0.98","0.18",""
"","ACPFerret","Advanced","0.08","7.7","14.0","3.5","4.1","","","0 €","0.25","1","24.0","2.04","36","1.81","0.889","92 €","45 €","229 €","","","","","","","","","","","","","-35","40","75","4.2","35%","","90%","33","0.05","0.32","0.36","1.12","B"
"","ACPHoneyBadger","Advanced","0.30","28.8","18.5","1.7","11.0","","","0 €","0.90","2","48.0","16.58","126","6.30","0.380","337 €","20 €","421 €","","","","","","","","","","","","","-10","40","50","5.5","80%","","30%","60","0.18","3.30","1.26","0.38","B"
"","ACPMegabadger","Advanced","1.50","144.0","60.0","1.0","60.0","","","0 €","4.50","24","960.0","1350.00","630","31.50","0.023","1602 €","1.19 €","100 €","","","","","","","","","","","","","-45","40","85","4.5","86%","","","64","0.90","90.00","6.30","0.07","B"
"","ACPMegaFerret","Advanced","0.25","24.0","25.0","2.5","10.0","","","19 €","0.65","2","84.0","21.36","91","4.55","0.213","254 €","12 €","181 €","","","","","","","","","","75","6.00 €","450 €","-95","40","135","6.2","45%","","90%","39","0.13","2.50","0.91","0.36","B"
"","ACPOtter","Advanced","0.10","9.6","17.0","2.5","6.8","","","0 €","0.40","1","24.0","2.83","56","2.80","0.991","136 €","48 €","340 €","","","","","","","","","","","","","-35","40","75","3.75","65%","","50%","51","0.08","0.68","0.56","0.82",""
"","ACPXGecko","None","0.10","9.6","20.0","1.5","13.3","He","1","1.88 €","0.09","1","60.0","7.15","20","0.98","0.137","53 €","7.35 €","53 €","4.5","4.00 €","18 €","0.1","0.3","","","","","","","","12","42","30","4.8","10%","","100%","18","0.02","1.33","0.20","0.15","B"
"","ACPThornyDevil","None","0.20","19.2","18.0","4.0","4.5","He","2","2.08 €","0.28","1","21.0","4.83","39","1.97","0.408","63 €","13 €","180 €","13.3","3.00 €","40 €","0.2","3.1","","","","","","","","0","75","75","2.8","70%","","","54","0.06","0.90","0.39","0.44","B"
"","ACPAngoraRabbit","None","0.10","9.6","8.5","1.8","4.9","He","1","18 €","0.20","1","18.0","2.14","31","1.55","0.728","81 €","38 €","269 €","","","","","","","","","","40","4.20 €","168 €","-20","40","60","5","0%","","100%","12","0.04","0.49","0.31","0.64",""
"","ACPChipmunk","None","0.13","12.5","10.0","3.1","3.2","He","1","0 €","0.15","1","13.2","1.99","26","1.29","0.649","69 €","35 €","316 €","","","","","","","","","","","","","-30","40","70","5","65%","","","51","0.03","0.42","0.26","0.62",""
"","ACPHedgehog","None","0.15","14.4","5.5","3.9","1.4","","","0 €","0.23","1","30.0","4.49","34","1.71","0.381","55 €","12 €","109 €","","","","","","","","","","","","","-5","35","40","2.5","55%","","","45","0.05","0.21","0.34","1.61","B"
"","ACPJackalope","None","0.23","22.1","8.5","2.5","3.4","He","2","0 €","0.20","1","18.0","4.58","31","1.55","0.340","81 €","18 €","269 €","","","","","","","","","","","","","-30","40","70","5.5","75%","","","57","0.04","0.78","0.31","0.40","B"
"","ACPMunchkinCat","Advanced","0.10","9.6","20.0","1.9","10.3","","","0 €","0.26","1","60.0","6.81","37","1.84","0.270","93 €","14 €","93 €","","","","","","","","","","","","","-14","40","54","4.5","20%","","100%","24","0.05","1.03","0.37","0.36","B"
"","ACPRedPanda","Intermediate","0.35","33.6","12.0","1.5","8.0","He","3","0 €","0.25","1","60.0","23.01","36","1.81","0.079","123 €","5.33 €","123 €","","","","","","","","","","","","","-35","25","60","4","20%","","75%","24","0.05","2.80","0.36","0.13","B"
"","SeaOtter","Intermediate","0.15","14.4","5.7","1.6","3.5","He","1","0 €","0.40","1","13.3","2.30","56","2.80","1.219","132 €","57 €","593 €","","","","","","","","","","","","","-30","40","70","3.5","50%","","","42","0.08","0.52","0.56","1.07",""
"","Belgian_Malinois","Advanced","0.45","43.2","15.0","1.9","7.7","","","0 €","0.90","1","18.0","10.23","126","6.30","0.616","276 €","27 €","919 €","","","","","","","","","","","","","-40","40","80","6.2","0%","","","12","0.18","3.48","1.26","0.36",""
"","AonyxCinerea","Advanced","0.15","14.4","7.0","1.0","7.0","He","1","0 €","0.30","2","18.0","3.53","42","2.10","0.596","104 €","29 €","346 €","","","","","","","","","","","","","-55","40","95","4.5","20%","","200%","24","0.06","1.05","0.42","0.40",""
"","Ghostie_BabySeal","Intermediate","0.12","11.5","5.7","1.3","4.5","","","0 €","0.20","4","0.0","0.22","31","1.55","7.150","115 €","527 €","Infinity €","","","","","","","","","","","","","-40","40","80","2.6","50%","","","42","0.04","0.22","0.31","1.43",""
"","BoomBat","None","0.06","5.8","8.0","1.0","8.0","He","1","0 €","0.10","1","13.3","1.19","0","0.01","0.012","1.26 €","1.06 €","5.67 €","","","","","","","","","","","","","10","45","35","3.2","75%","","8%","57","0.02","0.48","0.00","0.01",""
"","HonduranWhiteBat","None","0.06","5.8","8.0","1.0","8.0","He","1","0 €","0.10","1","13.3","1.19","0","0.01","0.012","1.04 €","0.87 €","4.66 €","","","","","","","","","","","","","10","45","35","3","65%","","10%","51","0.02","0.48","0.00","0.01",""
"","StarNosedMole","None","0.05","4.8","6.0","1.0","6.0","He","0","0 €","0.10","1","13.3","0.89","0","0.01","0.016","0.98 €","1.10 €","4.41 €","","","","","","","","","","","","","0","40","40","3.2","55%","","18%","45","0.02","0.30","0.00","0.01",""
"","Boomole","None","0.05","4.8","6.0","1.0","6.0","He","0","0 €","0.10","1","13.3","0.89","0","0.01","0.016","1.20 €","1.35 €","5.42 €","","","","","","","","","","","","","0","40","40","3.4","70%","","12%","54","0.02","0.30","0.00","0.01",""
"","AlligatorMan","Advanced","0.25","24.0","16.0","1.0","16.0","He","2","0 €","1.00","1","54.0","16.56","140","7.00","0.423","308 €","19 €","342 €","","","","","","","","","","","","","-5","40","45","4.84","60%","","25%","48","0.20","4.00","1.40","0.35",""
"","Armadillo","None","0.27","25.9","14.0","2.0","7.0","","","0 €","0.55","1","24.0","7.68","77","3.85","0.501","179 €","23 €","448 €","","","","","","","","","","","","","-5","40","45","3.5","75%","","","57","0.11","1.89","0.77","0.41",""
"","Bardelot","None","0.27","25.9","14.0","2.0","7.0","","","0 €","0.55","1","24.0","7.68","77","3.85","0.501","179 €","23 €","448 €","","","","","","","","","","","","","-15","40","55","3.5","75%","","","57","0.11","1.89","0.77","0.41",""
"","BlackBear","Advanced","0.35","33.6","30.0","1.0","30.0","","","0 €","2.15","1","114.0","48.30","301","15.05","0.312","662 €","14 €","349 €","","","","","","","","","","","","","-40","40","80","4.3","80%","","","60","0.43","10.50","3.01","0.29",""
"","BlackBearMan","Advanced","0.25","24.0","16.0","1.0","16.0","He","2","0 €","1.00","1","54.0","16.56","140","7.00","0.423","308 €","19 €","342 €","","","","","","","","","","","","","-5","40","45","4.84","60%","","25%","48","0.20","4.00","1.40","0.35",""
"","Worm","None","0.07","6.7","3.0","3.5","0.9","","","115 €","1.00","1","48.0","3.16","140","7.00","2.217","308 €","98 €","385 €","70.0","11 €","770 €","0.8","58.3","","","","","","","","-5","40","45","4.84","25%","","","27","0.20","0.06","1.40","23.33","B"
"","Giantala","Advanced","2.00","192.0","60.0","1.0","60.0","He","19","4.75 €","4.00","1","240.0","570.00","560","28.00","0.049","1232 €","2.16 €","308 €","","","","","","480.0","1.90 €","912 €","24.0","","","","-45","40","85","3.5","97%","","","70","0.80","120.00","5.60","0.05",""
"","Gigantelope","None","1.00","96.0","30.0","1.0","30.0","He","10","9.19 €","2.00","1","60.0","86.25","280","14.00","0.162","616 €","7.14 €","616 €","","","","","","180.0","1.90 €","342 €","9.0","200","2.70 €","540 €","-60","40","100","3.6","50%","","","42","0.40","30.00","2.80","0.09",""
"","Jerbal","None","0.30","28.8","30.0","1.0","30.0","He","3","12 €","1.90","1","90.0","33.75","266","13.30","0.394","585 €","17 €","390 €","","","","","","180.0","1.90 €","342 €","9.0","","","","-15","40","55","3.4","50%","","","42","0.38","9.00","2.66","0.30",""
"","Mandrill","Advanced","0.25","24.0","16.0","1.0","16.0","He","2","0 €","1.00","1","54.0","16.56","140","7.00","0.423","308 €","19 €","342 €","","","","","","","","","","","","","-5","40","45","4.84","60%","","25%","48","0.20","4.00","1.40","0.35",""
"","MandrillMan","Advanced","0.25","24.0","16.0","1.0","16.0","He","2","0 €","1.00","1","54.0","16.56","140","7.00","0.423","308 €","19 €","342 €","","","","","","","","","","","","","-5","40","45","4.84","60%","","25%","48","0.20","4.00","1.40","0.35",""
"","Megasquid","Advanced","2.00","192.0","60.0","1.0","60.0","He","19","0 €","4.00","1","240.0","570.00","560","28.00","0.049","1232 €","2.16 €","308 €","","","","","","","","","","","","","-15","40","55","3","75%","","","57","0.80","120.00","5.60","0.05",""
"","Neanderthal","Advanced","0.25","24.0","16.0","1.0","16.0","He","2","0 €","1.00","1","54.0","16.56","140","7.00","0.423","308 €","19 €","342 €","","","","","","","","","","","","","-5","40","45","4.84","60%","","25%","48","0.20","4.00","1.40","0.35",""
"","Rabbuck","None","0.45","43.2","22.5","1.0","22.5","He","4","0 €","0.90","1","48.0","30.04","126","6.30","0.210","279 €","9.30 €","349 €","","","","","","","","","","","","","-100","40","140","4.84","70%","","","54","0.18","10.13","1.26","0.12",""
"","Toraton","None","0.30","28.8","20.0","5.0","4.0","He","3","78 €","3.00","1","48.0","14.48","420","21.00","1.451","924 €","64 €","1155 €","15.0","150 €","2250 €","2.0","30.0","","","","","","","","-30","40","70","2.5","75%","","","57","0.60","1.20","4.20","3.50","B"
"","Yippa","None","0.45","43.2","22.5","1.0","22.5","He","4","0 €","0.90","1","48.0","30.04","126","6.30","0.210","279 €","9.30 €","349 €","","","","","","","","","","","","","-5","40","45","4.84","25%","","","27","0.18","10.13","1.26","0.12",""
"","Zarander","Advanced","0.40","38.4","13.0","2.0","6.5","He","4","0 €","0.80","1","30.0","14.00","112","5.60","0.400","251 €","18 €","501 €","","","","","","","","","","","","","-5","40","45","3.6","7%","","","16","0.16","2.60","1.12","0.43","B"
"","Zebra","None","0.45","43.2","22.5","1.0","22.5","He","4","0 €","0.90","1","48.0","30.04","126","6.30","0.210","279 €","9.30 €","349 €","","","","","","","","","","","","","-30","40","70","4.84","100%","","","72","0.18","10.13","1.26","0.12",""
"","BU_Budgerigar","Intermediate","0.13","12.5","15.0","6.0","2.5","He","1","21 €","0.08","1","24.0","3.29","19","0.93","0.283","40 €","12 €","99 €","24.0","6.00 €","144 €","0.1","1.6","","","","","15","8.00 €","120 €","10","42","32","6","15%","","20%","21","0.01","0.33","0.09","0.29","B"
"","BU_Cockatiel","Intermediate","0.13","12.5","8.0","1.0","8.0","He","1","4.21 €","0.15","1","30.0","4.71","26","1.29","0.275","60 €","13 €","120 €","7.5","7.00 €","53 €","0.1","0.9","","","","","","","","0","45","45","2.9","30%","","20%","30","0.02","1.04","0.13","0.12",""
"","BU_MacawBlueYellow","Advanced","0.19","18.2","11.0","1.0","11.0","He","2","2.99 €","0.35","1","30.0","7.45","49","2.45","0.329","112 €","15 €","225 €","5.5","10 €","55 €","0.3","1.6","","","","","","","","1","50","49","2.3","30%","","20%","30","0.04","2.09","0.25","0.12",""
"","BU_MacawMilitary","Advanced","0.19","18.2","11.0","1.0","11.0","He","2","2.99 €","0.35","1","30.0","7.45","49","2.45","0.329","112 €","15 €","225 €","5.5","10 €","55 €","0.3","1.6","","","","","","","","1","50","49","2.3","30%","","20%","30","0.04","2.09","0.25","0.12",""
"","BU_MacawScarlet","Advanced","0.19","18.2","11.0","1.0","11.0","He","2","2.99 €","0.35","1","30.0","7.45","49","2.45","0.329","112 €","15 €","225 €","5.5","10 €","55 €","0.3","1.6","","","","","","","","1","50","49","2.3","30%","","20%","30","0.04","2.09","0.25","0.12",""
"","BU_PeregrineFalcon","Intermediate","0.19","18.2","18.0","3.0","6.0","","","8.22 €","0.35","1","36.0","7.64","49","2.45","0.321","124 €","16 €","207 €","10.0","15 €","150 €","0.3","2.9","","","","","","","","-15","35","50","4.1","60%","","","48","0.04","1.14","0.25","0.21",""
"","BU_Raven","Advanced","0.19","18.2","7.0","1.0","7.0","He","2","4.70 €","0.35","1","36.0","7.83","49","2.45","0.313","112 €","14 €","187 €","8.6","10 €","86 €","0.3","2.5","","","","","","","","-15","30","45","2.3","30%","","","30","0.04","1.33","0.25","0.18",""
"","BU_RedwingedBlackbird","None","0.13","12.5","7.0","1.0","7.0","He","1","4.81 €","0.15","1","18.0","3.02","26","1.29","0.429","60 €","20 €","200 €","8.6","7.00 €","60 €","0.1","1.1","","","","","","","","-20","30","50","2.9","50%","","","42","0.02","0.91","0.13","0.14",""
"","BU_Vulture","Intermediate","0.37","35.5","11.0","1.0","11.0","","","1.54 €","0.60","1","36.0","16.72","84","4.20","0.251","177 €","11 €","294 €","5.5","10 €","55 €","0.5","2.7","","","","","","","","1","50","49","2","60%","","","48","0.06","4.07","0.42","0.10",""
"","BU_MacawCatalina","Advanced","0.19","18.2","11.0","1.0","11.0","He","2","2.99 €","0.35","1","30.0","7.45","49","2.45","0.329","112 €","15 €","225 €","5.5","10 €","55 €","0.3","1.6","","","","","","","","1","50","49","2.3","30%","","20%","30","0.04","2.09","0.25","0.12",""
"","BU_MacawShamrock","Advanced","0.19","18.2","11.0","1.0","11.0","He","2","2.99 €","0.35","1","30.0","7.45","49","2.45","0.329","112 €","15 €","225 €","5.5","10 €","55 €","0.3","1.6","","","","","","","","1","50","49","2.3","30%","","20%","30","0.04","2.09","0.25","0.12",""
"","BU_MacawHarlequin","Advanced","0.19","18.2","11.0","1.0","11.0","He","2","2.99 €","0.35","1","30.0","7.45","49","2.45","0.329","112 €","15 €","225 €","5.5","10 €","55 €","0.3","1.6","","","","","","","","1","50","49","2.3","30%","","20%","30","0.04","2.09","0.25","0.12",""
"","BB_Cockatoo","Advanced","0.15","14.4","15.0","3.0","5.0","He","1","8.33 €","0.30","1","24.0","4.01","42","2.10","0.523","67 €","17 €","168 €","12.0","10 €","120 €","0.3","3.0","","","","","","","","0","40","40","5","40%","","","36","0.06","0.75","0.42","0.56","B"
"","BB_EagleOwl","Intermediate","0.20","19.2","15.0","3.0","5.0","","","6.25 €","0.60","3","12.0","3.04","84","4.20","1.382","192 €","63 €","962 €","12.0","10 €","120 €","0.5","6.0","","","","","","","","-15","40","55","2.1","70%","","","54","0.06","1.00","0.42","0.42",""
"","BB_Hornbill","Intermediate","0.20","19.2","15.0","3.0","5.0","He","2","6.25 €","0.60","3","24.0","5.44","84","4.20","0.772","192 €","35 €","481 €","12.0","10 €","120 €","0.5","6.0","","","","","","","","-15","40","55","2.1","70%","","","54","0.06","1.00","0.42","0.42",""
"","BB_Kestrel","Intermediate","0.30","28.8","60.0","4.5","13.3","","","4.06 €","0.14","2.8","60.0","21.46","25","1.24","0.058","58 €","2.70 €","58 €","4.5","10 €","45 €","0.1","0.5","","","","","9","8.00 €","72 €","-12","40","52","6","45%","","","39","0.01","4.00","0.12","0.03",""
"","BB_Parrot","Advanced","0.30","28.8","15.0","3.0","5.0","He","3","4.17 €","0.30","2.8","12.0","4.56","42","2.10","0.461","100 €","22 €","501 €","12.0","10 €","120 €","0.3","3.0","","","","","","","","-15","40","55","3","40%","","","36","0.03","1.50","0.21","0.14",""
"","BB_ParrotB","Advanced","0.30","28.8","15.0","3.0","5.0","He","3","4.17 €","0.30","2.8","12.0","4.56","42","2.10","0.461","100 €","22 €","501 €","12.0","10 €","120 €","0.3","3.0","","","","","","","","-15","40","55","3","40%","","","36","0.03","1.50","0.21","0.14",""
"","BB_Toucan","Intermediate","0.20","19.2","15.0","3.0","5.0","He","2","6.25 €","0.60","3","12.0","3.04","84","4.20","1.382","192 €","63 €","962 €","12.0","10 €","120 €","0.5","6.0","","","","","","","","0","40","40","5","50%","","","42","0.06","1.00","0.42","0.42",""
"","TYR_Cuckooshrike_BlackWinged","Intermediate","0.10","9.6","45.0","3.0","15.0","He","1","6.50 €","0.08","0.5","36.0","4.92","19","0.93","0.189","30 €","6.05 €","50 €","4.0","6.00 €","24 €","0.1","0.3","","","","","5","8.00 €","38 €","8","40","32","5.5","55%","","","45","0.02","1.50","0.19","0.12",""
"","TYR_FairyBluebird_Philippine","Intermediate","0.10","9.6","45.0","2.5","18.0","He","1","9.58 €","0.10","0.5","42.0","5.82","21","1.03","0.178","33 €","5.69 €","47 €","3.3","6.00 €","20 €","0.1","0.3","","","","","9","8.00 €","72 €","15","42","27","5.2","58%","","","47","0.02","1.80","0.21","0.11",""
"","TYR_Hummingbird_BlueTailed","Intermediate","0.10","9.6","15.0","1.0","15.0","He","1","2.50 €","0.10","2","30.0","4.25","21","1.03","0.243","33 €","7.79 €","66 €","4.0","6.00 €","24 €","0.1","0.3","","","","","","","","0","40","40","5","40%","","","36","0.02","1.50","0.21","0.14",""
"","TYR_Owl_AfricanGrass","Intermediate","0.15","14.4","15.0","1.5","10.0","","","2.50 €","0.40","1","24.0","4.76","56","2.80","0.588","125 €","26 €","313 €","6.0","6.00 €","36 €","0.3","2.0","","","","","","","","-25","40","65","5","60%","","","48","0.08","1.50","0.56","0.37",""
"","TYR_Parrot_Caica","Intermediate","0.10","9.6","15.0","2.0","7.5","He","1","5.00 €","0.20","1.5","30.0","3.50","31","1.55","0.444","50 €","14 €","99 €","8.0","6.00 €","48 €","0.2","1.3","","","","","","","","0","40","40","5","40%","","30%","36","0.04","0.75","0.31","0.41",""
"","TYR_Triller_WhiteBrowed","Intermediate","0.10","9.6","60.0","2.5","24.0","He","1","5.56 €","0.08","2","30.0","5.28","19","0.93","0.176","30 €","5.64 €","60 €","2.5","6.00 €","15 €","0.1","0.2","","","","","5","8.00 €","38 €","10","38","28","6.5","55%","","","45","0.02","2.40","0.19","0.08",""
"","rtp_BorderCollie","Advanced","0.80","76.8","30.0","1.7","17.4","","","0 €","1.20","1","27.0","33.14","168","8.40","0.253","365 €","11 €","811 €","","","","","","","","","","","","","-20","40","60","7","0%","","100%","12","0.24","13.94","1.68","0.12",""
"","AkhalTeke_horse","Advanced","0.69","66.2","12.0","1.0","12.0","He","7","0 €","2.44","8.1","30.0","26.39","342","17.08","0.647","752 €","28 €","1503 €","","","","","","","","","","","","","-15","55","70","6.9","25%","","60%","27","0.49","8.28","3.42","0.41",""
"","Appaloosa_horse","Advanced","0.68","65.3","12.0","1.0","12.0","He","7","0 €","2.40","8","30.0","26.01","336","16.80","0.646","739 €","28 €","1478 €","","","","","","","","","","","","","-35","45","80","6.8","10%","","60%","18","0.48","8.16","3.36","0.41",""
"","Arabian_horse","Advanced","0.65","62.4","12.0","1.0","12.0","He","6","0 €","2.36","7.9","30.0","24.86","330","16.52","0.664","727 €","29 €","1454 €","","","","","","","","","","","","","-15","55","70","6.9","25%","","60%","27","0.47","7.80","3.30","0.42",""
"","Connemara_horse","Advanced","0.65","62.4","12.0","1.0","12.0","He","6","0 €","2.29","7.6","30.0","24.86","321","16.03","0.645","705 €","28 €","1411 €","","","","","","","","","","","","","-15","45","60","5.5","15%","","80%","21","0.46","7.80","3.21","0.41",""
"","Fjord_horse","Advanced","0.64","61.4","12.0","1.0","12.0","He","6","0 €","2.24","7.5","30.0","24.48","314","15.68","0.641","690 €","28 €","1380 €","","","","","","","","","","","","","-35","45","80","5.7","10%","","60%","18","0.45","7.68","3.14","0.41",""
"","Friesian_horse","Advanced","0.72","69.1","12.0","1.0","12.0","He","7","0 €","2.56","8.5","30.0","27.54","358","17.92","0.651","788 €","29 €","1577 €","","","","","","","","","","","","","-25","30","55","5.7","20%","","60%","24","0.51","8.64","3.58","0.41",""
"","Gypsy_horse","Advanced","0.68","65.3","12.0","1.0","12.0","He","7","0 €","2.40","8","30.0","26.01","336","16.80","0.646","739 €","28 €","1478 €","","","","","","","","","","","","","-35","45","80","5.6","5%","","60%","15","0.48","8.16","3.36","0.41",""
"","IrishDraught_horse","Advanced","0.84","80.6","12.0","1.0","12.0","He","8","0 €","2.87","9.6","30.0","32.13","402","20.09","0.625","884 €","28 €","1768 €","","","","","","","","","","","","","-35","45","80","5.5","10%","","60%","18","0.57","10.08","4.02","0.40",""
"","IrishHunter_horse","Advanced","0.71","68.2","12.0","1.0","12.0","He","7","0 €","2.52","8.4","30.0","27.16","353","17.64","0.650","776 €","29 €","1552 €","","","","","","","","","","","","","-15","55","70","6.9","15%","","60%","21","0.50","8.52","3.53","0.41",""
"","Mustang_horse","Advanced","0.65","62.4","12.0","1.0","12.0","He","6","0 €","2.28","7.6","30.0","24.86","319","15.96","0.642","702 €","28 €","1404 €","","","","","","","","","","","","","-35","45","80","6.7","25%","","60%","27","0.46","7.80","3.19","0.41",""
"","Paint_horse","Advanced","0.68","65.3","12.0","1.0","12.0","He","7","0 €","2.40","8","30.0","26.01","336","16.80","0.646","739 €","28 €","1478 €","","","","","","","","","","","","","-35","45","80","6.8","10%","","60%","18","0.48","8.16","3.36","0.41",""
"","Przewalski_horse","Advanced","0.59","56.6","12.0","1.0","12.0","He","6","0 €","2.08","6.9","30.0","22.57","291","14.56","0.645","641 €","28 €","1281 €","","","","","","","","","","","","","-15","45","60","6.7","65%","","30%","51","0.42","7.08","2.91","0.41",""
"","Quarter_horse","Advanced","0.68","65.3","12.0","1.0","12.0","He","7","0 €","2.40","8","30.0","26.01","336","16.80","0.646","739 €","28 €","1478 €","","","","","","","","","","","","","-35","45","80","6.8","10%","","60%","18","0.48","8.16","3.36","0.41",""
"","Shetland_pony","Advanced","0.24","23.0","12.0","1.0","12.0","He","2","0 €","0.84","2.8","30.0","9.18","118","5.88","0.641","262 €","29 €","524 €","","","","","","","","","","","","","-35","40","75","5","10%","","60%","18","0.17","2.88","1.18","0.41",""
"","Shire_horse","Advanced","0.84","80.6","12.0","1.0","12.0","He","8","0 €","2.87","9.6","30.0","32.13","402","20.09","0.625","884 €","28 €","1768 €","","","","","","","","","","","","","-35","45","80","5.5","10%","","60%","18","0.57","10.08","4.02","0.40",""
"","Thoroughbred_horse","Advanced","0.75","72.0","12.0","1.0","12.0","He","7","0 €","2.64","8.8","30.0","28.69","370","18.48","0.644","813 €","28 €","1626 €","","","","","","","","","","","","","-35","45","80","7","20%","","60%","24","0.53","9.00","3.70","0.41",""
"","ZDuck_Bufflehead","Intermediate","0.45","43.2","8.0","1.0","8.0","He","4","18 €","0.80","1","30.0","15.41","112","5.60","0.363","179 €","12 €","358 €","7.5","7.00 €","53 €","0.7","5.0","","","","","270","2.70 €","729 €","-45","40","85","4.9","25%","3.0","","27","0.16","3.60","1.12","0.31",""
"","ZDuck_Cayuga","None","0.50","48.0","1.5","1.0","1.5","He","5","9.17 €","0.55","1","33.0","15.60","77","3.85","0.247","123 €","7.90 €","224 €","40.0","11 €","440 €","0.5","18.3","","","","","","","","-10","40","50","3.7","15%","6.0","","21","0.06","0.75","0.39","0.51","B"
"","ZDuck_Ducky","None","0.30","28.8","3.6","1.5","2.4","He","3","6.08 €","0.15","1","18.0","5.58","26","1.29","0.232","41 €","7.42 €","138 €","25.0","7.00 €","175 €","0.1","3.1","","","","","","","","-10","40","50","2","0%","","100%","12","0.02","0.72","0.13","0.18",""
"","ZDuck_EiderPintail","Intermediate","0.72","69.1","9.0","1.0","9.0","He","7","18 €","2.30","1","30.0","25.70","322","16.10","0.626","718 €","28 €","1435 €","6.7","7.00 €","47 €","1.9","12.8","","","","","280","4.30 €","1204 €","-65","40","105","4.8","35%","","","33","0.46","6.48","3.22","0.50",""
"","ZDuck_GreaterMallard","Intermediate","0.85","81.6","7.0","1.0","7.0","He","8","1.16 €","2.10","1","24.0","23.80","294","14.70","0.618","655 €","28 €","1638 €","8.6","11 €","94 €","1.8","15.0","","","","","","","","-15","40","55","4.5","55%","2.5","","45","0.42","5.95","2.94","0.49",""
"","ERN_DachshundShorthair","Intermediate","0.15","14.4","10.0","1.9","5.2","","","0 €","0.32","1","18.0","3.25","45","2.24","0.689","111 €","34 €","371 €","","","","","","","","","","","","","-15","40","55","3.1","0%","","100%","12","0.06","0.77","0.45","0.58",""
"","ERN_DachshundLonghair","Intermediate","0.15","14.4","10.0","1.9","5.2","","","0 €","0.32","1","18.0","3.25","45","2.24","0.689","111 €","34 €","371 €","","","","","","","","","","","","","-15","40","55","3.1","0%","","100%","12","0.06","0.77","0.45","0.58",""
"","ERN_DachshundWirehair","Intermediate","0.15","14.4","10.0","1.9","5.2","","","0 €","0.32","1","18.0","3.25","45","2.24","0.689","111 €","34 €","371 €","","","","","","","","","","","","","-15","40","55","3.1","0%","","100%","12","0.06","0.77","0.45","0.58",""
"","Crows_DustBunnyRace","None","0.10","9.6","8.7","1.7","5.0","He","1","0 €","0.20","1","13.3","1.69","31","1.55","0.922","81 €","48 €","363 €","","","","","","","","","","","","","-30","40","70","6","40%","","8%","36","0.04","0.50","0.31","0.62",""
"","ZEle_Skelephant","Intermediate","1.20","115.2","60.0","1.0","60.0","","","0 €","4.00","1","132.0","214.20","0","0.00","0.000","0 €","0 €","0 €","","","","","","","","","","","","","-60","70","130","5.2","98%","","","71","0.80","72.00","0.00","0.00",""
"","ZEle_Appo","Advanced","2.40","230.4","50.0","1.0","50.0","He","23","0 €","4.50","1","132.0","405.84","630","31.50","0.078","1548 €","3.81 €","704 €","","","","","","","","","","","","","-12","50","62","4.9","85%","","","63","0.90","120.00","6.30","0.05",""
"","ZEle_AsianElephant","Advanced","1.90","182.4","44.0","1.0","44.0","He","18","0 €","3.80","1","108.0","268.85","532","26.60","0.099","1307 €","4.86 €","726 €","","","","","","","","","","","","","-20","50","70","4.2","65%","","","51","0.76","83.60","5.32","0.06",""
"","ZEle_BorneoPygmy","Advanced","1.50","144.0","38.0","1.0","38.0","He","14","0 €","2.70","1","96.0","187.50","378","18.90","0.101","929 €","4.95 €","581 €","","","","","","","","","","","","","-10","55","65","4","60%","","","48","0.54","57.00","3.78","0.07",""
"","ZEle_Kallana","Advanced","0.80","76.8","55.0","1.2","47.1","He","8","10 €","2.58","1","360.0","316.11","361","18.06","0.057","888 €","2.81 €","148 €","","","","","","420.0","1.90 €","798 €","21.0","","","","5","42","37","4.5","48%","","","41","0.52","37.71","3.61","0.10","B"
"","FoxSquirrel","Intermediate","0.16","15.4","7.5","3.3","2.3","He","2","11 €","0.23","1","48.0","7.68","34","1.71","0.223","87 €","11 €","109 €","","","","","","","","","","72","2.30 €","166 €","-20","38","58","5.5","65%","","8%","51","0.05","0.36","0.34","0.95","B"
"","ERN_MountainDog","Advanced","0.25","24.0","10.0","1.7","5.8","","","29 €","0.85","2","30.0","8.20","119","5.95","0.725","261 €","32 €","523 €","","","","","","","","","","180","3.80 €","684 €","-50","40","90","5","25%","","90%","27","0.17","1.45","1.19","0.82","B"
"","ERN_lizarddoggo","Advanced","0.25","24.0","5.7","1.5","3.8","He","2","4.64 €","0.55","2","13.3","3.86","77","3.85","0.996","179 €","46 €","806 €","15.9","7.00 €","111 €","0.5","7.3","","","","","","","","-20","40","60","4.5","5%","","90%","15","0.11","0.94","0.77","0.82",""
"","ERN_Palamute","Advanced","0.25","24.0","10.0","1.7","5.8","","","29 €","0.85","2","30.0","8.20","119","5.95","0.725","297 €","36 €","594 €","","","","","","","","","","180","3.80 €","684 €","-50","40","90","5.8","45%","","90%","39","0.17","1.45","1.19","0.82","B"
"","ERN_Valboar","None","0.30","28.8","5.7","1.3","4.5","He","3","0 €","0.85","10","20.0","6.91","119","5.95","0.861","258 €","37 €","774 €","","","","","","","","","","","","","-15","50","65","4.6","50%","2.0","","42","0.17","1.36","1.19","0.88","B"
"","ERN_Lox","Intermediate","0.50","48.0","11.7","1.0","11.7","He","5","24 €","2.40","18","20.0","13.95","336","16.80","1.204","854 €","61 €","2563 €","","","","","","","","","","420","2.70 €","1134 €","-65","55","120","4.5","75%","2.0","","57","0.48","5.83","3.36","0.58",""
"","ERN_Neck","None","0.20","19.2","8.7","2.0","4.3","He","2","5.05 €","0.60","1","13.3","3.23","84","4.20","1.299","193 €","60 €","871 €","13.9","7.00 €","97 €","0.5","6.9","","","","","","","","-5","60","65","3","50%","","","42","0.12","0.87","0.84","0.97",""
"","ERN_Misthare","None","0.20","19.2","6.0","1.0","6.0","He","2","0 €","0.40","1","13.3","3.57","56","2.80","0.785","136 €","38 €","613 €","","","","","","","","","","","","","-25","40","65","6","40%","2.0","","36","0.08","1.20","0.56","0.47",""
"","ERN_FrostWolf","Advanced","0.20","19.2","12.0","1.0","12.0","","","0 €","1.30","1","13.3","4.77","182","9.10","1.909","447 €","94 €","2013 €","","","","","","","","","","","","","-65","35","100","5.4","75%","","10%","57","0.26","2.40","1.82","0.76",""
"","HC_Griffin","Advanced","0.32","30.7","60.0","1.0","60.0","","","16 €","2.15","4","36.0","29.52","151","7.53","0.255","499 €","17 €","831 €","1.0","500 €","500 €","1.8","1.8","","","","","","","","-40","55","95","6.8","60%","","","48","0.43","19.20","1.51","0.08",""
"","HC_Owlbear","Advanced","0.35","33.6","35.0","1.0","35.0","","","26 €","2.35","4.5","30.0","21.70","118","5.88","0.271","508 €","23 €","1015 €","1.7","500 €","857 €","2.0","3.4","","","","","","","","-60","55","115","4.8","75%","","","57","0.47","12.25","1.18","0.10",""
"","HC_Roc","Intermediate","0.42","40.3","200.0","1.0","200.0","","","15 €","5.50","8","87.0","115.50","275","13.75","0.119","924 €","8.00 €","637 €","0.3","2000 €","600 €","2.0","0.6","","","","","","","","-80","90","170","7.5","90%","","","66","1.10","84.00","2.75","0.03",""
"","HC_Wyvern","Intermediate","0.09","8.6","150.0","1.0","150.0","","","60 €","4.00","10","72.0","19.17","320","16.00","0.835","2528 €","132 €","2107 €","0.4","1300 €","520 €","2.0","0.8","","","","","","","","-40","120","160","6.8","90%","","","66","0.80","13.50","3.20","0.24",""
"","HC_Yeti","Advanced","0.55","52.8","16.0","1.7","9.3","","","41 €","2.25","6","96.0","51.31","180","9.00","0.175","322 €","6.28 €","201 €","","","","","","","","","","800","2.70 €","2160 €","-60","40","100","4.8","80%","","","60","0.45","5.11","1.80","0.35","B"
"","AngusCow","None","0.54","51.4","6.7","1.3","5.3","He","5","40 €","2.40","16","27.0","15.65","336","16.80","1.073","739 €","47 €","1643 €","","","","","","1080.0","1.90 €","2052 €","54.0","","","","-10","40","50","3.2","10%","2.0","5%","18","0.48","2.81","3.36","1.19","B"
"","AnkoleWatusiCow","None","0.54","51.4","6.7","1.3","5.3","He","5","40 €","2.40","16","27.0","15.65","336","16.80","1.073","739 €","47 €","1643 €","","","","","","1080.0","1.90 €","2052 €","54.0","","","","-10","60","70","3.2","15%","2.0","5%","21","0.48","2.81","3.36","1.19","B"
"","BoomooCow","None","0.54","51.4","6.7","1.3","5.3","He","5","48 €","2.40","16","27.0","15.65","336","16.80","1.073","739 €","47 €","1643 €","","","","","","1080.0","2.30 €","2484 €","0.0","","","","-10","40","50","3.2","30%","2.0","5%","30","0.48","2.81","3.36","1.19","B"
"","BrahmanCow","None","0.54","51.4","6.7","1.3","5.3","He","5","40 €","2.40","16","27.0","15.65","336","16.80","1.073","739 €","47 €","1643 €","","","","","","1080.0","1.90 €","2052 €","54.0","","","","-10","60","70","3.2","10%","2.0","5%","18","0.48","2.81","3.36","1.19","B"
"","BravaCow","Intermediate","0.54","51.4","6.7","1.3","5.3","He","5","40 €","2.40","16","27.0","15.65","336","16.80","1.073","739 €","47 €","1643 €","","","","","","1080.0","1.90 €","2052 €","54.0","","","","-10","40","50","3.2","15%","2.0","5%","21","0.48","2.81","3.36","1.19","B"
"","BrownSwissCow","None","0.54","51.4","6.7","1.3","5.3","He","5","84 €","2.40","16","27.0","15.65","336","16.80","1.073","739 €","47 €","1643 €","","","","","","1080.0","4.00 €","4320 €","86.4","","","","-10","40","50","3.2","5%","2.0","5%","15","0.48","2.81","3.36","1.19","B"
"","HarianaCow","None","0.54","51.4","6.7","1.3","5.3","He","5","40 €","2.40","16","27.0","15.65","336","16.80","1.073","739 €","47 €","1643 €","","","","","","1080.0","1.90 €","2052 €","54.0","","","","-10","60","70","3.2","10%","2.0","5%","18","0.48","2.81","3.36","1.19","B"
"","HerefordCow","None","0.54","51.4","6.7","1.3","5.3","He","5","40 €","2.40","16","27.0","15.65","336","16.80","1.073","739 €","47 €","1643 €","","","","","","1080.0","1.90 €","2052 €","54.0","","","","-10","40","50","3.2","10%","2.0","5%","18","0.48","2.81","3.36","1.19","B"
"","HighlandCow","None","0.54","51.4","6.7","1.3","5.3","He","5","84 €","2.40","16","27.0","15.65","336","16.80","1.073","739 €","47 €","1643 €","","","","","","1080.0","4.00 €","4320 €","86.4","","","","-35","40","75","3.2","15%","2.0","5%","21","0.48","2.81","3.36","1.19","B"
"","HolsteinFriesianCow","None","0.54","51.4","6.7","1.3","5.3","He","5","53 €","2.40","16","27.0","15.65","336","16.80","1.073","739 €","47 €","1643 €","","","","","","1440.0","1.90 €","2736 €","72.0","","","","-10","40","50","3.2","5%","2.0","5%","15","0.48","2.81","3.36","1.19","B"
"","JerseyCow","None","0.54","51.4","6.7","1.3","5.3","He","5","84 €","2.40","16","27.0","15.65","336","16.80","1.073","739 €","47 €","1643 €","","","","","","1080.0","4.00 €","4320 €","86.4","","","","-10","40","50","3.2","5%","2.0","5%","15","0.48","2.81","3.36","1.19","B"
"","LimousinCow","None","0.54","51.4","6.7","1.3","5.3","He","5","40 €","2.40","16","27.0","15.65","336","16.80","1.073","739 €","47 €","1643 €","","","","","","1080.0","1.90 €","2052 €","54.0","","","","-10","40","50","3.2","5%","2.0","5%","15","0.48","2.81","3.36","1.19","B"
"","LonghornCow","None","0.54","51.4","6.7","1.3","5.3","He","5","40 €","2.40","16","27.0","15.65","336","16.80","1.073","739 €","47 €","1643 €","","","","","","1080.0","1.90 €","2052 €","54.0","","","","-10","40","50","3.2","20%","2.0","5%","24","0.48","2.81","3.36","1.19","B"
"","ZebuCow","None","0.54","51.4","6.7","1.3","5.3","He","5","22 €","2.40","16","27.0","15.65","336","16.80","1.073","739 €","47 €","1643 €","","","","","","600.0","1.90 €","1140 €","30.0","","","","-10","60","70","3.2","25%","2.0","5%","27","0.48","2.81","3.36","1.19","B"
"","EuropeanBadger","None","0.35","33.6","12.0","3.0","4.0","He","3","0 €","0.20","1","30.0","11.11","31","1.55","0.140","84 €","7.54 €","168 €","","","","","","","","","","","","","-30","40","70","4","75%","","","57","0.04","1.40","0.31","0.22","B"
"","Copperhead","None","0.07","6.7","20.0","1.5","13.3","","","27 €","0.20","1","30.0","2.88","31","1.55","0.540","84 €","29 €","168 €","4.5","40 €","180 €","0.2","0.8","","","","","","","","-5","40","45","3","75%","","5%","57","0.04","0.93","0.31","0.33",""
"","CoralSnake","None","0.07","6.7","20.0","1.5","13.3","","","27 €","0.20","1","30.0","2.88","31","1.55","0.540","84 €","29 €","168 €","4.5","40 €","180 €","0.2","0.8","","","","","","","","-5","40","45","3","75%","","5%","57","0.04","0.93","0.31","0.33",""
"","Cottonmouth","None","0.07","6.7","20.0","1.5","13.3","","","27 €","0.20","1","30.0","2.88","31","1.55","0.540","84 €","29 €","168 €","4.5","40 €","180 €","0.2","0.8","","","","","","","","-5","40","45","3","75%","","5%","57","0.04","0.93","0.31","0.33",""
"","Gerbil","Intermediate","0.20","19.2","8.0","3.5","2.3","He","2","0 €","0.20","1","16.8","3.52","31","1.55","0.442","81 €","23 €","288 €","","","","","","","","","","","","","-25","40","65","2.5","10%","","","18","0.04","0.46","0.31","0.68","B"
"","GreenSnake","None","0.07","6.7","20.0","1.5","13.3","","","27 €","0.20","1","30.0","2.88","31","1.55","0.540","84 €","29 €","168 €","4.5","40 €","180 €","0.2","0.8","","","","","","","","-5","40","45","3","75%","","5%","57","0.04","0.93","0.31","0.33",""
"","IndianGiantSquirrel","None","0.20","19.2","13.0","1.4","9.1","He","2","0 €","0.15","1","15.6","4.61","26","1.29","0.281","69 €","15 €","267 €","","","","","","","","","","","","","-35","40","75","5.1","75%","","","57","0.03","1.82","0.26","0.14",""
"","MudSnake","None","0.07","6.7","20.0","1.5","13.3","","","27 €","0.20","1","30.0","2.88","31","1.55","0.540","84 €","29 €","168 €","4.5","40 €","180 €","0.2","0.8","","","","","","","","-5","40","45","3","75%","","5%","57","0.04","0.93","0.31","0.33",""
"","Nutria","None","0.12","11.0","5.7","1.8","3.2","He","1","0 €","0.20","1","13.3","1.73","31","1.55","0.897","81 €","47 €","363 €","","","","","","","","","","","","","-30","40","70","6","75%","","8%","57","0.04","0.37","0.31","0.84",""
"","RedRattler","None","0.07","6.7","20.0","1.5","13.3","","","27 €","0.20","1","30.0","2.88","31","1.55","0.540","84 €","29 €","168 €","4.5","40 €","180 €","0.2","0.8","","","","","","","","-5","40","45","3","75%","","5%","57","0.04","0.93","0.31","0.33",""
"","ScarletKingSnake","None","0.07","6.7","20.0","1.5","13.3","","","27 €","0.20","1","30.0","2.88","31","1.55","0.540","84 €","29 €","168 €","4.5","40 €","180 €","0.2","0.8","","","","","","","","-5","40","45","3","75%","","5%","57","0.04","0.93","0.31","0.33",""
"","TimberRattler","None","0.07","6.7","20.0","1.5","13.3","","","27 €","0.20","1","30.0","2.88","31","1.55","0.540","84 €","29 €","168 €","4.5","40 €","180 €","0.2","0.8","","","","","","","","-5","40","45","3","75%","","5%","57","0.04","0.93","0.31","0.33",""
"","WaterDeer","None","0.40","38.4","24.0","1.0","24.0","He","4","0 €","0.90","1","30.0","20.40","126","6.30","0.309","279 €","14 €","559 €","","","","","","","","","","","","","-30","40","70","5.5","75%","","","57","0.18","9.60","1.26","0.13",""
"","YellowViper","None","0.07","6.7","20.0","1.5","13.3","","","27 €","0.20","1","30.0","2.88","31","1.55","0.540","84 €","29 €","168 €","4.5","40 €","180 €","0.2","0.8","","","","","","","","-5","40","45","3","75%","","5%","57","0.04","0.93","0.31","0.33",""
"","BerkshirePig","Intermediate","0.50","48.0","5.7","1.3","4.4","He","5","0 €","1.70","16","20.0","11.44","238","11.90","1.041","510 €","45 €","1530 €","","","","","","","","","","","","","-10","40","50","3.9","0%","3.0","","12","0.34","2.19","2.38","1.09","B"
"","DairyPig","Intermediate","0.50","48.0","5.7","1.3","4.4","He","5","29 €","1.70","16","20.0","11.44","238","11.90","1.041","510 €","45 €","1530 €","","","","","","720.0","1.90 €","1368 €","36.0","","","","-5","40","45","3.9","0%","3.0","","12","0.34","2.19","2.38","1.09","B"
"","DurocPig","Intermediate","0.50","48.0","5.7","1.3","4.4","He","5","0 €","1.70","16","12.0","7.81","238","11.90","1.523","510 €","65 €","2550 €","","","","","","","","","","","","","-5","40","45","3.9","0%","3.0","","12","0.34","2.19","2.38","1.09",""
"","GloucestershirePig","Intermediate","0.70","67.2","5.7","1.3","4.4","He","7","0 €","2.00","16","20.0","16.01","280","14.00","0.874","600 €","37 €","1800 €","","","","","","","","","","","","","-5","40","45","3.9","0%","3.0","","12","0.40","3.06","2.80","0.91","B"
"","SaddlebackPig","Intermediate","0.40","38.4","5.7","1.3","4.4","He","4","0 €","1.70","16","20.0","9.15","238","11.90","1.301","510 €","56 €","1530 €","","","","","","","","","","","","","-5","50","55","3.9","0%","3.0","","12","0.34","1.75","2.38","1.36","B"
"","WoolyPig","Intermediate","0.50","48.0","5.7","1.3","4.4","He","5","0 €","1.70","16","20.0","11.44","238","11.90","1.041","510 €","45 €","1530 €","","","","","","","","","","","","","-15","40","55","3.9","0%","3.0","","12","0.34","2.19","2.38","1.09","B"
"","AssafSheep","Intermediate","0.23","21.6","5.7","1.3","4.4","He","2","81 €","0.75","8","20.0","4.64","105","5.25","1.131","259 €","56 €","778 €","","","","","","540.0","1.90 €","1026 €","27.0","270","2.70 €","729 €","-55","45","100","4.8","5%","5.0","10%","15","0.15","0.98","1.05","1.07",""
"","AwassiSheep","Intermediate","0.23","21.6","5.7","1.3","4.4","He","2","81 €","0.75","8","20.0","4.64","105","5.25","1.131","259 €","56 €","778 €","","","","","","540.0","1.90 €","1026 €","27.0","270","2.70 €","729 €","-10","60","70","4.8","45%","5.0","10%","39","0.15","0.98","1.05","1.07",""
"","BighornSheep","Intermediate","0.23","21.6","5.7","1.3","4.4","He","2","0 €","0.75","8","20.0","4.64","105","5.25","1.131","259 €","56 €","778 €","","","","","","","","","","","","","-55","45","100","4.8","50%","5.0","10%","42","0.15","0.98","1.05","1.07",""
"","BorderLeicesterSheep","Intermediate","0.23","21.6","5.7","1.3","4.4","He","2","34 €","0.75","8","20.0","4.64","105","5.25","1.131","259 €","56 €","778 €","","","","","","","","","","270","2.70 €","729 €","-55","45","100","4.8","5%","5.0","10%","15","0.15","0.98","1.05","1.07",""
"","JacobsSheep","Intermediate","0.23","21.6","5.7","1.3","4.4","He","2","34 €","0.75","8","20.0","4.64","105","5.25","1.131","259 €","56 €","778 €","","","","","","","","","","270","2.70 €","729 €","-55","45","100","4.8","50%","5.0","10%","42","0.15","0.98","1.05","1.07",""
"","LincolnSheep","Intermediate","0.23","21.6","5.7","1.3","4.4","He","2","68 €","0.75","8","20.0","4.64","105","5.25","1.131","259 €","56 €","778 €","","","","","","","","","","540","2.70 €","1458 €","-75","40","115","4.8","5%","5.0","10%","15","0.15","0.98","1.05","1.07",""
"","MerinoSheep","Intermediate","0.23","21.6","5.7","1.3","4.4","He","2","111 €","0.75","8","20.0","4.64","105","5.25","1.131","259 €","56 €","778 €","","","","","","","","","","600","4.00 €","2400 €","-55","45","100","4.8","25%","5.0","10%","27","0.15","0.98","1.05","1.07",""
"","MouflonSheep","None","0.23","21.6","5.7","1.3","4.4","He","2","19 €","0.75","8","20.0","4.64","105","5.25","1.131","259 €","56 €","778 €","","","","","","","","","","150","2.70 €","405 €","-55","45","100","4.8","45%","5.0","10%","39","0.15","0.98","1.05","1.07",""
"","SuffolkSheep","None","0.23","21.6","5.7","1.3","4.4","He","2","34 €","0.75","8","20.0","4.64","105","5.25","1.131","259 €","56 €","778 €","","","","","","","","","","270","2.70 €","729 €","-55","45","100","4.8","5%","5.0","10%","15","0.15","0.98","1.05","1.07",""
"","akaNEKO_shironeko","Advanced","0.10","9.6","24.0","1.9","12.4","","","0 €","0.40","1","24.0","3.41","56","2.80","0.820","132 €","39 €","329 €","","","","","","","","","","","","","-25","40","65","4.4","20%","","100%","24","0.08","1.24","0.56","0.45",""
"","akaNEKO_kuroneko","Advanced","0.10","9.6","24.0","1.9","12.4","","","0 €","0.40","1","24.0","3.41","56","2.80","0.820","132 €","39 €","329 €","","","","","","","","","","","","","-25","40","65","4.4","20%","","100%","24","0.08","1.24","0.56","0.45",""
"","akaNEKO_kijitora","Advanced","0.10","9.6","24.0","1.9","12.4","","","0 €","0.40","1","24.0","3.41","56","2.80","0.820","132 €","39 €","329 €","","","","","","","","","","","","","-25","40","65","4.4","20%","","100%","24","0.08","1.24","0.56","0.45",""
"","akaNEKO_A_Shorthair","Advanced","0.10","9.6","24.0","1.9","12.4","","","0 €","0.40","1","24.0","3.41","56","2.80","0.820","132 €","39 €","329 €","","","","","","","","","","","","","-25","40","65","4.4","20%","","100%","24","0.08","1.24","0.56","0.45",""
"","akaNEKO_Russian_Blue","Advanced","0.10","9.6","24.0","1.9","12.4","","","0 €","0.40","1","24.0","3.41","56","2.80","0.820","132 €","39 €","329 €","","","","","","","","","","","","","-40","35","75","4.4","20%","","100%","24","0.08","1.24","0.56","0.45",""
"","akaNEKO_Siamese","Advanced","0.10","9.6","24.0","1.9","12.4","","","0 €","0.40","1","24.0","3.41","56","2.80","0.820","132 €","39 €","329 €","","","","","","","","","","","","","-25","40","65","4.4","20%","","100%","24","0.08","1.24","0.56","0.45",""
"","akaNEKO_J_Bobtail","Advanced","0.10","9.6","24.0","1.9","12.4","","","0 €","0.40","1","24.0","3.41","56","2.80","0.820","132 €","39 €","329 €","","","","","","","","","","","","","-25","40","65","4.4","20%","","100%","24","0.08","1.24","0.56","0.45",""
"","akaNEKO_Persian","Advanced","0.10","9.6","24.0","1.9","12.4","","","0 €","0.40","1","24.0","3.41","56","2.80","0.820","132 €","39 €","329 €","","","","","","","","","","","","","-22","33","55","4.4","20%","","100%","24","0.08","1.24","0.56","0.45",""
"","akaNEKO_Scottish_Fold","Advanced","0.10","9.6","24.0","1.9","12.4","","","0 €","0.40","1","24.0","3.41","56","2.80","0.820","132 €","39 €","329 €","","","","","","","","","","","","","-25","40","65","4.4","20%","","100%","24","0.08","1.24","0.56","0.45",""
"","akaNEKO_Scottish_Fold_Long","Advanced","0.10","9.6","24.0","1.9","12.4","","","0 €","0.40","1","24.0","3.41","56","2.80","0.820","132 €","39 €","329 €","","","","","","","","","","","","","-25","33","58","4.4","20%","","100%","24","0.08","1.24","0.56","0.45",""
"","akaNEKO_Maine_Coon","Advanced","0.15","14.4","24.0","1.9","12.4","","","0 €","0.70","1","24.0","5.12","98","4.90","0.957","216 €","42 €","540 €","","","","","","","","","","","","","-40","40","80","5","20%","","100%","24","0.14","1.86","0.98","0.53",""
"","akaNEKO_N_Forest_Cat","Advanced","0.12","11.5","24.0","1.9","12.4","","","0 €","0.70","1","24.0","4.10","98","4.90","1.196","216 €","53 €","540 €","","","","","","","","","","","","","-40","40","80","5","20%","","100%","24","0.14","1.49","0.98","0.66",""
"","TYR_HotfootRat","None","0.10","9.6","5.7","1.6","3.5","He","1","0 €","0.20","1","13.3","1.53","6","0.28","0.183","14 €","9.33 €","64 €","","","","","","","","","","","","","-8","400","408","4","50%","","15%","42","0.04","0.35","0.06","0.16",""
"","TYR_KangarooRat","None","0.10","9.6","5.7","1.6","3.5","He","1","0 €","0.20","1","13.3","1.53","6","0.28","0.183","14 €","9.33 €","64 €","","","","","","","","","","","","","-8","50","58","4","50%","","15%","42","0.04","0.35","0.06","0.16",""
"","TYR_Lemming","None","0.10","9.6","5.7","1.6","3.5","He","1","0 €","0.20","1","13.3","1.53","6","0.28","0.183","14 €","9.33 €","64 €","","","","","","","","","","","","","-55","40","95","4","50%","","15%","42","0.04","0.35","0.06","0.16",""
"","TYR_Mouse","None","0.10","9.6","5.7","1.6","3.5","He","1","0 €","0.20","1","13.3","1.53","6","0.28","0.183","14 €","9.33 €","64 €","","","","","","","","","","","","","-30","40","70","4","50%","","15%","42","0.04","0.35","0.06","0.16",""
"","TYR_MousePoison","None","0.10","9.6","3.2","6.6","0.5","He","1","0 €","0.25","1","15.0","1.44","7","0.35","0.242","18 €","12 €","71 €","","","","","","","","","","","","","-5","36","41","5","45%","","15%","39","0.05","0.05","0.07","1.45","B"
"","Mamuffalo","None","1.00","96.0","42.0","1.3","31.5","He","10","15 €","2.99","1","168.0","184.50","419","20.93","0.113","921 €","4.99 €","329 €","","","","","","330.0","1.90 €","627 €","16.5","300","2.70 €","810 €","-45","28","73","3.6","0%","2.0","","12","0.60","31.50","4.19","0.13","B"
"","ZGF_BeechMart","Advanced","0.35","33.6","20.0","1.0","20.0","","","0 €","0.40","1","18.0","12.78","56","2.80","0.219","209 €","16 €","696 €","","","","","","","","","","","","","-60","40","100","6.5","0%","","50%","12","0.04","7.00","0.28","0.04",""
"","ZGF_JapaneseMart","Advanced","0.35","33.6","20.0","1.0","20.0","","","0 €","0.39","1","18.0","12.78","55","2.73","0.214","214 €","17 €","712 €","","","","","","","","","","","","","-60","40","100","6.4","0%","","50%","12","0.04","7.00","0.27","0.04",""
"","ZGF_NilgiriMart","Advanced","0.25","24.0","20.0","1.0","20.0","","","0 €","0.35","1","18.0","9.13","49","2.45","0.268","184 €","20 €","614 €","","","","","","","","","","","","","-40","40","80","6.4","0%","","50%","12","0.04","5.00","0.25","0.05",""
"","ZGF_PineMart","Advanced","0.25","24.0","21.0","1.0","21.0","","","0 €","0.55","1","18.0","9.38","77","3.85","0.411","290 €","31 €","965 €","","","","","","","","","","","","","-60","40","100","6.5","0%","","50%","12","0.06","5.25","0.39","0.07",""
"","ZGF_RimMart","Advanced","0.35","33.6","21.0","1.0","21.0","","","0 €","0.90","1","18.0","13.13","126","6.30","0.480","411 €","31 €","1369 €","","","","","","","","","","","","","-60","40","100","6.8","0%","","50%","12","0.09","7.35","0.63","0.09",""
"","ZGF_Sable","Advanced","0.35","33.6","28.0","1.0","28.0","","","0 €","0.50","1","18.0","15.58","70","3.50","0.225","333 €","21 €","1109 €","","","","","","","","","","","","","-60","40","100","6.7","0%","","60%","12","0.05","9.80","0.35","0.04",""
"","ZGF_YellowMart","Advanced","0.35","33.6","28.0","1.0","28.0","","","0 €","0.80","1","18.0","15.58","112","5.60","0.360","350 €","22 €","1166 €","","","","","","","","","","","","","-60","40","100","6.2","0%","","40%","12","0.08","9.80","0.56","0.06",""
"","ZGF_MegaMart","Advanced","2.00","192.0","50.0","1.0","50.0","","","19 €","3.80","1","90.0","265.00","532","26.60","0.100","4549 €","17 €","3033 €","","","","","","","","","","525","6.90 €","3623 €","-60","40","100","5","0%","","50%","12","0.38","100.00","2.66","0.03",""
"","ZGF_Boommarten","None","0.14","13.4","5.7","1.8","3.2","","","0 €","0.20","1","13.3","2.11","31","1.55","0.737","81 €","38 €","363 €","","","","","","","","","","","","","-60","40","100","5","0%","","20%","12","0.04","0.45","0.31","0.69",""
"","Miraffe","Intermediate","0.57","54.2","35.0","1.0","35.0","He","5","19 €","3.00","20","120.0","80.80","420","21.00","0.260","1152 €","14 €","576 €","","","","","","540.0","1.90 €","1026 €","27.0","","","","-12","50","62","4.5","50%","","","42","0.60","19.78","4.20","0.21",""
"","MO_AbominationRace","","1.00","96.0","-1.0","1.0","-1.0","","","0 €","2.00","1","0.0","-1.00","800","40.00","-40.000","3800 €","-3800.00 €","Infinity €","","","","","","","","","","","","","-198","98","296","2.1","0%","","","","2.00","-1.00","40.00","-40.00",""
"","BlackCappedConure","Intermediate","0.10","9.6","3.0","1.0","3.0","He","1","21 €","0.20","1","12.0","1.32","31","1.55","1.177","50 €","38 €","249 €","20.0","10 €","200 €","0.2","3.3","","","","","","","","10","40","30","3.1","50%","","20%","42","0.02","0.30","0.16","0.52",""
"","CrimsonBelliedConure","Intermediate","0.10","9.6","3.0","1.0","3.0","He","1","21 €","0.20","1","12.0","1.32","31","1.55","1.177","50 €","38 €","249 €","20.0","10 €","200 €","0.2","3.3","","","","","","","","10","40","30","3.1","50%","","20%","42","0.02","0.30","0.16","0.52",""
"","GoldenConure","Intermediate","0.10","9.6","3.0","1.0","3.0","He","1","21 €","0.20","1","12.0","1.32","31","1.55","1.177","50 €","38 €","249 €","20.0","10 €","200 €","0.2","3.3","","","","","","","","10","40","30","3.1","50%","","20%","42","0.02","0.30","0.16","0.52",""
"","NandayConure","Intermediate","0.10","9.6","3.0","1.0","3.0","He","1","21 €","0.20","1","12.0","1.32","31","1.55","1.177","50 €","38 €","249 €","20.0","10 €","200 €","0.2","3.3","","","","","","","","10","40","30","3.1","50%","","20%","42","0.02","0.30","0.16","0.52",""
"","PineappleConure","Intermediate","0.10","9.6","3.0","1.0","3.0","He","1","21 €","0.20","1","12.0","1.32","31","1.55","1.177","50 €","38 €","249 €","20.0","10 €","200 €","0.2","3.3","","","","","","","","10","40","30","3.1","50%","","20%","42","0.02","0.30","0.16","0.52",""
"","SunConure","Intermediate","0.10","9.6","3.0","1.0","3.0","He","1","21 €","0.20","1","12.0","1.32","31","1.55","1.177","50 €","38 €","249 €","20.0","10 €","200 €","0.2","3.3","","","","","","","","10","40","30","3.1","50%","","20%","42","0.02","0.30","0.16","0.52",""
"","TurquoiseConure","Intermediate","0.10","9.6","3.0","1.0","3.0","He","1","21 €","0.20","1","12.0","1.32","31","1.55","1.177","50 €","38 €","249 €","20.0","10 €","200 €","0.2","3.3","","","","","","","","10","40","30","3.1","50%","","20%","42","0.02","0.30","0.16","0.52",""
"","CinnamonGroundDove","None","0.10","9.6","2.0","1.5","1.3","He","1","47 €","0.25","1","12.0","1.15","36","1.81","1.573","58 €","50 €","290 €","45.0","10 €","450 €","0.2","9.4","","","","","","","","10","45","35","3.1","80%","2.0","","60","0.03","0.13","0.18","1.36",""
"","DiamondDove","None","0.10","9.6","2.0","1.5","1.3","He","1","47 €","0.25","1","12.0","1.15","36","1.81","1.573","58 €","50 €","290 €","45.0","10 €","450 €","0.2","9.4","","","","","","","","10","55","45","3.1","60%","","10%","48","0.03","0.13","0.18","1.36",""
"","MourningDove","None","0.10","9.6","2.0","1.5","1.3","He","1","47 €","0.25","1","12.0","1.15","36","1.81","1.573","58 €","50 €","290 €","45.0","10 €","450 €","0.2","9.4","","","","","","","","10","55","45","3.1","80%","4.0","","60","0.03","0.13","0.18","1.36",""
"","RingneckDove","None","0.10","9.6","2.0","1.5","1.3","He","1","47 €","0.25","1","12.0","1.15","36","1.81","1.573","58 €","50 €","290 €","45.0","10 €","450 €","0.2","9.4","","","","","","","","10","45","35","3.1","50%","","20%","42","0.03","0.13","0.18","1.36",""
"","TurtleDove","None","0.10","9.6","25.0","1.5","16.7","He","1","16 €","0.13","1","30.0","4.52","24","1.19","0.264","38 €","8.43 €","76 €","3.6","10 €","36 €","0.1","0.4","","","","","15","8.00 €","120 €","5","35","30","5.5","35%","4.0","","33","0.01","1.67","0.12","0.07",""
"","HomingPigeon","None","0.10","9.6","2.0","1.5","1.3","He","1","47 €","0.25","1","12.0","1.15","36","1.81","1.573","58 €","50 €","290 €","45.0","10 €","450 €","0.2","9.4","","","","","","","","10","40","30","3.1","20%","","40%","24","0.03","0.13","0.18","1.36",""
"","Cormorant","Intermediate","0.15","14.4","4.0","1.5","2.7","He","1","19 €","0.45","1","18.0","2.76","63","3.15","1.140","153 €","55 €","509 €","22.5","12 €","270 €","0.4","8.4","","","","","","","","5","40","35","2.4","65%","","","51","0.05","0.40","0.32","0.79",""
"","Egret","Intermediate","0.15","14.4","4.0","1.5","2.7","He","1","19 €","0.40","1","18.0","2.76","56","2.80","1.014","138 €","50 €","461 €","22.5","12 €","270 €","0.3","7.5","","","","","","","","10","45","35","3.2","60%","","","48","0.04","0.40","0.28","0.70",""
"","Ibis","Intermediate","0.15","14.4","4.0","1.5","2.7","He","1","19 €","0.40","1","18.0","2.76","56","2.80","1.014","138 €","50 €","461 €","22.5","12 €","270 €","0.3","7.5","","","","","","","","10","45","35","3.2","60%","","","48","0.04","0.40","0.28","0.70",""
"","Pelican","Intermediate","0.15","14.4","4.0","1.5","2.7","He","1","28 €","0.60","1","18.0","2.76","84","4.20","1.520","196 €","71 €","654 €","22.5","18 €","405 €","0.5","11.3","","","","","","","","5","45","40","2.6","60%","","","48","0.06","0.40","0.42","1.05",""
"","Plover","Intermediate","0.10","9.6","4.0","1.5","2.7","He","1","12 €","0.20","1","18.0","1.84","31","1.55","0.844","85 €","46 €","285 €","22.5","5.00 €","113 €","0.2","3.8","","","","","","","","5","50","45","3.8","50%","","","42","0.02","0.27","0.16","0.58",""
"","Sandpiper","Intermediate","0.10","9.6","4.0","1.5","2.7","He","1","12 €","0.20","1","18.0","1.84","31","1.55","0.844","85 €","46 €","285 €","22.5","5.00 €","113 €","0.2","3.8","","","","","","","","-12","40","52","3.6","50%","","","42","0.02","0.27","0.16","0.58",""
"","Seagull","Intermediate","0.12","11.5","4.0","1.5","2.7","He","1","23 €","0.30","1","18.0","2.21","42","2.10","0.950","109 €","50 €","365 €","22.5","12 €","270 €","0.3","5.6","","","","","","","","-2","45","47","3","55%","","","45","0.03","0.32","0.21","0.66",""
"","Spoonbill","Intermediate","0.15","14.4","4.0","1.5","2.7","He","1","19 €","0.45","1","18.0","2.76","63","3.15","1.140","153 €","55 €","509 €","22.5","12 €","270 €","0.4","8.4","","","","","","","","10","45","35","3","60%","","","48","0.05","0.40","0.32","0.79",""
"","BlueJay","None","0.08","7.7","15.0","3.5","4.3","He","1","18 €","0.12","1","12.0","1.16","23","1.14","0.982","36 €","31 €","182 €","14.0","10 €","140 €","0.1","1.4","","","","","","","","-20","40","60","3.1","80%","","","60","0.01","0.34","0.11","0.33",""
"","Cardinal","None","0.08","7.7","15.0","3.5","4.3","He","1","18 €","0.12","1","12.0","1.16","23","1.14","0.982","36 €","31 €","182 €","14.0","10 €","140 €","0.1","1.4","","","","","","","","-5","40","45","3.1","80%","","","60","0.01","0.34","0.11","0.33",""
"","Goldfinch","None","0.08","7.7","15.0","4.0","3.8","He","1","21 €","0.12","1","12.0","1.12","23","1.14","1.020","36 €","33 €","182 €","16.0","10 €","160 €","0.1","1.6","","","","","","","","-30","40","70","3.1","80%","","","60","0.01","0.30","0.11","0.38",""
"","HouseFinch","None","0.08","7.7","25.0","4.5","5.6","He","1","19 €","0.07","1","21.0","2.03","18","0.88","0.433","28 €","14 €","80 €","10.8","10 €","108 €","0.1","0.6","","","","","5","8.00 €","38 €","-15","40","55","6","68%","","","53","0.01","0.44","0.09","0.20",""
"","Oriole","None","0.08","7.7","15.0","5.0","3.0","He","1","26 €","0.12","1","12.0","1.06","23","1.14","1.078","36 €","34 €","182 €","20.0","10 €","200 €","0.1","2.0","","","","","","","","-10","40","50","3.1","80%","","","60","0.01","0.24","0.11","0.47",""
"","ZebraFinch","None","0.08","7.7","15.0","5.0","3.0","He","1","26 €","0.12","1","12.0","1.06","23","1.14","1.078","36 €","34 €","182 €","20.0","10 €","200 €","0.1","2.0","","","","","","","","-5","40","45","3.1","80%","","","60","0.01","0.24","0.11","0.47",""
"","ZPT_CarolinaParakeet","Intermediate","0.50","48.0","9.0","1.5","6.0","He","5","2.29 €","0.35","1","21.0","12.15","49","2.45","0.202","124 €","10 €","354 €","10.0","11 €","110 €","0.3","2.9","","","","","","","","-20","40","60","3.3","25%","","50%","27","0.07","3.00","0.49","0.16",""
"","ZPT_Eclectus","Intermediate","0.30","28.8","7.0","1.0","7.0","He","3","2.68 €","0.25","1","21.0","7.64","36","1.81","0.238","97 €","13 €","277 €","8.6","9.00 €","77 €","0.2","1.8","","","","","","","","0","40","40","3.3","75%","","10%","57","0.05","2.10","0.36","0.17",""
"","ZPT_Hyacinth","Advanced","0.40","38.4","7.0","1.0","7.0","He","4","2.90 €","0.80","1","36.0","15.40","112","5.60","0.364","254 €","17 €","424 €","8.6","13 €","111 €","0.7","5.7","","","","","","","","-15","40","55","4.7","55%","","","45","0.16","2.80","1.12","0.40","B"
"","ZPT_Kea","Advanced","0.40","38.4","9.0","1.0","9.0","","","1.91 €","0.75","1","36.0","16.20","105","5.25","0.324","240 €","15 €","399 €","6.7","11 €","73 €","0.6","4.2","","","","","","","","-50","40","90","4.8","55%","","","45","0.15","3.60","1.05","0.29",""
"","ZPT_LilacMegakeet","None","0.35","33.6","6.0","1.0","6.0","He","3","2.68 €","1.40","16","36.0","13.13","196","9.80","0.747","437 €","33 €","728 €","10.0","9.00 €","90 €","1.2","11.7","","","","","","","","-50","40","90","5","30%","2.0","","30","0.28","2.10","1.96","0.93","B"
"","ZPT_QuakerParrot","Intermediate","0.50","48.0","8.5","1.5","5.7","He","5","2.43 €","0.40","1","24.0","13.48","56","2.80","0.208","138 €","10 €","346 €","10.6","11 €","116 €","0.3","3.5","","","","","","","","-20","40","60","3","15%","","60%","21","0.08","2.83","0.56","0.20",""
"","ZPT_RingneckedParakeet","Intermediate","0.50","48.0","9.0","1.5","6.0","He","5","2.29 €","0.40","1","24.0","13.65","56","2.80","0.205","138 €","10 €","346 €","10.0","11 €","110 €","0.3","3.3","","","","","","","","-20","40","60","3.7","15%","","60%","21","0.08","3.00","0.56","0.19",""
"","ZPT_RubyMegakeet","Intermediate","0.55","52.8","7.0","1.0","7.0","He","5","1.46 €","2.00","16","33.0","19.94","280","14.00","0.702","624 €","31 €","1135 €","8.6","9.00 €","77 €","1.7","14.3","","","","","","","","-15","60","75","5","30%","2.0","","30","0.40","3.85","2.80","0.73","B"
"","ZPT_SunConure","Advanced","0.50","48.0","9.0","1.5","6.0","He","5","2.29 €","0.37","1","24.0","13.50","52","2.59","0.192","130 €","9.61 €","324 €","10.0","11 €","110 €","0.3","3.1","","","","","","","","-20","40","60","3.9","20%","","85%","24","0.07","3.00","0.52","0.17",""
"","RG_ArcticDrak","Advanced","0.35","33.6","12.0","1.0","12.0","","","14 €","2.20","18","15.0","8.82","308","15.40","1.746","730 €","83 €","2922 €","5.0","95 €","475 €","1.8","9.2","","","","","","","","-60","32","92","4.6","95%","","","69","0.44","4.20","3.08","0.73",""
"","RG_Velociraptor","Advanced","0.30","28.8","10.0","2.0","5.0","","","25 €","0.75","2","15.0","5.51","105","5.25","0.954","256 €","46 €","1024 €","12.0","60 €","720 €","0.6","7.5","","","","","","","","0","65","65","6","50%","","100%","42","0.08","1.50","0.53","0.35",""
"","RG_Megalenhydris","None","0.41","39.4","7.2","1.3","5.8","","","0 €","1.20","6","19.8","9.87","168","8.40","0.851","360 €","36 €","1091 €","","","","","","","","","","","","","-40","20","60","3.6","70%","","20%","54","0.24","2.37","1.68","0.71",""
"","RG_SabertoothTiger","Advanced","0.20","19.2","10.0","1.0","10.0","","","0 €","1.20","2.2","30.0","7.25","168","8.40","1.159","413 €","57 €","826 €","","","","","","","","","","","","","-45","40","85","5.2","82%","","","61","0.24","2.00","1.68","0.84",""
"","RG_Dodo","None","0.22","21.1","2.0","1.0","2.0","He","2","23 €","0.45","6","13.3","2.98","63","3.15","1.058","153 €","51 €","688 €","30.0","16 €","480 €","0.4","11.3","","","","","","","","-10","42","52","3.2","75%","4.0","","57","0.05","0.44","0.32","0.72",""
"","RG_Thrinaxodon","Advanced","0.16","15.4","6.0","2.5","2.4","He","2","20 €","0.42","2","24.0","3.74","59","2.94","0.785","142 €","38 €","355 €","25.0","12 €","300 €","0.4","8.8","","","","","","","","-10","40","50","4","85%","","","63","0.08","0.38","0.59","1.53","B"
"","RG_Synthetion","None","0.28","26.4","6.7","1.0","6.7","He","3","0 €","1.00","16","18.0","5.96","140","7.00","1.175","308 €","52 €","1027 €","","","","","","","","","","","","","-12","40","52","5","75%","2.0","","57","0.20","1.83","1.40","0.76",""
"","rtp_RhodesianRidgeback","Advanced","1.20","115.2","30.0","1.7","17.4","","","0 €","1.30","1","30.0","53.32","182","9.10","0.171","395 €","7.41 €","790 €","","","","","","","","","","","","","1","40","39","6.5","0%","","100%","12","0.26","20.92","1.82","0.09",""
"","Rat_Large","Advanced","0.20","19.2","12.0","1.6","7.4","He","2","0 €","1.00","1","18.0","4.86","140","7.00","1.439","344 €","71 €","1147 €","","","","","","","","","","","","","-45","40","85","5","60%","","5%","48","0.20","1.47","1.40","0.95",""
"","Whitefox","Advanced","0.30","28.8","16.0","1.0","16.0","","","63 €","0.80","1","120.0","36.30","112","5.60","0.154","499 €","14 €","250 €","","","","","","","","","","240","7.60 €","1824 €","-70","30","100","7.14","60%","","20%","48","0.16","4.80","1.12","0.23","B"
"","pphhyy_SanguineDeer","Intermediate","0.15","14.4","5.0","1.0","5.0","","","45 €","1.20","6","20.0","3.52","168","8.40","2.383","605 €","172 €","1815 €","","","","","","","","","","240","2.70 €","648 €","-60","30","90","6","65%","","40%","51","0.24","0.75","1.68","2.24",""
"","SCQuarterHorse","Advanced","0.85","81.6","28.0","1.5","18.4","He","8","0 €","2.40","16","30.0","37.97","336","16.80","0.442","739 €","19 €","1478 €","","","","","","","","","","","","","-35","45","80","5.8","50%","2.0","60%","42","0.48","15.66","3.36","0.21",""
"","SCBlackHorse","Advanced","0.85","81.6","28.0","1.5","18.4","He","8","0 €","2.40","16","30.0","37.97","336","16.80","0.442","739 €","19 €","1478 €","","","","","","","","","","","","","-35","45","80","10","50%","2.0","60%","42","0.48","15.66","3.36","0.21",""
"","SCWhiteHorse","Advanced","0.85","81.6","28.0","1.5","18.4","He","8","0 €","2.40","16","30.0","37.97","336","16.80","0.442","739 €","19 €","1478 €","","","","","","","","","","","","","-35","45","80","12","50%","2.0","60%","42","0.48","15.66","3.36","0.21",""
"","SCPalomino","Advanced","1.25","120.0","28.0","1.5","18.4","He","12","0 €","2.40","10","30.0","55.84","336","16.80","0.301","739 €","13 €","1478 €","","","","","","","","","","","","","-35","45","80","8","50%","2.0","60%","42","0.48","23.03","3.36","0.15",""
"","SC_Rockbull","None","0.60","57.6","8.0","1.0","8.0","He","6","20 €","2.30","20","20.0","15.00","322","16.10","1.073","1067 €","71 €","3202 €","","","","","","375.0","3.00 €","1125 €","26.3","","","","-60","35","95","3.05","35%","4.0","23%","33","0.46","4.80","3.22","0.67",""
"","SC_RockbullAlbino","None","0.60","57.6","8.0","1.0","8.0","He","6","20 €","2.30","20","20.0","15.00","322","16.10","1.073","1067 €","71 €","3202 €","","","","","","375.0","3.00 €","1125 €","26.3","","","","-60","35","95","3.05","35%","4.0","23%","33","0.46","4.80","3.22","0.67",""
"","SC_Creamgrub","None","0.33","31.7","1.3","1.5","0.9","He","3","15 €","0.90","1","12.0","4.10","126","6.30","1.535","378 €","92 €","1890 €","67.7","7.00 €","474 €","0.8","50.8","","","","","","","","-30","60","90","1.5","30%","7.0","50%","30","0.18","0.29","1.26","4.31","B"
"","StrayDogs_BerneseMountainDog","Advanced","0.50","48.0","10.0","1.9","5.2","","","0 €","2.00","1","60.0","28.83","280","14.00","0.486","608 €","21 €","608 €","","","","","","","","","","","","","-25","25","50","4.8","0%","","100%","12","0.40","2.58","2.80","1.08","B"
"","StrayDogs_Shiba","Intermediate","0.20","19.2","11.0","4.2","2.6","","","30 €","0.52","1","54.0","10.73","73","3.64","0.339","168 €","16 €","187 €","","","","","","","","","","150","3.80 €","570 €","-20","32","52","5","0%","","100%","12","0.10","0.53","0.73","1.38","B"
"","StrayDogs_Kai","Intermediate","0.30","28.8","10.0","1.9","5.2","","","0 €","0.40","1","24.0","7.85","56","2.80","0.357","134 €","17 €","335 €","","","","","","","","","","","","","-10","30","40","4","20%","","100%","24","0.08","1.55","0.56","0.36","B"
"","StrayDogs_Hokkaido","Intermediate","0.30","28.8","10.0","1.9","5.2","","","0 €","0.40","1","24.0","7.85","56","2.80","0.357","134 €","17 €","335 €","","","","","","","","","","","","","-20","25","45","4","0%","","100%","12","0.08","1.55","0.56","0.36","B"
"","StrayDogs_Kishu","Intermediate","0.30","28.8","10.0","1.9","5.2","","","0 €","0.60","1","24.0","7.85","84","4.20","0.535","191 €","24 €","477 €","","","","","","","","","","","","","-10","30","40","5","20%","","100%","24","0.12","1.55","0.84","0.54","B"
"","StrayDogs_Shikoku","Intermediate","0.30","28.8","10.0","1.9","5.2","","","0 €","0.60","1","24.0","7.85","84","4.20","0.535","191 €","24 €","477 €","","","","","","","","","","","","","-10","30","40","5","0%","","100%","12","0.12","1.55","0.84","0.54","B"
"","StrayDogs_AkitaJapanese","Advanced","0.40","38.4","10.0","1.9","5.2","","","0 €","0.85","1","30.0","12.27","119","5.95","0.485","261 €","21 €","523 €","","","","","","","","","","","","","-15","25","40","5","0%","","100%","12","0.17","2.07","1.19","0.58","B"
"","SCMiniatureDachshund","Intermediate","0.50","48.0","10.0","4.6","2.2","","","0 €","0.25","1","30.0","14.21","36","1.81","0.128","93 €","6.58 €","187 €","","","","","","","","","","","","","-5","30","35","5.2","0%","","100%","12","0.05","1.08","0.36","0.33","B"
"","SCSchnauzer","Intermediate","0.50","48.0","10.0","5.3","1.9","","","0 €","0.25","1","30.0","14.06","36","1.81","0.129","93 €","6.65 €","187 €","","","","","","","","","","","","","-10","30","40","5.2","0%","","100%","12","0.05","0.94","0.36","0.39","B"
"","SCPug","Intermediate","0.50","48.0","10.0","4.0","2.5","","","0 €","0.25","1","30.0","14.37","36","1.81","0.126","93 €","6.50 €","187 €","","","","","","","","","","","","","0","25","25","4.2","0%","","100%","12","0.05","1.25","0.36","0.29","B"
"","SCWelshCorgi","Intermediate","0.50","48.0","10.0","6.3","1.6","","","0 €","0.42","1","30.0","13.92","59","2.94","0.211","140 €","10 €","279 €","","","","","","","","","","","","","-10","30","40","5.2","0%","","100%","12","0.08","0.79","0.59","0.74","B"
"","SCAfghanHound","Intermediate","0.50","48.0","11.0","6.3","1.7","","","21 €","0.71","1","60.0","29.37","99","4.97","0.169","222 €","7.55 €","222 €","","","","","","","","","","270","3.80 €","1026 €","-10","35","45","6.8","0%","","100%","12","0.14","0.87","0.99","1.15","B"
"","SCBorderCollie","Advanced","0.50","48.0","10.0","5.4","1.9","","","0 €","0.50","1","30.0","14.06","70","3.50","0.249","162 €","12 €","325 €","","","","","","","","","","","","","-20","30","50","5.2","0%","","100%","12","0.10","0.93","0.70","0.75","B"
"","SCBullTerrier","Advanced","0.50","48.0","10.0","5.3","1.9","","","0 €","0.50","1","30.0","14.08","70","3.50","0.249","162 €","12 €","325 €","","","","","","","","","","","","","0","30","30","5.2","0%","","100%","12","0.10","0.95","0.70","0.74","B"
"","SCChowchow","Advanced","0.50","48.0","10.0","4.6","2.2","","","0 €","0.50","1","30.0","14.21","70","3.50","0.246","162 €","11 €","325 €","","","","","","","","","","","","","-35","25","60","5.2","0%","","100%","12","0.10","1.09","0.70","0.64","B"
"","SCCollie","Advanced","0.50","48.0","10.0","5.8","1.7","","","0 €","0.70","1","30.0","13.98","98","4.90","0.350","219 €","16 €","438 €","","","","","","","","","","","","","-25","30","55","5.2","0%","","100%","12","0.14","0.86","0.98","1.14","B"
"","SCDoberman","Advanced","0.50","48.0","11.0","6.8","1.6","","","7.92 €","0.83","1","72.0","35.31","116","5.81","0.165","256 €","7.24 €","213 €","","","","","","","","","","100","3.80 €","380 €","-5","35","40","5.5","0%","","100%","12","0.17","0.81","1.16","1.43","B"
"","SCGoldenRetriever","Advanced","0.50","48.0","10.0","7.2","1.4","","","0 €","0.50","1","30.0","13.82","70","3.50","0.253","162 €","12 €","325 €","","","","","","","","","","","","","-10","30","40","5.2","0%","","100%","12","0.10","0.70","0.70","1.01","B"
"","SCGreyhound","Advanced","0.50","48.0","10.0","7.4","1.3","","","0 €","0.50","1","30.0","13.80","70","3.50","0.254","162 €","12 €","325 €","","","","","","","","","","","","","0","30","30","7","0%","","100%","12","0.10","0.67","0.70","1.04","B"
"","SCOldEnglishSheepdog","Intermediate","0.50","48.0","10.0","5.2","1.9","","","0 €","0.60","1","30.0","14.09","84","4.20","0.298","191 €","14 €","381 €","","","","","","","","","","","","","-25","30","55","5","0%","","100%","12","0.12","0.96","0.84","0.87","B"
"","SCStandardPoodle","Advanced","0.50","48.0","10.0","6.5","1.5","","","0 €","0.60","1","30.0","13.90","84","4.20","0.302","191 €","14 €","381 €","","","","","","","","","","","","","0","30","30","5","0%","","100%","12","0.12","0.77","0.84","1.09","B"
"","SCBorzoi","Advanced","0.50","48.0","10.0","6.4","1.6","","","0 €","0.70","1","30.0","13.91","98","4.90","0.352","219 €","16 €","438 €","","","","","","","","","","","","","-15","30","45","6.5","0%","","100%","12","0.14","0.78","0.98","1.26","B"
"","SCBullmastiff","Advanced","0.50","48.0","10.0","7.4","1.3","","","0 €","1.20","1","30.0","13.80","168","8.40","0.609","365 €","26 €","730 €","","","","","","","","","","","","","-5","30","35","5.2","25%","","100%","27","0.24","0.67","1.68","2.49","B"
"","SCCaucasianshepherd","Advanced","0.50","48.0","10.0","7.7","1.3","","","0 €","1.20","1","30.0","13.77","168","8.40","0.610","365 €","26 €","730 €","","","","","","","","","","","","","-50","25","75","5.2","25%","","100%","27","0.24","0.65","1.68","2.60","B"
"","SCSaintbernard","Advanced","0.50","48.0","10.0","5.2","1.9","","","0 €","1.10","1","30.0","14.08","154","7.70","0.547","334 €","24 €","669 €","","","","","","","","","","","","","-50","25","75","5.2","0%","","100%","12","0.22","0.95","1.54","1.62","B"
"","SCNewFoundland","Advanced","0.50","48.0","10.0","5.2","1.9","","","0 €","1.10","1","30.0","14.08","154","7.70","0.547","334 €","24 €","669 €","","","","","","","","","","","","","-30","30","60","5.2","0%","","100%","12","0.22","0.95","1.54","1.62","B"
"","StrayDogs_SwedishVallhund","Intermediate","0.15","14.4","10.0","1.9","5.2","","","0 €","0.40","1","18.0","3.25","56","2.80","0.862","134 €","41 €","446 €","","","","","","","","","","","","","-40","25","65","3.3","0%","","100%","12","0.08","0.77","0.56","0.72",""
"","TVP_ShibaInu","Intermediate","0.40","38.4","11.0","4.2","2.6","","","15 €","0.52","1","54.0","21.46","73","3.64","0.170","168 €","7.83 €","187 €","","","","","","","","","","150","3.80 €","570 €","-20","32","52","5","0%","","100%","12","0.10","1.06","0.73","0.69","B"
"","ZTT_Plasturtle","None","0.30","28.8","6.9","1.5","4.6","He","3","8.15 €","2.30","14","25.8","8.00","322","16.10","2.014","1343 €","168 €","3124 €","13.0","18 €","235 €","1.9","25.0","","","","","","","","-30","40","70","2.4","95%","2.0","","69","0.46","1.38","3.22","2.33","B"
"","ZTT_Toughback","None","0.30","28.8","6.9","1.5","4.6","He","3","8.15 €","1.90","12","22.8","7.23","266","13.30","1.840","585 €","81 €","1540 €","13.0","18 €","235 €","1.6","20.6","","","","","","","","-30","40","70","2.6","95%","2.0","","69","0.38","1.38","2.66","1.93","B"
"","Addax","None","0.35","33.6","29.0","1.0","29.0","He","3","0 €","1.20","1","60.0","29.05","168","8.40","0.289","370 €","13 €","370 €","","","","","","","","","","","","","-10","65","75","5","85%","","","63","0.24","10.15","1.68","0.17",""
"","Bongo","None","0.35","33.6","29.0","1.0","29.0","He","3","0 €","2.70","1","60.0","29.05","378","18.90","0.651","832 €","29 €","832 €","","","","","","","","","","","","","-10","55","65","5","90%","","","66","0.54","10.15","3.78","0.37",""
"","Gemsbok","None","0.35","33.6","29.0","1.0","29.0","He","3","0 €","2.30","1","60.0","29.05","322","16.10","0.554","708 €","24 €","708 €","","","","","","","","","","","","","-10","60","70","5","85%","","","63","0.46","10.15","3.22","0.32",""
"","GoldenJackal","Advanced","0.50","48.0","10.0","1.7","5.8","","","0 €","0.70","1","30.0","16.03","98","4.90","0.306","250 €","16 €","500 €","","","","","","","","","","","","","-30","60","90","5","70%","","100%","54","0.14","2.91","0.98","0.34","B"
"","Bushdog","Advanced","0.25","24.0","10.0","1.7","5.8","He","2","0 €","0.30","1","27.0","7.45","42","2.10","0.282","115 €","15 €","256 €","","","","","","","","","","","","","-10","60","70","4","80%","","50%","60","0.06","1.45","0.42","0.29","B"
"","Dingo","Advanced","0.50","48.0","10.0","1.7","5.8","","","0 €","0.75","1","30.0","16.03","105","5.25","0.328","233 €","15 €","466 €","","","","","","","","","","","","","-10","60","70","5","40%","","100%","36","0.15","2.91","1.05","0.36","B"
"","Manedwolf","Advanced","0.25","24.0","10.0","1.7","5.8","He","2","0 €","1.00","1","27.0","7.45","140","7.00","0.939","324 €","43 €","720 €","","","","","","","","","","","","","-10","60","70","5","70%","","50%","54","0.20","1.45","1.40","0.96","B"
"","Racoon_dog","Advanced","0.50","48.0","8.0","1.7","4.6","","","0 €","0.35","1","30.0","15.45","49","2.45","0.159","140 €","9.09 €","281 €","","","","","","","","","","","","","-30","40","70","5","85%","","100%","63","0.07","2.32","0.49","0.21","B"
"","AEXP_Coyote","Advanced","0.25","24.0","12.0","1.7","7.0","","","0 €","0.76","2","27.0","7.74","106","5.32","0.687","269 €","35 €","597 €","","","","","","","","","","","","","-25","40","65","5","85%","","10%","63","0.15","1.74","1.06","0.61",""
"","AEXP_Giraffe","None","0.45","43.2","12.0","1.0","12.0","He","4","0 €","4.00","16","19.8","12.96","350","17.50","1.350","896 €","69 €","2715 €","","","","","","","","","","","","","-25","40","65","4.3","65%","","","51","0.80","5.40","3.50","0.65",""
"","AEXP_Zebra","None","0.45","43.2","55.0","1.2","47.1","He","4","32 €","1.71","16","180.0","98.84","239","11.97","0.121","527 €","5.33 €","176 €","","","","","","","","","","140","10 €","1400 €","5","45","40","6.5","85%","2.0","60%","63","0.34","21.21","2.39","0.11",""
"","AEXP_Wildebeest","None","0.53","50.4","6.7","1.0","6.7","He","5","6.79 €","2.20","16","20.0","12.42","308","15.40","1.240","774 €","62 €","2323 €","","","","","","180.0","1.90 €","342 €","9.0","","","","-10","40","50","3.4","65%","2.0","","51","0.44","3.50","3.08","0.88",""
"","AEXP_Crocodile","None","0.28","26.9","6.0","1.0","6.0","","","8.93 €","1.60","8","12.0","4.66","224","11.20","2.402","493 €","106 €","2464 €","10.0","24 €","240 €","1.3","13.3","","","","","","","","0","60","60","2.6","84%","","5%","62","0.32","1.68","2.24","1.33",""
"","AEXP_Boombat","None","0.05","4.8","5.7","1.0","5.7","He","0","58 €","0.40","1","13.3","0.87","56","2.80","3.201","132 €","151 €","593 €","","","","","","120.0","2.30 €","276 €","0.0","","","","-15","50","65","4","70%","","","54","0.08","0.28","0.56","1.98",""
"","AEXP_Kangaroo","Intermediate","0.54","51.4","10.0","1.9","5.2","He","5","0 €","1.80","4","21.0","12.39","252","12.60","1.017","641 €","52 €","1831 €","","","","","","","","","","","","","-10","40","50","3","60%","","","48","0.36","2.76","2.52","0.91",""
"","AEXP_Koala","None","0.05","4.8","6.7","1.0","6.7","He","0","0 €","0.25","1","13.3","0.92","36","1.81","1.962","92 €","99 €","413 €","","","","","","","","","","","","","0","40","40","2","70%","","50%","54","0.05","0.33","0.36","1.09",""
"","AEXP_Platypus","None","0.15","14.4","15.0","2.5","6.0","He","1","6.25 €","0.25","1","20.0","3.56","36","1.81","0.509","217 €","61 €","653 €","10.0","9.00 €","90 €","0.2","2.1","","","","","","","","-20","40","60","2.5","85%","","","63","0.05","0.90","0.36","0.40",""
"","AEXP_ArcticCoyote","Advanced","0.25","24.0","10.0","1.7","5.8","","","0 €","0.76","2","27.0","7.45","106","5.32","0.714","269 €","36 €","597 €","","","","","","","","","","","","","-25","40","65","5","85%","","10%","63","0.15","1.45","1.06","0.73","B"
"","AEXP_CatAbyssinian","None","0.15","14.4","10.0","1.9","5.2","","","0 €","0.32","1","24.0","4.04","45","2.24","0.555","109 €","27 €","273 €","","","","","","","","","","","","","-25","40","65","4.4","0%","","100%","12","0.06","0.77","0.45","0.58","B"
"","AEXP_CatBengal","None","0.15","14.4","10.0","1.9","5.2","","","0 €","0.32","1","24.0","4.04","45","2.24","0.555","109 €","27 €","273 €","","","","","","","","","","","","","-25","40","65","4.4","0%","","100%","12","0.06","0.77","0.45","0.58","B"
"","AEXP_CatBritishShorthair","None","0.15","14.4","10.0","1.9","5.2","","","0 €","0.32","1","24.0","4.04","45","2.24","0.555","109 €","27 €","273 €","","","","","","","","","","","","","-25","40","65","4.4","0%","","100%","12","0.06","0.77","0.45","0.58","B"
"","AEXP_CatMaineCoon","Advanced","0.18","17.3","10.0","1.9","5.2","","","0 €","1.00","1","24.0","4.84","140","7.00","1.445","300 €","62 €","750 €","","","","","","","","","","","","","-25","40","65","4.4","0%","","100%","12","0.20","0.93","1.40","1.51","B"
"","AEXP_CatMunchkin","None","0.15","14.4","10.0","1.9","5.2","","","0 €","0.32","1","24.0","4.04","45","2.24","0.555","109 €","27 €","273 €","","","","","","","","","","","","","-25","40","65","3.4","0%","","100%","12","0.06","0.77","0.45","0.58","B"
"","AEXP_CatNorwegianForest","Advanced","0.15","14.4","10.0","1.9","5.2","","","0 €","0.66","1","24.0","4.04","92","4.62","1.144","205 €","51 €","512 €","","","","","","","","","","","","","-45","40","85","4.4","0%","","100%","12","0.13","0.77","0.92","1.19","B"
"","AEXP_CatPersian","None","0.15","14.4","10.0","1.9","5.2","","","0 €","0.32","1","24.0","4.04","45","2.24","0.555","109 €","27 €","273 €","","","","","","","","","","","","","-25","40","65","4.4","0%","","100%","12","0.06","0.77","0.45","0.58","B"
"","AEXP_CatSiamese","None","0.15","14.4","10.0","1.9","5.2","","","0 €","0.32","1","24.0","4.04","45","2.24","0.555","109 €","27 €","273 €","","","","","","","","","","","","","-25","40","65","5.4","0%","","100%","12","0.06","0.77","0.45","0.58","B"
"","AEXP_CatSomali","None","0.15","14.4","10.0","1.9","5.2","","","0 €","0.32","1","24.0","4.04","45","2.24","0.555","109 €","27 €","273 €","","","","","","","","","","","","","-25","40","65","4.4","0%","","100%","12","0.06","0.77","0.45","0.58","B"
"","AEXP_CatSphynx","None","0.15","14.4","10.0","1.9","5.2","","","0 €","0.32","1","24.0","4.04","45","2.24","0.555","109 €","27 €","273 €","","","","","","","","","","","","","0","40","40","4.4","0%","","100%","12","0.06","0.77","0.45","0.58","B"
"","AEXP_Hyena","Advanced","0.25","24.0","10.0","1.7","5.8","","","0 €","0.76","4","27.0","7.45","106","5.32","0.714","269 €","36 €","597 €","","","","","","","","","","","","","-20","40","60","5","85%","","14%","63","0.15","1.45","1.06","0.73","B"
"","AEXP_DesertTortoise","None","0.10","9.6","6.7","2.0","3.3","He","1","19 €","0.60","1","18.0","1.91","84","4.20","2.201","193 €","101 €","645 €","18.0","10 €","180 €","0.5","9.0","","","","","","","","0","65","65","1","80%","","","60","0.12","0.33","0.84","2.52","B"
"","AEXP_Lion","Advanced","0.30","28.8","10.0","1.0","10.0","","","0 €","1.65","2","30.0","10.88","231","11.55","1.062","713 €","66 €","1426 €","","","","","","","","","","","","","-12","80","92","4.4","88%","","","65","0.33","3.00","2.31","0.77",""
"","AEXP_GilaMonster","None","0.24","23.0","6.7","1.5","4.4","He","2","7.04 €","0.50","2","15.0","4.34","70","3.50","0.806","165 €","38 €","659 €","13.5","12 €","162 €","0.4","5.6","","","","","","","","0","80","80","2.25","60%","","5%","48","0.10","1.07","0.70","0.66",""
"","AEXP_Beagle","Intermediate","0.15","14.4","10.0","1.9","5.2","","","48 €","0.30","1","18.0","3.25","42","2.10","0.646","106 €","32 €","352 €","","","","","","","","","","180","3.80 €","684 €","-15","40","55","3.1","0%","","100%","12","0.06","0.77","0.42","0.54",""
"","AEXP_Chihuahua","Intermediate","0.15","14.4","10.0","1.9","5.2","","","24 €","0.15","1","18.0","3.25","26","1.29","0.398","71 €","22 €","236 €","","","","","","","","","","90","3.80 €","342 €","-15","40","55","3","0%","","100%","12","0.03","0.77","0.26","0.33",""
"","AEXP_Corgi","Intermediate","0.15","14.4","10.0","1.9","5.2","","","32 €","0.40","1","18.0","3.25","56","2.80","0.862","134 €","41 €","446 €","","","","","","","","","","120","3.80 €","456 €","-15","40","55","3.3","0%","","100%","12","0.08","0.77","0.56","0.72",""
"","AEXP_FrenchBulldog","Intermediate","0.30","28.8","10.0","1.9","5.2","","","0 €","0.40","1","18.0","6.50","56","2.80","0.431","134 €","21 €","446 €","","","","","","","","","","","","","-15","40","55","3.3","0%","","100%","12","0.08","1.55","0.56","0.36",""
"","AEXP_GermanShepherd","Advanced","0.50","48.0","10.0","1.7","5.8","","","14 €","1.00","1","27.0","14.91","140","7.00","0.470","344 €","23 €","764 €","","","","","","","","","","180","3.80 €","684 €","-40","40","80","5","0%","","60%","12","0.20","2.91","1.40","0.48","B"
"","AEXP_GreatDane","Advanced","0.40","38.4","10.0","1.9","5.2","","","18 €","1.45","1","30.0","12.57","203","10.15","0.808","441 €","35 €","882 €","","","","","","","","","","180","3.80 €","684 €","-30","40","70","5","0%","","100%","12","0.29","2.07","2.03","0.98","B"
"","AEXP_Poodle","Advanced","0.20","19.2","10.0","1.9","5.2","","","36 €","0.75","1","30.0","6.28","105","5.25","0.836","233 €","37 €","466 €","","","","","","","","","","180","3.80 €","684 €","-30","40","70","4","0%","","100%","12","0.15","1.03","1.05","1.02","B"
"","AEXP_Pug","Intermediate","0.15","14.4","10.0","1.9","5.2","","","24 €","0.30","1","18.0","3.25","42","2.10","0.646","106 €","32 €","352 €","","","","","","","","","","90","3.80 €","342 €","-15","40","55","3.1","0%","","120%","12","0.06","0.77","0.42","0.54",""
"","AEXP_Rottweiler","Advanced","0.40","38.4","10.0","1.9","5.2","","","18 €","0.75","1","30.0","12.57","105","5.25","0.418","233 €","19 €","466 €","","","","","","","","","","180","3.80 €","684 €","-30","40","70","5","0%","","100%","12","0.15","2.07","1.05","0.51","B"
"","AEXP_Shih-Tzu","Intermediate","0.15","14.4","10.0","1.9","5.2","","","32 €","0.32","1","18.0","3.25","45","2.24","0.689","111 €","34 €","371 €","","","","","","","","","","120","3.80 €","456 €","-15","40","55","3.1","0%","","100%","12","0.06","0.77","0.45","0.58",""
"","AEXP_WelshTerrier","Advanced","0.50","48.0","10.0","1.7","5.8","","","14 €","0.86","1","30.0","16.03","120","6.02","0.376","264 €","16 €","529 €","","","","","","","","","","180","3.80 €","684 €","-50","40","90","5","0%","","100%","12","0.17","2.91","1.20","0.41","B"
"","AEXP_Camel","None","0.54","51.4","6.7","1.0","6.7","He","5","41 €","2.00","16","20.0","12.26","280","14.00","1.142","632 €","52 €","1896 €","","","","","","540.0","1.90 €","1026 €","27.0","400","2.70 €","1080 €","-12","80","92","4.3","25%","3.0","","27","0.40","3.56","2.80","0.79",""
"","AEXP_Rattlesnake","None","0.07","6.7","10.0","1.5","6.7","","","38 €","0.25","1","30.0","2.41","36","1.81","0.753","95 €","40 €","191 €","9.0","28 €","252 €","0.2","1.9","","","","","","","","0","60","60","3.3","75%","","5%","57","0.05","0.47","0.36","0.78","B"
"","AEXP_RedPanda","Intermediate","0.10","9.6","6.7","1.0","6.7","He","1","0 €","0.28","4","20.0","2.52","39","1.94","0.773","97 €","39 €","292 €","","","","","","","","","","","","","5","40","35","3","75%","","10%","57","0.06","0.67","0.39","0.58",""
"","AEXP_WildGoose","None","0.35","33.6","30.0","6.0","5.0","He","3","18 €","0.42","6","90.0","32.20","59","2.94","0.091","141 €","4.39 €","94 €","12.0","9.00 €","108 €","0.4","4.2","","","","","60","8.00 €","480 €","-15","35","50","3.5","60%","3.0","","48","0.04","1.75","0.29","0.17","B"
"","AEXP_Beaver","None","0.30","28.8","8.5","2.0","4.3","He","3","0 €","0.30","8","21.0","6.90","42","2.10","0.304","104 €","15 €","296 €","","","","","","","","","","","","","-20","40","60","3.7","68%","","","53","0.06","1.28","0.42","0.33","B"
"","AEXP_Hedgehog","None","0.05","4.8","5.5","3.9","1.4","He","0","0 €","0.23","1","30.0","1.50","34","1.71","1.143","87 €","58 €","175 €","","","","","","","","","","","","","-5","35","40","2.5","55%","","5%","45","0.05","0.07","0.34","4.83","B"
"","AEXP_Lemur","Intermediate","0.05","4.8","6.7","1.0","6.7","He","0","0 €","0.25","1","13.3","0.92","36","1.81","1.962","92 €","99 €","413 €","","","","","","","","","","","","","-5","50","55","3.5","70%","","10%","54","0.05","0.33","0.36","1.09",""
"","AEXP_Mandrill","Advanced","0.25","24.0","12.0","1.0","12.0","He","2","0 €","0.80","2","13.3","5.96","112","5.60","0.940","244 €","41 €","1098 €","","","","","","","","","","","","","-5","50","55","4.5","80%","","2.5%","60","0.16","3.00","1.12","0.37",""
"","AEXP_Tapir","None","0.45","43.2","5.7","1.3","4.4","He","4","0 €","0.85","6","24.0","12.09","119","5.95","0.492","258 €","21 €","645 €","","","","","","","","","","","","","-5","50","55","3.9","65%","3.0","","51","0.17","1.97","1.19","0.60","B"
"","AEXP_Anaconda","None","0.25","24.0","6.0","1.0","6.0","","","52 €","3.00","8","30.0","8.06","250","12.50","1.550","652 €","81 €","1304 €","10.0","125 €","1250 €","2.0","20.0","","","","","","","","-20","40","60","4","75%","","","57","0.60","1.50","2.50","1.67","B"
"","AEXP_IndianElephant","Advanced","1.60","153.6","13.3","1.0","13.3","He","15","0 €","3.30","24","40.0","78.05","462","23.10","0.296","1135 €","15 €","1705 €","","","","","","","","","","","","","-12","50","62","4.5","75%","","","57","0.66","21.31","4.62","0.22",""
"","AEXP_MegaWolverine","Advanced","0.75","72.0","20.0","1.0","20.0","","","0 €","3.80","4","180.0","138.75","532","26.60","0.192","1353 €","9.75 €","451 €","","","","","","","","","","","","","-85","40","125","4.8","97%","","","70","0.76","15.00","5.32","0.35","B"
"","AEXP_BlackFootedFerret","Advanced","0.10","9.6","8.0","1.5","5.3","","","0 €","0.50","1","13.3","1.72","70","3.50","2.039","160 €","93 €","719 €","","","","","","","","","","","","","-10","40","50","4","60%","","5%","48","0.10","0.53","0.70","1.31",""
"","AEXP_BlackRhino","None","1.07","102.7","90.0","1.2","77.1","He","10","3.70 €","2.58","20","360.0","459.72","361","18.06","0.039","1011 €","2.20 €","169 €","","","","","","200.0","1.90 €","380 €","10.0","","","","8","42","34","4.5","90%","","","66","0.52","82.54","3.61","0.04","B"
"","AEXP_Bonobo","Advanced","0.35","33.6","8.0","1.0","8.0","He","3","0 €","0.75","4","24.0","10.15","105","5.25","0.517","230 €","23 €","575 €","","","","","","","","","","","","","-5","50","55","3","80%","","20%","60","0.15","2.80","1.05","0.38",""
"","AEXP_Quagga","None","0.43","40.8","6.7","1.0","6.7","He","4","0 €","2.00","16","30.0","13.99","280","14.00","1.001","616 €","44 €","1232 €","","","","","","","","","","","","","-15","65","80","7.2","50%","","60%","42","0.40","2.83","2.80","0.99",""
"","AEXP_RockhopperPenguin","None","0.10","9.6","6.0","1.0","6.0","","","16 €","0.40","4","30.0","3.30","56","2.80","0.848","138 €","42 €","277 €","10.0","15 €","150 €","0.3","3.3","","","","","","","","-60","20","80","2","70%","","","54","0.04","0.60","0.28","0.47",""
"","AEXP_TasmanianDevil","Advanced","0.40","38.4","12.0","2.9","4.1","","","0 €","0.75","2","30.0","12.46","105","5.25","0.421","230 €","18 €","460 €","","","","","","","","","","","","","-30","40","70","5","60%","","5%","48","0.15","1.66","1.05","0.63","B"
"","AEXP_Thylacine","Advanced","0.25","24.0","10.0","1.7","5.8","","","0 €","0.86","2","30.0","8.20","120","6.02","0.734","261 €","32 €","521 €","","","","","","","","","","","","","-5","40","45","5","60%","","5%","48","0.17","1.45","1.20","0.83","B"
"","AEXP_AfricanWildDog","Advanced","0.18","17.3","10.0","1.7","5.8","","","0 €","0.85","2","30.0","5.91","119","5.95","1.007","297 €","50 €","594 €","","","","","","","","","","","","","-20","40","60","5","85%","","","63","0.17","1.05","1.19","1.14","B"
"","AEXP_Pangolin","None","0.30","28.8","8.0","2.0","4.0","He","3","0 €","0.50","4","30.0","9.30","70","3.50","0.376","160 €","17 €","320 €","","","","","","","","","","","","","0","50","50","2","75%","","","57","0.10","1.20","0.70","0.58","B"
"","VAERoy_AngoraRabbit","Intermediate","0.12","11.0","5.7","1.8","3.2","He","1","0 €","0.20","1","13.3","1.73","31","1.55","0.897","81 €","47 €","363 €","","","","","","","","","","","","","-60","40","100","6","60%","","8%","48","0.04","0.37","0.31","0.84",""
"","VAERoy_Crane","None","0.23","21.6","4.0","1.5","2.7","He","2","11 €","1.25","4","13.3","3.26","120","6.00","1.839","302 €","93 €","1359 €","22.5","11 €","248 €","1.0","23.4","","","","","","","","-20","40","60","1.5","75%","","","57","0.13","0.60","0.60","1.00",""
"","VAERoy_Megachicken","Advanced","0.14","13.4","30.0","1.0","30.0","He","1","5.95 €","0.30","4","1080.0","1545.60","42","2.10","0.001","109 €","0.07 €","6.08 €","2.0","40 €","80 €","0.3","0.5","","","","","","","","-10","40","50","5","0%","","","12","0.06","50.40","0.42","0.01","B"
"","VAERoy_Orangutan","Advanced","0.25","24.0","15.0","1.0","15.0","He","2","0 €","1.80","4","20.0","8.00","252","12.60","1.575","641 €","80 €","1923 €","","","","","","","","","","","","","-8","50","58","3","55%","","","45","0.36","3.75","2.52","0.67",""
"","VAERoy_Pheasant","None","0.18","16.8","7.0","1.0","7.0","He","2","3.57 €","0.30","4","12.0","3.06","42","2.10","0.686","67 €","22 €","336 €","8.6","7.00 €","60 €","0.3","2.1","","","","","","","","-10","40","50","2.1","0%","","","12","0.03","1.23","0.21","0.17",""
"","VAERoy_RoyalTiger","Advanced","0.30","28.8","10.0","1.0","10.0","","","0 €","1.00","2","30.0","10.88","140","7.00","0.644","344 €","32 €","688 €","","","","","","","","","","","","","-25","40","65","5","65%","","","51","0.20","3.00","1.40","0.47",""
"","VAEWaste_Hydra","None","0.07","6.7","10.0","1.5","6.7","","","27 €","0.35","1","30.0","2.41","49","2.45","1.017","114 €","47 €","227 €","9.0","20 €","180 €","0.3","2.6","","","","","","","","0","60","60","3.5","75%","","","57","0.07","0.47","0.49","1.05","B"
"","VAEWaste_Pestigator","None","0.28","26.9","-1.0","1.0","-1.0","","","0 €","3.00","8","18.0","4.13","420","21.00","5.085","876 €","212 €","2920 €","","","","","","","","","","","","","-10","50","60","1.5","100%","","","72","0.60","-0.28","4.20","-15.00",""
"","VAEWaste_Toxafox","Advanced","0.10","9.6","10.0","1.7","5.8","","","0 €","0.55","1","20.0","2.43","77","3.85","1.584","168 €","69 €","505 €","","","","","","","","","","","","","-35","40","75","4.6","75%","","","57","0.11","0.58","0.77","1.33",""
"","VAEWaste_Toxbear","Advanced","0.35","33.6","10.0","1.0","10.0","","","0 €","4.00","4","30.0","12.95","560","28.00","2.162","1168 €","90 €","2336 €","","","","","","","","","","","","","-40","40","80","1.8","100%","","","72","0.80","3.50","5.60","1.60",""
"","VAEWaste_Toxiguana","None","0.20","19.2","5.7","1.5","3.8","He","2","21 €","1.40","1","13.3","3.12","196","9.80","3.140","431 €","138 €","1941 €","15.9","25 €","397 €","1.2","18.6","","","","","","","","0","60","60","3","50%","","","42","0.28","0.75","1.96","2.60",""
"","VAEWaste_Toxlion","Advanced","0.30","28.8","10.0","1.0","10.0","","","0 €","1.65","2","30.0","10.88","231","11.55","1.062","482 €","44 €","964 €","","","","","","","","","","","","","-12","80","92","4.4","88%","","","65","0.33","3.00","2.31","0.77",""
"","VAEWaste_Wasteboar","Intermediate","0.30","28.8","5.7","1.3","4.5","He","3","0 €","1.30","16","20.0","6.91","182","9.10","1.317","380 €","55 €","1139 €","","","","","","","","","","","","","-23","40","63","4.6","50%","","","42","0.26","1.36","1.82","1.34","B"
"","VAEWaste_Wastedeer","None","0.20","19.2","5.7","1.0","5.7","He","2","0 €","1.20","16","20.0","4.83","168","8.40","1.738","350 €","73 €","1051 €","","","","","","","","","","","","","-30","40","70","5.5","75%","2.0","","57","0.24","1.13","1.68","1.48",""
"","VAEWaste_Wasteffalo","None","0.54","51.4","6.7","1.0","6.7","He","5","0 €","2.40","16","20.0","12.26","336","16.80","1.371","701 €","57 €","2103 €","","","","","","","","","","","","","-55","45","100","4.5","60%","2.0","","48","0.48","3.56","3.36","0.94",""
"","WD_Beagle","Advanced","0.20","19.2","22.0","1.9","11.8","","","0 €","0.60","1","159.0","30.40","15","0.74","0.024","40 €","1.33 €","15 €","","","","","","","","","","","","","1","40","39","4","10%","","100%","18","0.12","2.35","0.15","0.06","B"
"","WD_Boxer","Advanced","0.20","19.2","22.0","1.9","11.8","","","0 €","1.20","1","159.0","30.40","24","1.18","0.039","67 €","2.21 €","25 €","","","","","","","","","","","","","-1","40","41","5","10%","","100%","18","0.24","2.35","0.24","0.10","B"
"","WD_Corgi","Advanced","0.20","19.2","22.0","1.9","11.8","","","0 €","0.50","1","159.0","30.40","14","0.70","0.023","36 €","1.20 €","14 €","","","","","","","","","","","","","1","40","39","4","10%","","100%","18","0.10","2.35","0.14","0.06","B"
"","WD_Dachshund","Advanced","0.20","19.2","22.0","1.9","11.8","","","0 €","0.50","1","159.0","30.40","14","0.70","0.023","36 €","1.20 €","14 €","","","","","","","","","","","","","1","40","39","3","10%","","100%","18","0.10","2.35","0.14","0.06","B"
"","WD_Dalmatian","Advanced","0.20","19.2","22.0","1.9","11.8","","","0 €","1.00","1","159.0","30.40","21","1.07","0.035","62 €","2.05 €","24 €","","","","","","","","","","","","","1","40","39","5","20%","","100%","24","0.20","2.35","0.21","0.09","B"
"","WD_Jackrussell","Advanced","0.20","19.2","22.0","1.9","11.8","","","0 €","0.50","1","159.0","30.40","14","0.70","0.023","36 €","1.20 €","14 €","","","","","","","","","","","","","1","40","39","5.75","10%","","100%","18","0.10","2.35","0.14","0.06","B"
"","WD_Pitbull","Advanced","0.20","19.2","22.0","1.9","11.8","","","0 €","1.20","1","159.0","30.40","24","1.18","0.039","67 €","2.21 €","25 €","","","","","","","","","","","","","-1","40","41","5","10%","","100%","18","0.24","2.35","0.24","0.10","B"
"","WD_Pug","Advanced","0.20","19.2","22.0","1.9","11.8","","","0 €","0.30","1","159.0","30.40","8","0.42","0.014","22 €","0.72 €","8.24 €","","","","","","","","","","","","","1","40","39","4","10%","","100%","18","0.06","2.35","0.08","0.04","B"
"","WD_Sheepdog","Advanced","0.20","19.2","22.0","1.9","11.8","","","13 €","1.00","1","159.0","30.40","21","1.07","0.035","62 €","2.05 €","24 €","","","","","","","","","","90","2.70 €","243 €","-5","40","45","5","10%","","100%","18","0.20","2.35","0.21","0.09","B"
"","DW_Garmr","Advanced","1.00","96.0","60.0","1.7","34.9","","","0 €","4.00","1","1200.0","1159.86","560","28.00","0.024","2336 €","2.01 €","117 €","","","","","","","","","","","","","-100","120","220","7","70%","","50%","54","0.80","34.86","5.60","0.16","B"
"","aka_Tanuki","Intermediate","0.32","30.7","14.0","1.0","14.0","He","3","0 €","0.30","1","24.0","11.44","42","2.10","0.184","104 €","9.06 €","259 €","","","","","","","","","","","","","-35","40","75","3","0%","","","12","0.06","4.48","0.42","0.09",""
"","DA_Barog","None","0.54","51.4","10.0","1.5","6.7","He","5","1.75 €","2.40","16","20.0","12.26","336","16.80","1.370","758 €","62 €","2275 €","9.0","10 €","90 €","2.0","18.0","","","","","","","","-20","45","65","4","55%","2.0","","45","0.48","3.57","3.36","0.94",""
"","DA_BeardedTroll","Advanced","1.50","144.0","12.0","1.3","9.6","","","0 €","2.00","8","36.0","62.78","160","8.00","0.127","752 €","12 €","1253 €","","","","","","","","","","","","","-55","40","95","5","80%","","","60","0.40","14.40","1.60","0.11",""
"","DA_BlackScribe","Intermediate","0.10","9.6","10.0","1.0","10.0","","","0 €","0.50","1","36.0","4.15","70","3.50","0.843","119 €","29 €","198 €","","","","","","","","","","","","","0","60","60","4.3","87%","","","64","0.10","1.00","0.70","0.70",""
"","DA_Crestel","Advanced","1.10","105.6","25.0","1.0","25.0","","","3.86 €","4.00","5","79.9","104.69","560","28.00","0.267","2176 €","21 €","1634 €","2.4","170 €","408 €","2.0","4.8","","","","","","","","-50","40","90","5.6","97%","","","70","0.80","27.50","5.60","0.20",""
"","DA_DwarvenMuffton","None","0.30","28.8","12.0","1.3","9.6","He","3","52 €","1.30","8","18.0","7.61","182","9.10","1.197","400 €","53 €","1335 €","","","","","","600.0","1.90 €","1140 €","30.0","120","3.00 €","360 €","-45","40","85","5","45%","2.0","","39","0.26","2.88","1.82","0.63",""
"","DA_Snaptoad","Intermediate","0.22","21.1","5.7","1.0","5.7","","","0 €","2.30","1","20.0","4.82","322","16.10","3.340","975 €","202 €","2926 €","","","","","","","","","","","","","-20","45","65","4.5","90%","","","66","0.46","1.25","3.22","2.59",""
"","DA_Goldilox","Advanced","1.60","153.6","15.0","1.0","15.0","He","15","6.92 €","4.00","15","79.9","133.87","560","28.00","0.209","1232 €","9.20 €","925 €","","","","","","30.0","7.00 €","210 €","2.4","107","8.00 €","853 €","-65","50","115","5.5","84%","","","62","0.80","24.00","5.60","0.23","B"
"","DA_IroncasketBeetle","Intermediate","0.10","9.6","12.0","1.0","12.0","","","0 €","0.50","1","36.0","4.35","70","3.50","0.805","104 €","24 €","173 €","","","","","","","","","","","","","0","40","40","2","20%","","","24","0.10","1.20","0.70","0.58",""
"","DA_Karabal","Intermediate","0.80","76.8","10.0","1.7","5.8","","","0 €","1.40","2","30.0","26.25","196","9.80","0.373","510 €","19 €","1019 €","","","","","","","","","","","","","0","60","60","5.5","60%","","50%","48","0.28","4.65","1.96","0.42","B"
"","DA_LeviathanCrab","Advanced","1.10","105.6","20.0","1.3","16.0","He","11","0 €","3.30","6","79.9","94.79","264","13.20","0.139","1426 €","15 €","1070 €","","","","","","","","","","","","","-50","40","90","4.6","80%","","","60","0.66","17.60","2.64","0.15","B"
"","DA_NorthernDrog","Advanced","1.10","105.6","12.0","1.3","9.6","","","0 €","4.00","25","79.9","87.75","560","28.00","0.319","2496 €","28 €","1874 €","","","","","","","","","","","","","-80","40","120","5.6","90%","","","66","0.80","10.56","5.60","0.53","B"
"","DA_ForestOwlcat","Intermediate","0.15","14.4","10.0","1.5","6.7","","","13 €","0.38","1","24.0","4.26","53","2.66","0.624","126 €","30 €","315 €","9.0","20 €","180 €","0.3","2.9","","","","","","","","-30","40","70","4.9","25%","","100%","27","0.08","1.00","0.53","0.53",""
"","DA_ArcticOwlcat","Intermediate","0.15","14.4","10.0","1.5","6.7","","","13 €","0.38","1","24.0","4.26","53","2.66","0.624","126 €","30 €","315 €","9.0","20 €","180 €","0.3","2.9","","","","","","","","-60","40","100","4.9","25%","","100%","27","0.08","1.00","0.53","0.53",""
"","DA_Phrak","Intermediate","0.10","9.6","2.0","3.0","0.7","","","75 €","0.30","1","18.0","1.79","42","2.10","1.172","17 €","9.38 €","56 €","90.0","8.00 €","720 €","0.3","22.5","","","","","","","","0","60","60","4.3","70%","","","54","0.06","0.07","0.42","6.30","B"
"","DA_Pilgrim","None","0.33","31.2","10.0","1.5","6.7","He","3","13 €","2.40","14","18.0","7.53","336","16.80","2.231","749 €","99 €","2496 €","9.0","45 €","405 €","2.0","18.0","","","","","","","","0","60","60","6","35%","2.0","","33","0.48","2.17","3.36","1.55",""
"","DA_RedhornedLarpah","Intermediate","0.40","38.4","12.0","1.8","6.9","","","0 €","1.00","1","18.0","9.04","140","7.00","0.774","704 €","78 €","2347 €","","","","","","","","","","","","","-30","40","70","6.5","99%","","","71","0.20","2.74","1.40","0.51",""
"","DA_ImperialRedhound","Advanced","0.90","86.4","10.0","1.7","5.8","","","0 €","2.15","2","30.0","29.53","301","15.05","0.510","740 €","25 €","1479 €","","","","","","","","","","","","","-45","40","85","5.5","15%","","50%","21","0.43","5.23","3.01","0.58","B"
"","DA_RockTroll","Intermediate","0.20","19.2","40.0","1.3","32.0","","","0 €","4.50","8","12.0","8.50","630","31.50","3.706","3168 €","373 €","15840 €","","","","","","","","","","","","","-55","80","135","3.5","80%","","","60","0.90","6.40","6.30","0.98",""
"","DA_SilverMole","None","0.10","9.6","6.7","1.8","3.8","He","1","0 €","0.20","1","12.0","1.36","31","1.55","1.147","212 €","156 €","1060 €","","","","","","","","","","","","","-15","55","70","7","60%","","40%","48","0.04","0.38","0.31","0.82",""
"","DA_Taraal","Advanced","0.50","48.0","10.0","1.0","10.0","","","10 €","2.50","1","36.0","20.75","350","17.50","0.843","900 €","43 €","1500 €","6.0","80 €","480 €","2.0","12.0","","","","","","","","-30","40","70","5.6","80%","","","60","0.50","5.00","3.50","0.70",""
"","DA_SnowTaraal","Advanced","0.50","48.0","10.0","1.0","10.0","","","10 €","2.50","1","36.0","20.75","350","17.50","0.843","900 €","43 €","1500 €","6.0","80 €","480 €","2.0","12.0","","","","","","","","-60","40","100","5.6","80%","","","60","0.50","5.00","3.50","0.70",""
"","FEB_Leadbelly","None","0.54","51.4","6.7","1.0","6.7","He","5","16 €","2.40","16","20.0","12.66","336","16.80","1.327","701 €","55 €","2103 €","","","","","","420.0","1.90 €","798 €","21.0","","","","-10","40","50","3.2","30%","2.0","","30","0.48","3.56","3.36","0.94",""
"","FEB_Toxoga","Advanced","1.50","144.0","10.0","1.9","5.2","","","0 €","1.00","8","720.0","997.74","140","7.00","0.007","292 €","0.29 €","24 €","","","","","","","","","","","","","-25","45","70","4.1","0%","","","12","0.20","7.74","1.40","0.18","B"
"","FEB_Apotheca","None","0.28","26.4","6.7","1.0","6.7","He","3","26 €","1.00","4","20.0","6.51","140","7.00","1.076","316 €","49 €","948 €","","","","","","","","","","180","3.80 €","684 €","-25","45","70","4.1","25%","3.0","","27","0.20","1.83","1.40","0.76",""
"","FEB_CryoToad","Intermediate","0.20","19.2","5.7","1.0","5.7","He","2","0 €","0.80","1","13.3","3.50","112","5.60","1.601","244 €","70 €","1098 €","","","","","","","","","","","","","-65","22","87","3.2","25%","","","27","0.16","1.13","1.12","0.99",""
"","FEB_Ferrohorn","None","0.85","81.6","6.7","1.0","6.7","He","8","12 €","2.40","16","20.0","19.47","336","16.80","0.863","739 €","38 €","2218 €","","","","","","","","","","360","2.70 €","972 €","-30","44","74","4.4","10%","2.0","","18","0.48","5.66","3.36","0.59",""
"","FEB_Gutterhog","Intermediate","0.80","76.8","19.0","6.7","2.9","He","8","29 €","1.13","16","60.0","47.28","158","7.91","0.167","339 €","7.17 €","339 €","","","","","","270.0","1.90 €","513 €","13.5","175","10 €","1750 €","-8","38","46","3.5","35%","","","33","0.23","2.28","1.58","0.69","B"
"","HC_Alligatorturtle","None","0.35","33.6","60.0","25.0","2.4","","","15 €","1.05","1","720.0","248.64","147","7.35","0.030","454 €","1.82 €","38 €","25.0","20 €","500 €","0.9","21.9","","","","","","","","5","38","33","1.2","75%","","","57","0.21","0.84","1.47","1.75","B"
"","HC_Baboon","Advanced","0.35","33.6","16.0","1.0","16.0","He","3","0 €","0.75","1","24.0","12.95","105","5.25","0.405","230 €","18 €","575 €","","","","","","","","","","","","","-5","50","55","4.3","75%","","","57","0.15","5.60","1.05","0.19",""
"","HC_Bullfrog","None","0.40","38.4","60.0","62.5","1.0","","","3.26 €","0.19","1","120.0","46.58","30","1.50","0.032","82 €","1.75 €","41 €","62.5","2.00 €","125 €","0.2","9.9","","","","","","","","3","38","35","3","50%","3.0","","42","0.04","0.38","0.30","0.78","B"
"","HC_Galapagostortoise","Intermediate","0.80","76.8","30.0","1.0","30.0","He","8","0.65 €","2.20","1","30.0","46.20","308","15.40","0.333","950 €","21 €","1901 €","2.0","25 €","50 €","1.8","3.7","","","","","","","","0","50","50","1","75%","","","57","0.44","24.00","3.08","0.13",""
"","HC_KomodoDragon","Advanced","0.32","30.7","30.0","1.0","30.0","","","1.95 €","1.60","1","36.0","20.16","224","11.20","0.556","493 €","24 €","821 €","2.0","30 €","60 €","1.3","2.7","","","","","","","","-10","55","65","4.4","75%","","","57","0.32","9.60","2.24","0.23",""
"","HC_Leopardgecko","None","0.12","11.5","12.0","2.0","6.0","","","2.60 €","0.10","1","24.0","3.33","21","1.03","0.311","57 €","17 €","142 €","10.0","3.00 €","30 €","0.1","0.8","","","","","","","","10","55","45","4","50%","","50%","42","0.02","0.72","0.21","0.29",""
"","HC_Pangolin","None","0.33","31.7","32.0","1.0","32.0","","","0 €","0.50","1","48.0","24.92","70","3.50","0.140","195 €","7.83 €","244 €","","","","","","","","","","","","","15","60","45","1.8","75%","","","57","0.10","10.56","0.70","0.07",""
"","HC_Samoyed","Advanced","0.30","28.8","26.0","1.9","13.4","","","7.92 €","0.70","1","30.0","11.90","98","4.90","0.412","219 €","18 €","438 €","","","","","","","","","","60","3.80 €","228 €","-55","38","93","5","0%","","100%","12","0.14","4.03","0.98","0.24",""
"","HC_Serval","Advanced","0.16","15.4","26.0","1.0","26.0","","","0 €","0.55","1","24.0","7.57","77","3.85","0.509","203 €","27 €","508 €","","","","","","","","","","","","","-8","50","58","6","80%","","","60","0.11","4.16","0.77","0.19",""
"","HC_Snowleopard","Advanced","0.20","19.2","32.0","1.0","32.0","","","0 €","1.30","1","24.0","10.66","182","9.10","0.854","447 €","42 €","1118 €","","","","","","","","","","","","","-50","40","90","5","80%","","","60","0.26","6.40","1.82","0.28",""
"","HC_Watermonitor","Intermediate","0.20","19.2","15.0","1.5","10.0","","","2.19 €","0.80","1","30.0","7.55","112","5.60","0.742","251 €","33 €","501 €","6.0","7.00 €","42 €","0.7","4.0","","","","","","","","10","45","35","4","60%","","","48","0.16","2.00","1.12","0.56",""
"","HC_Weasel","Advanced","0.20","19.2","26.0","1.0","26.0","","","0 €","0.35","1","24.0","9.40","49","2.45","0.261","118 €","13 €","294 €","","","","","","","","","","","","","-40","40","80","4.8","80%","","","60","0.07","5.20","0.49","0.09",""
"","SpottedHyena","Advanced","0.25","24.0","19.5","2.1","9.3","","","0 €","1.00","1","30.0","9.14","140","7.00","0.766","304 €","33 €","608 €","","","","","","","","","","","","","8","62","54","6.1","70%","","","54","0.20","2.32","1.40","0.60",""
"","StripedHyena","Advanced","0.25","24.0","19.5","2.1","9.3","","","0 €","1.00","1","30.0","9.14","140","7.00","0.766","304 €","33 €","608 €","","","","","","","","","","","","","8","62","54","6.1","70%","","","54","0.20","2.32","1.40","0.60",""
"","Grimstone_Belloceros","Intermediate","1.07","102.7","16.0","1.0","16.0","He","10","0 €","3.00","20","33.0","47.62","420","21.00","0.441","2352 €","49 €","4276 €","","","","","","","","","","","","","-20","40","60","4.6","70%","","","54","0.60","17.12","4.20","0.25",""
"","Grimstone_Griffar","Advanced","1.75","168.0","10.0","1.0","10.0","","","0.25 €","4.00","6","60.0","109.38","560","28.00","0.256","2656 €","24 €","2656 €","6.0","7.00 €","42 €","2.0","12.0","","","","","","","","-20","40","60","4.8","90%","","60%","66","0.80","17.50","5.60","0.32","B"
"","Grimstone_Grimshadow","Advanced","1.05","100.8","60.0","1.5","40.0","","","0.10 €","4.00","8","79.9","114.10","560","28.00","0.245","4096 €","36 €","3075 €","1.5","7.00 €","11 €","2.0","3.0","","","","","","","","0","100","100","4.2","90%","","0.5%","66","0.80","42.00","5.60","0.13",""
"","CK_KomodoDragon","Intermediate","0.20","19.2","20.0","15.0","1.3","","","94 €","2.00","1","21.0","4.20","280","14.00","3.336","616 €","147 €","1760 €","45.0","40 €","1800 €","1.7","75.0","","","","","","","","0","73","73","4.23","80%","","","60","0.40","0.27","2.80","10.50","B"
"","CK_Tapir","Intermediate","0.50","48.0","14.0","2.0","7.0","He","5","7.13 €","0.80","1","30.0","17.75","72","3.60","0.203","252 €","14 €","504 €","","","","","","180.0","1.90 €","342 €","9.0","","","","-15","73","88","4","75%","","","57","0.16","3.50","0.72","0.21","B"
"","CK_Okapi","Intermediate","0.80","76.8","30.0","2.0","15.0","He","8","13 €","1.30","1","42.0","42.60","182","9.10","0.214","400 €","9.40 €","572 €","","","","","","540.0","1.90 €","1026 €","27.0","","","","-10","73","83","3.2","75%","","","57","0.26","12.00","1.82","0.15",""
"","CK_Python","None","0.17","16.3","7.5","3.5","2.1","","","69 €","1.25","1","48.0","7.89","175","8.75","1.109","385 €","49 €","481 €","28.0","40 €","1120 €","1.0","29.2","","","","","","","","-5","73","78","4.84","75%","","","57","0.25","0.36","1.75","4.80","B"
"","VV_NHCP_Dryad_Cedarmaker","None","1.00","96.0","-1.0","1.0","-1.0","","","0 €","0.67","1","0.0","-1.00","4","0.19","-0.187","5.98 €","-5.98 €","Infinity €","","","","","","","","","","","","","-50","50","100","3","0%","","","12","0.67","-1.00","0.19","-0.19",""
"","VV_NHCP_Dryad_Ebonymaker","None","1.00","96.0","-1.0","1.0","-1.0","","","0 €","0.67","1","0.0","-1.00","4","0.19","-0.187","5.98 €","-5.98 €","Infinity €","","","","","","","","","","","","","-50","50","100","3","0%","","","12","0.67","-1.00","0.19","-0.19",""
"","VV_NHCP_Dryad_Mahoganymaker","None","1.00","96.0","-1.0","1.0","-1.0","","","0 €","0.67","1","0.0","-1.00","4","0.19","-0.187","5.98 €","-5.98 €","Infinity €","","","","","","","","","","","","","-50","50","100","3","0%","","","12","0.67","-1.00","0.19","-0.19",""
"","VV_NHCP_Dryad_Rosewoodmaker","None","1.00","96.0","-1.0","1.0","-1.0","","","0 €","0.67","1","0.0","-1.00","4","0.19","-0.187","5.98 €","-5.98 €","Infinity €","","","","","","","","","","","","","-50","50","100","3","0%","","","12","0.67","-1.00","0.19","-0.19",""
"","ERN_SnowLeopard","Advanced","0.22","21.1","10.0","1.0","10.0","","","0 €","1.10","2","30.0","8.14","154","7.70","0.946","378 €","46 €","757 €","","","","","","","","","","","","","-50","25","75","5","80%","","","60","0.22","2.20","1.54","0.70",""
"","ERN_Pika","None","0.10","9.6","5.7","1.6","3.5","He","1","0 €","0.15","1","13.3","1.53","26","1.29","0.845","69 €","45 €","312 €","","","","","","","","","","","","","-40","40","80","4","50%","","15%","42","0.03","0.35","0.26","0.74",""
"","ERN_PallasCat","Advanced","0.15","14.4","10.0","2.0","5.0","","","0 €","0.60","1","30.0","4.80","84","4.20","0.875","219 €","46 €","437 €","","","","","","","","","","","","","-45","25","70","5","80%","","","60","0.12","0.75","0.84","1.12","B"
"","ERN_Argali","None","0.23","21.6","5.7","1.0","5.7","He","2","62 €","1.00","8","30.0","7.35","140","7.00","0.953","308 €","42 €","616 €","","","","","","360.0","1.90 €","684 €","18.0","244","2.70 €","658 €","-50","20","70","4.6","75%","5.0","","57","0.20","1.27","1.40","1.10","B"
"","ERN_Opossum","Intermediate","0.25","24.0","2.2","9.0","0.2","He","2","25 €","0.35","1","24.0","5.61","49","2.45","0.437","118 €","21 €","294 €","","","","","","","","","","60","10 €","600 €","-5","38","43","3.5","32%","","","31","0.07","0.06","0.49","8.02","B"
"","ERN_Ferret","Advanced","0.15","14.4","5.7","1.9","3.0","","","0 €","0.50","1","13.3","2.21","70","3.50","1.584","165 €","75 €","742 €","","","","","","","","","","","","","-40","40","80","5","40%","","8%","36","0.10","0.46","0.70","1.53",""
"","ERN_Redpanda","Intermediate","0.25","24.0","6.0","1.5","4.0","He","2","0 €","0.30","1","13.3","3.96","42","2.10","0.531","104 €","26 €","467 €","","","","","","","","","","","","","0","35","35","4.1","30%","","","30","0.06","1.00","0.42","0.42",""
"","ERN_ptarmigan","None","0.35","33.6","4.0","4.0","1.0","He","3","13 €","0.18","6","12.0","3.92","29","1.45","0.370","46 €","12 €","232 €","60.0","7.00 €","420 €","0.2","9.0","","","","","","","","-40","40","80","2","2%","7.0","","13","0.02","0.35","0.15","0.41","B"
"","ERN_Greyfox","Advanced","0.12","11.5","10.0","1.7","5.8","","","0 €","0.55","1","20.0","2.92","77","3.85","1.320","216 €","74 €","649 €","","","","","","","","","","","","","-40","40","80","5.2","65%","","8%","51","0.11","0.70","0.77","1.10",""
"","ERN_Mink","Advanced","0.28","26.9","8.0","1.9","4.3","","","7.68 €","0.55","1","20.0","6.39","77","3.85","0.603","179 €","28 €","537 €","","","","","","","","","","48","4.30 €","206 €","-40","40","80","5","70%","","8%","54","0.11","1.21","0.77","0.64","B"
"","ERN_Hedgehog","None","0.24","23.0","5.5","3.9","1.4","He","2","0 €","0.23","1","30.0","7.18","34","1.71","0.238","87 €","12 €","175 €","","","","","","","","","","","","","-5","35","40","2.5","55%","","","45","0.05","0.34","0.34","1.01","B"
"","ERN_Gartersnake","None","0.07","6.7","5.7","2.8","2.0","","","0 €","0.15","1","30.0","2.08","26","1.29","0.622","72 €","35 €","145 €","","","","","","","","","","","","","0","60","60","3","65%","","5%","51","0.03","0.14","0.26","1.85","B"
"","ERN_Armadillo","None","0.17","16.3","10.0","1.9","5.4","","","0 €","0.20","1","13.3","2.93","31","1.55","0.531","81 €","28 €","363 €","","","","","","","","","","","","","-10","50","60","4.5","45%","","","39","0.04","0.91","0.31","0.34",""
"boneworm","Boneworm","Intermediate","0.20","19.2","10.0","1.0","10.0","","","0 €","3.00","4","30.0","7.40","420","21.00","2.838","924 €","125 €","1848 €","","","","","","","","","","","","","-40","40","80","4.6","80%","","","60","0.60","2.00","4.20","2.10",""
"cat","Cat","Advanced","0.15","14.4","10.0","1.9","5.2","","","0 €","0.50","1","24.0","4.04","70","3.50","0.867","160 €","40 €","399 €","","","","","","","","","","","","","-25","40","65","4.4","0%","","100%","12","0.10","0.77","0.70","0.90","B"
"cat","SMP_Tortie","None","0.15","14.4","10.0","1.9","5.2","","","0 €","0.36","1","24.0","4.04","50","2.52","0.624","121 €","30 €","301 €","","","","","","","","","","","","","-25","40","65","4.4","0%","","100%","12","0.07","0.77","0.50","0.65","B"
"cat-1","YorkshireTerrier","Intermediate","0.15","14.4","10.0","1.9","5.2","","","0 €","0.32","1","18.0","3.25","45","2.24","0.689","111 €","34 €","371 €","","","","","","","","","","","","","-15","40","55","3.1","0%","","100%","12","0.06","0.77","0.45","0.58",""
"cat-1","GuineaPig","None","0.10","9.6","6.7","1.8","3.8","He","1","17 €","0.20","1","12.0","1.36","31","1.55","1.147","131 €","97 €","654 €","","","","","","","","","","36","4.50 €","162 €","-15","55","70","5","60%","","30%","48","0.04","0.38","0.31","0.82",""
"cat-1","LabradorRetriever","Advanced","0.40","38.4","10.0","1.9","5.2","","","18 €","0.75","1","30.0","12.57","105","5.25","0.418","233 €","19 €","466 €","","","","","","","","","","180","3.80 €","684 €","-30","40","70","5","0%","","100%","12","0.15","2.07","1.05","0.51","B"
"cat-1","Husky","Advanced","0.50","48.0","10.0","1.7","5.8","","","14 €","0.86","1","30.0","16.03","120","6.02","0.376","264 €","16 €","529 €","","","","","","","","","","180","3.80 €","684 €","-50","40","90","5","0%","","100%","12","0.17","2.91","1.20","0.41","B"
"cat-1","Monkey","Intermediate","0.13","12.0","6.7","1.0","6.7","He","1","0 €","0.35","1","16.0","2.45","49","2.45","0.999","118 €","48 €","442 €","","","","","","","","","","","","","-5","50","55","4.3","60%","","50%","48","0.07","0.83","0.49","0.59",""
"cat-1","BrownLabradorRetriever","Advanced","0.40","38.4","10.0","1.9","5.2","","","18 €","0.75","1","30.0","12.57","105","5.25","0.418","233 €","19 €","466 €","","","","","","","","","","180","3.80 €","684 €","-30","40","70","5","0%","","100%","12","0.15","2.07","1.05","0.51","B"
"cat-1","Mastiff","Intermediate","0.50","48.0","10.0","1.7","5.8","","","14 €","0.90","1","30.0","16.03","126","6.30","0.393","276 €","17 €","551 €","","","","","","","","","","180","3.80 €","684 €","-50","40","90","3","0%","","100%","12","0.18","2.91","1.26","0.43","B"
"cat-1","CockerSpaniel","Advanced","0.15","14.4","10.0","1.9","5.2","","","32 €","0.40","1","18.0","3.25","56","2.80","0.862","134 €","41 €","446 €","","","","","","","","","","120","3.80 €","456 €","-15","40","55","3.1","0%","","100%","12","0.08","0.77","0.56","0.72",""
"cat-1","WelshCorgi","Advanced","0.15","14.4","10.0","1.9","5.2","","","32 €","0.40","1","18.0","3.25","56","2.80","0.862","134 €","41 €","446 €","","","","","","","","","","120","3.80 €","456 €","-15","40","55","3.1","0%","","100%","12","0.08","0.77","0.56","0.72",""
"cat-1","GoldenRetriever","Advanced","0.40","38.4","10.0","1.9","5.2","","","18 €","0.75","1","30.0","12.57","105","5.25","0.418","233 €","19 €","466 €","","","","","","","","","","180","3.80 €","684 €","-35","40","75","5.5","0%","","100%","12","0.15","2.07","1.05","0.51","B"
"cat-1","SaintBernard","Intermediate","0.60","57.6","10.0","1.7","5.8","","","12 €","0.90","1","30.0","19.24","126","6.30","0.328","276 €","14 €","551 €","","","","","","","","","","180","3.80 €","684 €","-60","40","100","3","0%","","100%","12","0.18","3.49","1.26","0.36","B"
"cat-1","GermanShepard","Intermediate","0.60","57.6","10.0","1.7","5.8","","","12 €","0.90","1","30.0","19.24","126","6.30","0.328","276 €","14 €","551 €","","","","","","","","","","180","3.80 €","684 €","-30","40","70","3","0%","","100%","12","0.18","3.49","1.26","0.36","B"
"cat-1","Borzoi","Advanced","0.40","38.4","10.0","1.9","5.2","","","18 €","0.75","1","30.0","12.57","105","5.25","0.418","233 €","19 €","466 €","","","","","","","","","","180","3.80 €","684 €","-20","40","60","7","0%","","100%","12","0.15","2.07","1.05","0.51","B"
"cat-1","Grimstone_Sheepdog","Advanced","0.40","38.4","10.0","1.9","5.2","","","0 €","0.75","1","30.0","12.57","105","5.25","0.418","233 €","19 €","466 €","","","","","","","","","","","","","-30","40","70","5","0%","","100%","12","0.15","2.07","1.05","0.51","B"
"chicken","Chicken","None","0.14","13.4","1.0","1.0","1.0","He","1","31 €","0.30","4","12.0","1.57","42","2.10","1.339","67 €","43 €","336 €","60.0","7.00 €","420 €","0.3","15.0","","","","","","","","-10","40","50","2.1","0%","7.0","","12","0.03","0.14","0.21","1.50","B"
"chicken-1","Ostrich","None","0.42","40.3","3.3","1.0","3.3","He","4","6.70 €","1.00","8","13.3","6.37","140","7.00","1.099","312 €","49 €","1404 €","18.0","15 €","270 €","0.8","15.0","","","","","","","","-8","50","58","6","95%","3.0","","69","0.10","1.40","0.70","0.50",""
"chicken-1","Emu","None","0.28","26.9","3.3","1.0","3.3","He","3","8.04 €","0.60","8","13.3","4.25","84","4.20","0.989","196 €","46 €","883 €","18.0","12 €","216 €","0.5","9.0","","","","","","","","-8","50","58","5.5","95%","3.0","","69","0.06","0.93","0.42","0.45",""
"chicken-1","Cassowary","None","0.28","26.9","3.3","1.0","3.3","He","3","9.38 €","0.60","8","13.3","4.25","84","4.20","0.989","196 €","46 €","883 €","18.0","14 €","252 €","0.5","9.0","","","","","","","","-8","50","58","4.6","80%","3.0","","60","0.06","0.93","0.42","0.45",""
"chicken-1","Duck","None","0.18","16.8","1.0","1.0","1.0","He","2","25 €","0.30","4","12.0","1.96","42","2.10","1.071","67 €","34 €","336 €","60.0","7.00 €","420 €","0.3","15.0","","","","","","","","-10","40","50","2.1","0%","7.0","","12","0.03","0.18","0.21","1.20","B"
"chicken-1","Turkey","None","0.28","26.9","10.0","12.5","0.8","He","3","41 €","0.48","6","30.0","7.99","67","3.36","0.420","162 €","20 €","323 €","75.0","7.00 €","525 €","0.4","30.0","","","","","72","8.00 €","576 €","-5","38","43","3.2","0%","3.0","","12","0.05","0.22","0.34","1.50","B"
"chicken-1","Goose","None","0.28","26.9","2.0","1.0","2.0","He","3","10 €","0.60","6","12.0","3.42","84","4.20","1.230","192 €","56 €","962 €","30.0","9.00 €","270 €","0.5","15.0","","","","","","","","-10","40","50","2.3","60%","7.0","","48","0.06","0.56","0.42","0.75",""
"chicken-1","Flamingo","None","0.28","26.9","60.0","1.0","60.0","He","3","22 €","0.35","6","300.0","98.70","49","2.45","0.025","124 €","1.26 €","25 €","1.0","7.00 €","7.00 €","0.3","0.3","","","","","72","8.00 €","576 €","5","42","37","3.2","50%","","","42","0.04","16.80","0.25","0.01",""
"chicken-1","Heron","None","0.28","26.9","2.0","1.0","2.0","He","3","7.81 €","0.60","6","12.0","3.42","84","4.20","1.230","196 €","57 €","981 €","30.0","7.00 €","210 €","0.5","15.0","","","","","","","","0","40","40","3.4","45%","","","39","0.06","0.56","0.42","0.75",""
"chicken-1","Swan","None","0.28","26.9","2.0","1.0","2.0","He","3","7.81 €","0.60","6","12.0","3.42","84","4.20","1.230","196 €","57 €","981 €","30.0","7.00 €","210 €","0.5","15.0","","","","","","","","0","40","40","3.4","45%","","","39","0.06","0.56","0.42","0.75",""
"chicken-1","Peacock","None","0.23","22.1","2.0","1.0","2.0","He","2","9.51 €","0.60","6","12.0","2.81","84","4.20","1.497","196 €","70 €","981 €","30.0","7.00 €","210 €","0.5","15.0","","","","","","","","0","40","40","3","45%","7.0","","39","0.06","0.46","0.42","0.91",""
"chicken-1","Vulture","Intermediate","0.23","22.1","4.0","1.0","4.0","","","6.79 €","0.60","6","12.0","3.27","84","4.20","1.286","196 €","60 €","981 €","15.0","10 €","150 €","0.5","7.5","","","","","","","","0","40","40","2.8","45%","","","39","0.06","0.92","0.42","0.46",""
"chicken-1","ACPGreatBustard","None","0.30","28.8","16.0","2.0","8.0","He","3","2.34 €","0.40","2","13.3","5.95","56","2.80","0.471","138 €","23 €","623 €","7.5","9.00 €","68 €","0.3","2.5","","","","","","","","-40","40","80","5.5","45%","2.0","","39","0.04","2.40","0.28","0.12",""
"chicken-1","ACPKiwi","None","0.10","9.6","15.0","1.0","15.0","","","3.33 €","0.25","1","12.0","2.52","36","1.81","0.720","97 €","39 €","485 €","4.0","8.00 €","32 €","0.2","0.8","","","","","","","","-15","40","55","2.7","80%","2.0","","60","0.03","1.50","0.18","0.12",""
"chicken-1","Penguin","None","0.30","28.8","11.0","2.0","5.5","","","4.17 €","0.70","1","13.3","5.20","98","4.90","0.942","222 €","43 €","999 €","10.9","11 €","120 €","0.6","6.4","","","","","","","","-30","40","70","3.5","45%","","","39","0.07","1.65","0.49","0.30",""
"chicken-1","Taggerung_Chromabird","None","0.30","28.8","9.0","1.5","6.0","He","3","6.94 €","0.20","1","13.3","5.35","31","1.55","0.291","409 €","76 €","1839 €","10.0","20 €","200 €","0.2","1.7","","","","","","","","0","70","70","4.6","50%","","20%","42","0.02","1.80","0.16","0.09",""
"chicken-1","ZDuck_ArcticRazorbill","Advanced","0.25","24.0","25.0","1.7","14.5","","","0 €","1.00","1","24.0","8.81","140","7.00","0.795","312 €","35 €","780 €","","","","","","","","","","","","","-55","40","95","5.2","85%","","","63","0.20","3.63","1.40","0.39",""
"chicken-1","ZDuck_DesertRazorbill","Advanced","0.25","24.0","23.0","1.7","13.4","","","0 €","0.75","1","27.0","9.27","105","5.25","0.567","240 €","26 €","533 €","","","","","","","","","","","","","-35","55","90","4.6","55%","","","45","0.15","3.34","1.05","0.31",""
"chicken-1","ZDuck_Quackodile","Intermediate","0.30","28.8","15.0","1.0","15.0","","","0.97 €","1.40","1","30.0","12.51","196","9.80","0.783","431 €","34 €","862 €","4.0","7.00 €","28 €","1.2","4.7","","","","","","","","-10","60","70","5.2","75%","","","57","0.28","4.50","1.96","0.44",""
"chicken-1","ZDuck_RudderDuck","Advanced","0.40","38.4","9.0","2.0","4.5","","","2.43 €","0.75","1","27.0","11.40","105","5.25","0.461","240 €","21 €","533 €","13.3","7.00 €","93 €","0.6","8.3","","","","","","","","-15","55","70","5","15%","","","21","0.15","1.80","1.05","0.58","B"
"chicken-1","TYR_CattleEgret","None","0.10","9.6","60.0","4.0","15.0","","","18 €","0.18","8","90.0","10.28","16","0.82","0.079","60 €","5.89 €","40 €","4.0","6.00 €","24 €","0.2","0.6","","","","","18","8.00 €","144 €","5","42","37","4.5","40%","","","36","0.02","1.50","0.08","0.05",""
"chicken-1","TYR_GreatEgret","None","0.10","9.6","60.0","3.5","17.1","","","32 €","0.24","8","120.0","13.41","35","1.76","0.131","95 €","7.06 €","47 €","3.5","6.00 €","21 €","0.2","0.7","","","","","36","8.00 €","288 €","8","42","34","50.5","40%","","","36","0.02","1.71","0.18","0.10",""
"chicken-1","TYR_ReddishEgret","None","0.10","9.6","3.3","1.0","3.3","","","11 €","1.00","8","13.3","1.52","140","7.00","4.617","312 €","206 €","1404 €","18.0","6.00 €","108 €","0.8","15.0","","","","","","","","-8","50","58","6","10%","3.0","","18","0.10","0.33","0.70","2.10",""
"chicken-1","TYR_SlatyEgret","None","0.10","9.6","3.3","1.0","3.3","","","11 €","1.00","8","13.3","1.52","45","2.25","1.484","160 €","106 €","720 €","18.0","6.00 €","108 €","0.8","15.0","","","","","","","","-8","40","48","6","10%","3.0","","18","0.10","0.33","0.23","0.68",""
"chicken-1","TYR_SnowyEgret","None","0.10","9.6","3.3","1.0","3.3","","","11 €","1.00","8","13.3","1.52","45","2.25","1.484","160 €","106 €","720 €","18.0","6.00 €","108 €","0.8","15.0","","","","","","","","-55","40","95","6","10%","3.0","","18","0.10","0.33","0.23","0.68",""
"chicken-1","BrushTurkey","None","0.50","48.0","13.0","1.0","13.0","He","5","0.67 €","0.60","1","12.0","11.60","84","4.20","0.362","196 €","17 €","981 €","4.6","7.00 €","32 €","0.5","2.3","","","","","","","","-8","40","48","3.6","45%","","","39","0.06","6.50","0.42","0.06",""
"chicken-1","RG_TerrorBird","Advanced","0.50","48.0","5.3","1.0","5.3","He","5","5.16 €","2.00","10","26.7","14.50","280","14.00","0.966","624 €","43 €","1404 €","11.3","22 €","248 €","1.7","18.8","","","","","","","","-12","50","62","5.6","90%","","50%","66","0.40","2.67","2.80","1.05","B"
"chicken-1","pphhyy_Kelenken","Intermediate","0.28","26.9","3.3","1.0","3.3","","","4.69 €","2.40","8","13.3","4.67","336","16.80","3.601","749 €","161 €","3370 €","18.0","7.00 €","126 €","2.0","36.0","","","","","","","","8","34","26","4.6","80%","","","60","1.20","0.93","8.40","9.01","B"
"chicken-1","pphhyy_Paraken","Intermediate","0.28","26.9","3.3","1.0","3.3","","","4.69 €","2.40","8","13.3","4.67","336","16.80","3.601","749 €","161 €","3370 €","18.0","7.00 €","126 €","2.0","36.0","","","","","","","","8","35","27","4.6","80%","","","60","1.20","0.93","8.40","9.01","B"
"chicken-1","pphhyy_Penglenken","Intermediate","0.28","26.9","3.3","1.0","3.3","","","4.69 €","2.80","8","13.3","4.67","392","19.60","4.201","874 €","187 €","3932 €","18.0","7.00 €","126 €","2.0","36.0","","","","","","","","-20","15","35","4.6","80%","","","60","1.40","0.93","9.80","10.51","B"
"chicken-1","pphhyy_Touken","Intermediate","0.28","26.9","3.3","1.0","3.3","","","4.69 €","2.00","8","13.3","4.67","280","14.00","3.001","624 €","134 €","2808 €","18.0","7.00 €","126 €","1.7","30.0","","","","","","","","5","34","29","4.6","80%","","","60","1.00","0.93","7.00","7.51","B"
"chicken-1","pphhyy_Vulaken","Intermediate","0.28","26.9","1.3","1.0","1.3","","","12 €","2.00","8","13.3","4.11","280","14.00","3.409","624 €","152 €","2808 €","45.0","7.00 €","315 €","1.7","75.0","","","","","","","","10","40","30","4.6","80%","","","60","1.00","0.37","7.00","18.75","B"
"chicken-1","pphhyy_DesertSparaken","Intermediate","0.28","26.9","1.3","1.0","1.3","He","3","12 €","2.00","8","13.3","4.11","280","14.00","3.409","624 €","152 €","2808 €","45.0","7.00 €","315 €","1.7","75.0","","","","","","","","20","55","35","4.6","80%","","","60","1.00","0.37","7.00","18.75","B"
"chicken-1","pphhyy_Pileaken","Intermediate","0.28","26.9","1.3","1.0","1.3","","","12 €","2.80","8","13.3","4.11","392","19.60","4.773","874 €","213 €","3932 €","45.0","7.00 €","315 €","2.0","90.0","","","","","","","","-15","30","45","4.6","80%","","","60","1.40","0.37","9.80","26.26","B"
"chicken-1","pphhyy_Sparaken","Advanced","0.28","26.9","15.0","3.0","5.0","","","21 €","2.00","8","13.3","5.13","280","14.00","2.727","624 €","122 €","2808 €","12.0","7.00 €","84 €","1.7","20.0","","","","","60","8.00 €","480 €","0","36","36","4.8","75%","","","57","1.00","1.40","7.00","5.00","B"
"chicken-1","pphhyy_Heronken","Intermediate","0.28","26.9","3.3","1.0","3.3","","","4.69 €","2.40","8","13.3","4.67","336","16.80","3.601","749 €","161 €","3370 €","18.0","7.00 €","126 €","2.0","36.0","","","","","","","","0","35","35","4.6","80%","","","60","1.20","0.93","8.40","9.01","B"
"chicken-1","emperor_penguin","Advanced","0.25","24.0","20.0","1.0","20.0","","","6.88 €","1.35","1","90.0","25.81","189","9.45","0.366","421 €","16 €","281 €","3.0","55 €","165 €","1.1","3.4","","","","","","","","-65","15","80","4.1","0%","","","12","0.14","5.00","0.95","0.19",""
"chicken-1","king_penguin","None","0.10","9.6","12.0","1.0","12.0","","","7.81 €","0.35","1","27.0","3.68","49","2.45","0.667","124 €","34 €","275 €","5.0","15 €","75 €","0.3","1.5","","","","","","","","-65","15","80","3.2","0%","","","12","0.04","1.20","0.25","0.20",""
"chicken-1","AEXP_Moa","None","0.60","57.6","4.0","1.0","4.0","He","6","4.95 €","2.00","10","13.3","9.50","180","9.00","0.947","464 €","49 €","2088 €","15.0","19 €","285 €","1.7","25.0","","","","","","","","-8","50","58","5","95%","","","69","0.20","2.40","0.90","0.38",""
"chicken-1","GreenPeacock","None","0.23","22.1","2.0","1.0","2.0","He","2","9.51 €","0.60","6","12.0","2.81","84","4.20","1.497","196 €","70 €","981 €","30.0","7.00 €","210 €","0.5","15.0","","","","","","","","0","40","40","3","45%","7.0","","39","0.06","0.46","0.42","0.91",""
"chicken-1","RedPeacock","None","0.23","22.1","2.0","1.0","2.0","He","2","9.51 €","0.60","6","12.0","2.81","84","4.20","1.497","196 €","70 €","981 €","30.0","7.00 €","210 €","0.5","15.0","","","","","","","","0","75","75","3","45%","7.0","","39","0.06","0.46","0.42","0.91",""
"chicken-1","Grimstone_EmperorVulture","Intermediate","0.20","19.2","15.0","1.0","15.0","","","1.46 €","1.00","5","12.0","5.04","140","7.00","1.389","312 €","62 €","1560 €","4.0","7.00 €","28 €","0.8","3.3","","","","","","","","-15","40","55","3.6","60%","","","48","0.10","3.00","0.70","0.23",""
"chicken-1","Grimstone_Tetras","None","0.28","26.9","1.3","1.0","1.3","He","3","12 €","0.60","6","12.0","3.23","84","4.20","1.301","196 €","61 €","981 €","45.0","7.00 €","315 €","0.5","22.5","","","","","","","","-20","40","60","3.6","45%","7.0","","39","0.06","0.37","0.42","1.13",""
"chicken-1","CK_Peafowl","None","0.30","28.8","8.0","2.0","4.0","He","3","3.65 €","0.70","1","10.0","3.67","70","3.50","0.955","180 €","49 €","1080 €","15.0","7.00 €","105 €","0.6","8.7","","","","","","","","-8","60","68","3.5","45%","","","39","0.07","1.20","0.35","0.29",""
"chicken-1","CK_Junglefowl","None","0.30","28.8","7.0","2.0","3.5","He","3","4.17 €","0.40","1","10.0","3.52","36","1.78","0.505","106 €","30 €","633 €","17.1","7.00 €","120 €","0.3","5.7","","","","","","","","-8","60","68","2.8","9%","","","17","0.04","1.05","0.18","0.17",""
"cow","Cow","None","0.54","51.4","6.7","1.0","6.7","He","5","31 €","2.40","16","20.0","12.66","336","16.80","1.327","739 €","58 €","2218 €","","","","","","840.0","1.90 €","1596 €","42.0","","","","-10","40","50","3.2","0%","2.0","","12","0.48","3.56","3.36","0.94",""
"cow-1","Boomalope","None","0.54","51.4","30.0","1.2","25.7","He","5","30 €","1.29","16","90.0","59.90","181","9.03","0.151","397 €","6.63 €","265 €","","","","","","660.0","2.30 €","1518 €","0.0","","","","-10","38","48","3.6","70%","2.0","","54","0.26","13.76","1.81","0.13",""
"cow-1","Muffalo","None","0.54","51.4","45.0","1.3","33.8","He","5","25 €","3.00","16","120.0","79.05","420","21.00","0.266","948 €","12 €","474 €","","","","","","","","","","480","2.70 €","1296 €","-40","30","70","4","32%","2.0","","31","0.60","18.06","4.20","0.23",""
"cow-1","Bison","None","0.54","51.4","6.7","1.0","6.7","He","5","25 €","2.40","16","20.0","12.26","336","16.80","1.371","739 €","60 €","2218 €","","","","","","","","","","480","2.70 €","1296 €","-55","45","100","4.7","60%","2.0","","48","0.48","3.56","3.36","0.94",""
"cow-1","Dromedary","None","0.54","51.4","6.7","1.0","6.7","He","5","20 €","2.10","16","20.0","12.26","294","14.70","1.199","664 €","54 €","1991 €","","","","","","540.0","1.90 €","1026 €","27.0","","","","-22","60","82","4.3","25%","3.0","","27","0.42","3.56","2.94","0.83",""
"cow-1","Goat","None","0.23","21.6","5.6","1.0","5.6","He","2","21 €","0.75","8","16.0","4.52","105","5.25","1.163","236 €","52 €","889 €","","","","","","240.0","1.90 €","456 €","12.0","","","","-20","40","60","3.9","0%","7.0","","12","0.15","1.26","1.05","0.83",""
"cow-1","Elk","None","0.54","51.4","6.7","1.0","6.7","He","5","24 €","2.10","16","20.0","12.66","294","14.70","1.161","647 €","51 €","1941 €","","","","","","660.0","1.90 €","1254 €","33.0","","","","-50","40","90","5","75%","2.0","","57","0.42","3.56","2.94","0.83",""
"cow-1","Yak","None","0.54","51.4","6.7","1.0","6.7","He","5","24 €","2.10","16","20.0","12.66","294","14.70","1.161","647 €","51 €","1941 €","","","","","","660.0","1.90 €","1254 €","33.0","","","","-45","40","85","3.2","20%","2.0","30%","24","0.42","3.56","2.94","0.83",""
"cow-1","Caribou","None","0.28","26.4","6.7","1.0","6.7","He","3","22 €","1.00","16","18.0","5.96","140","7.00","1.175","308 €","52 €","1027 €","","","","","","300.0","1.90 €","570 €","15.0","","","","-50","40","90","5","75%","2.0","","57","0.20","1.83","1.40","0.76",""
"cow-1","Horse","None","0.54","51.4","6.7","1.0","6.7","He","5","0 €","2.40","16","20.0","12.26","336","16.80","1.371","739 €","60 €","2218 €","","","","","","","","","","","","","-35","45","80","5.8","35%","2.0","60%","33","0.48","3.56","3.36","0.94",""
"cow-1","Donkey","None","0.33","31.2","6.7","1.0","6.7","He","3","0 €","1.40","16","20.0","7.45","196","9.80","1.316","431 €","58 €","1294 €","","","","","","","","","","","","","-25","45","70","5","0%","3.0","60%","12","0.28","2.16","1.96","0.91",""
"cow-1","Elephant","Advanced","1.61","154.1","13.3","1.0","13.3","He","15","0 €","4.00","24","40.0","78.29","560","28.00","0.358","1376 €","18 €","2066 €","","","","","","","","","","","","","-12","50","62","4.8","75%","","","57","0.80","21.38","5.60","0.26",""
"cow-1","Rhinoceros","None","1.07","102.7","90.0","1.2","77.1","He","10","0 €","3.06","20","360.0","459.72","428","21.42","0.047","1200 €","2.61 €","200 €","","","","","","","","","","","","","8","42","34","4.5","90%","","","66","0.61","82.54","4.28","0.05","B"
"cow-1","Toxalope","None","0.54","51.4","6.7","1.0","6.7","He","5","0 €","1.40","20","20.0","12.66","196","9.80","0.774","431 €","34 €","1294 €","","","","","","","","","","","","","-15","40","55","3.4","60%","2.0","","48","0.28","3.56","1.96","0.55",""
"cow-1","HC_Gorgon","Intermediate","0.54","51.4","12.0","1.7","7.0","He","5","0 €","2.80","20","20.0","12.82","196","9.80","0.764","526 €","41 €","1579 €","","","","","","","","","","","","","-80","60","140","5","90%","2.0","","66","0.56","3.73","1.96","0.53",""
"cow-1","HC_Kelpie","Advanced","0.43","40.8","45.0","1.5","30.0","He","4","25 €","2.60","16","26.7","22.49","130","6.50","0.289","426 €","19 €","959 €","2.0","500 €","1000 €","2.0","4.0","","","","","","","","0","65","65","5.7","60%","","","48","0.52","12.75","1.30","0.10",""
"cow-1","HC_Nightmares","Advanced","0.50","48.0","14.0","1.7","8.1","He","5","0 €","2.75","0","48.0","24.32","138","6.88","0.283","451 €","19 €","564 €","","","","","","","","","","","","","-80","150","230","6","85%","1.0","","63","0.55","4.07","1.38","0.34","B"
"cow-1","HC_Unicorn","Advanced","0.39","37.0","18.0","1.7","10.5","He","4","0 €","2.55","8","48.0","19.62","128","6.38","0.325","418 €","21 €","523 €","","","","","","","","","","","","","-60","45","105","6.2","60%","2.0","","48","0.51","4.03","1.28","0.32",""
"cow-1","RG_WoollyMammoth","Advanced","1.71","163.7","110.0","1.2","94.3","He","16","19 €","4.40","26","600.0","1158.18","616","30.80","0.027","1514 €","1.31 €","151 €","","","","","","840.0","1.90 €","1596 €","42.0","540","2.70 €","1458 €","-50","18","68","4.5","80%","","","60","0.88","160.76","6.16","0.04","B"
"cow-1","RG_WoollyRhinoceros","None","1.10","105.6","90.0","1.2","77.1","He","11","22 €","3.29","22","360.0","472.61","461","23.03","0.049","1290 €","2.73 €","215 €","","","","","","360.0","1.90 €","684 €","18.0","600","2.70 €","1620 €","-45","15","60","4","88%","","","65","0.66","84.86","4.61","0.05","B"
"cow-1","pphhyy_Vargulf","Intermediate","0.35","33.6","10.0","1.0","10.0","","","0 €","2.40","4","30.0","12.69","336","16.80","1.324","1210 €","95 €","2419 €","","","","","","","","","","","","","-60","30","90","5.5","90%","","20%","66","0.48","3.50","3.36","0.96",""
"dino-1","RG_WoollyStegosaurus","Intermediate","1.43","137.3","12.0","2.0","6.0","He","14","8.81 €","4.00","28","90.0","124.41","560","28.00","0.225","1424 €","11 €","949 €","10.0","30 €","300 €","2.0","20.0","","","","","227","4.00 €","909 €","-65","32","97","4.3","30%","","","30","0.80","8.58","5.60","0.65","B"
"insect","Megascarab","Intermediate","0.10","9.6","-1.0","1.0","-1.0","","","0 €","0.20","1","24.0","2.26","31","1.55","0.689","12 €","5.51 €","31 €","","","","","","","","","","","","","0","60","60","3.75","20%","","","24","0.04","-0.10","0.31","-3.11",""
"insect","Spelopede","Advanced","0.25","24.0","-1.0","1.0","-1.0","","","0 €","0.80","1","12.0","2.64","112","5.60","2.123","45 €","17 €","224 €","","","","","","","","","","","","","-25","60","85","3.65","30%","","","30","0.16","-0.25","1.12","-4.48",""
"insect","Megaspider","Advanced","0.35","33.6","-1.0","1.0","-1.0","","","0 €","1.20","1","12.0","3.69","168","8.40","2.275","67 €","18 €","336 €","","","","","","","","","","","","","-40","60","100","3.6","40%","","","36","0.24","-0.35","1.68","-4.80",""
"insect","Larva","Intermediate","0.10","9.6","-1.0","1.0","-1.0","","","0 €","0.20","1","0.0","-0.10","31","1.55","-15.543","12 €","-124.34 €","Infinity €","","","","","","","","","","","","","0","60","60","2","20%","","","24","0.20","-0.10","1.55","-15.54",""
"insect","HiveQueen","Advanced","1.00","96.0","-1.0","1.0","-1.0","","","0 €","4.50","28","0.0","-1.00","630","31.50","-31.500","252 €","-252.00 €","Infinity €","","","","","","","","","","","","","-40","60","100","3.4","99%","","","71","4.50","-1.00","31.50","-31.50",""
"insect","Locust","Intermediate","0.15","14.4","-1.0","1.0","-1.0","","","0 €","0.60","1","24.0","3.38","84","4.20","1.242","34 €","9.93 €","84 €","","","","","","","","","","","","","-10","60","70","3","30%","","","30","0.12","-0.15","0.84","-5.60",""
"insect","ACPHaulerAnt","Advanced","0.20","19.2","20.0","1.0","20.0","","","0 €","2.50","1","12.0","6.31","350","17.50","2.773","140 €","22 €","700 €","","","","","","","","","","","","","-25","60","85","3","60%","","","48","0.50","4.00","3.50","0.88",""
"insect","ACPAcidAnt","None","0.35","33.6","10.0","1.0","10.0","","","0 €","0.30","1","12.0","7.54","42","2.10","0.278","17 €","2.23 €","84 €","","","","","","","","","","","","","-40","60","100","3.9","95%","","","69","0.06","3.50","0.42","0.12",""
"insect","ACPMegascorpion","Advanced","0.10","9.6","-1.0","1.0","-1.0","","","0 €","0.70","1","24.0","2.26","98","4.90","2.173","39 €","17 €","98 €","","","","","","","","","","","","","0","75","75","4","95%","","","69","0.14","-0.10","0.98","-9.80",""
"insect","EM_FWMoth","None","50000.00","4800000.0","-1.0","1.0","-1.0","","","0 €","0.10","1","0.0","-50000.00","0","0.00","0.000","0 €","0 €","NaN €","","","","","","","","","","","","","5","60","55","1","100%","","","72","0.10","-50000.00","0.00","0.00",""
"insect","Nem_Cockroach","Intermediate","0.35","33.6","5.0","12.5","0.4","He","3","22 €","0.25","20","9.0","2.90","36","1.81","0.626","36 €","12 €","237 €","150.0","5.00 €","750 €","0.2","31.2","","","","","","","","0","65","65","5.5","10%","","5%","18","0.05","0.14","0.36","2.59","B"
"insect","Nem_Mantis","Advanced","2.00","192.0","25.0","1.5","16.7","","","0.09 €","3.25","1","240.0","453.33","455","22.75","0.050","670 €","1.48 €","167 €","3.6","5.00 €","18 €","2.0","7.2","","","","","","","","0","45","45","4","90%","","35%","66","0.65","33.33","4.55","0.14","B"
"insect","Nem_Mosquito","Intermediate","0.20","19.2","20.0","30.0","0.7","","","3.91 €","0.23","1","6.0","1.18","34","1.71","1.445","14 €","12 €","137 €","90.0","0.50 €","45 €","0.2","17.3","6.0","5.00 €","30 €","0.6","","","","10","20","10","5.5","90%","","5%","66","0.05","0.13","0.34","2.57","B"
"insect","Nem_Spider","Advanced","0.20","19.2","15.0","15.5","1.0","He","2","80 €","1.00","1","24.0","4.39","140","7.00","1.593","56 €","13 €","140 €","62.0","20 €","1240 €","0.8","51.6","","","","","60","5.00 €","300 €","0","45","45","5.5","50%","","50%","42","0.20","0.19","1.40","7.23","B"
"insect","Nem_Woodlouse","None","0.25","24.0","8.0","15.0","0.5","He","2","0.75 €","0.15","6","18.0","4.26","16","0.79","0.186","19 €","4.45 €","63 €","","","","","","","","","","6","3.00 €","18 €","5","38","33","2.5","10%","2.0","50%","18","0.03","0.13","0.16","1.19","B"
"insect","CactusMantis","None","0.25","24.0","20.0","3.0","6.7","","","8.25 €","0.80","1","24.0","7.55","112","5.60","0.741","122 €","16 €","304 €","9.0","22 €","198 €","0.7","6.0","","","","","","","","0","60","60","3.75","95%","","50%","69","0.16","1.67","1.12","0.67",""
"insect","Ling_Cockroach","Intermediate","1.00","96.0","-1.0","1.0","-1.0","","","1.88 €","2.00","1","60.0","59.00","280","14.00","0.237","112 €","1.90 €","112 €","","","","","","60.0","3.00 €","180 €","6.0","","","","-60","100","160","4.5","20%","","","24","0.40","-1.00","2.80","-2.80",""
"insect","pphhyy_BloodScarab","Intermediate","0.20","19.2","5.0","3.0","1.7","","","19 €","0.20","1","12.0","2.73","31","1.55","0.569","12 €","4.55 €","62 €","36.0","10 €","360 €","0.2","6.0","","","","","","","","0","60","60","4","10%","","","18","0.04","0.33","0.31","0.93","B"
"insect","SC_Insect_Moleroach","Advanced","0.25","24.0","2.2","2.5","0.9","He","2","20 €","0.80","1","6.0","1.65","112","5.60","3.404","45 €","27 €","448 €","68.2","7.00 €","477 €","0.7","45.5","","","","","","","","-25","60","85","4","0%","3.0","","12","0.16","0.22","1.12","5.09","B"
"insect","SC_Insect_MoleroachBlue","Advanced","0.25","24.0","2.2","2.5","0.9","He","2","20 €","0.80","1","6.0","1.65","112","5.60","3.404","45 €","27 €","448 €","68.2","7.00 €","477 €","0.7","45.5","","","","","","","","-25","60","85","4","0%","3.0","","12","0.16","0.22","1.12","5.09","B"
"insect","AEXP_Megascorpion","None","0.10","9.6","-1.0","1.0","-1.0","","","0 €","0.20","1","24.0","2.26","31","1.55","0.689","12 €","5.51 €","31 €","","","","","","","","","","","","","0","60","60","3.45","95%","","","69","0.04","-0.10","0.31","-3.11",""
"insect","VAEWaste_Megatardi","None","0.01","1.0","-1.0","1.0","-1.0","He","0","0 €","2.00","4","20.0","0.17","280","14.00","83.592","584 €","3487 €","1752 €","","","","","","","","","","","","","-50","60","110","3.5","40%","6.0","","36","0.40","-0.01","2.80","-280.00",""
"insect","VAEWaste_Toxscorpion","Intermediate","1.00","96.0","10.0","1.0","10.0","","","0 €","2.50","2","20.0","27.75","350","17.50","0.631","140 €","5.05 €","420 €","","","","","","","","","","","","","-2","60","62","4","90%","","","66","0.50","10.00","3.50","0.35",""
"MeatCow","MeatCow","None","0.54","51.4","6.7","1.0","6.7","He","5","11 €","2.40","16","20.0","12.66","432","21.60","1.707","893 €","71 €","2679 €","","","","","","300.0","1.90 €","570 €","15.0","","","","-10","40","50","3.2","0%","2.0","","12","0.48","3.56","4.32","1.21",""
"meerkat","Meerkat","None","0.15","14.4","10.0","1.9","5.2","He","1","0 €","0.32","1","24.0","4.04","45","2.24","0.555","109 €","27 €","273 €","","","","","","","","","","","","","-25","40","65","4.4","25%","","100%","27","0.06","0.77","0.45","0.58","B"
"MilkCow","MilkCow","None","0.54","51.4","6.7","1.0","6.7","He","5","55 €","2.40","16","20.0","12.66","240","12.00","0.948","586 €","46 €","1757 €","","","","","","1500.0","1.90 €","2850 €","75.0","","","","-10","40","50","3.2","0%","2.0","","12","0.48","3.56","2.40","0.67",""
"misc","Thrumbo","Advanced","1.75","168.0","20.0","1.0","20.0","He","17","0 €","4.00","8","79.9","155.17","560","28.00","0.180","3136 €","20 €","2354 €","","","","","","","","","","","","","-65","50","115","5.5","98%","","","71","0.80","35.00","5.60","0.16",""
"misc","Cobra","None","0.07","6.7","10.0","1.5","6.7","","","19 €","0.25","1","30.0","2.41","36","1.81","0.753","95 €","40 €","191 €","9.0","14 €","126 €","0.2","1.9","","","","","","","","0","60","60","3.5","75%","","5%","57","0.05","0.47","0.36","0.78","B"
"misc","Tortoise","None","0.08","7.9","6.7","2.0","3.3","He","1","39 €","0.50","1","13.3","1.19","70","3.50","2.944","165 €","139 €","742 €","18.0","17 €","306 €","0.4","7.5","","","","","","","","0","50","50","1","75%","","","57","0.10","0.27","0.70","2.55",""
"misc","Alphabeaver","None","3.00","288.0","8.5","2.0","4.3","","","0 €","0.45","8","20.0","68.24","63","3.15","0.046","146 €","2.14 €","437 €","","","","","","","","","","","","","-40","40","80","3.7","75%","","","57","0.09","12.75","0.63","0.05","B"
"misc","LeopardTortoise","None","0.08","7.9","6.7","2.0","3.3","He","1","52 €","0.50","1","13.3","1.19","70","3.50","2.944","165 €","139 €","742 €","18.0","23 €","414 €","0.4","7.5","","","","","","","","0","60","60","1","75%","","","57","0.10","0.27","0.70","2.55",""
"misc","Muskrat","None","0.30","28.8","8.5","2.0","4.3","He","3","0 €","0.27","4","20.0","6.82","38","1.92","0.281","96 €","14 €","289 €","","","","","","","","","","","","","-40","40","80","2.7","75%","","","57","0.05","1.28","0.38","0.30","B"
"misc","RedFootedTortoise","None","0.08","7.9","6.7","2.0","3.3","He","1","52 €","0.50","1","13.3","1.19","70","3.50","2.944","165 €","139 €","742 €","18.0","23 €","414 €","0.4","7.5","","","","","","","","0","55","55","1","75%","","","57","0.10","0.27","0.70","2.55",""
"misc","ZTT_GiantStarTortoise","Intermediate","0.10","9.6","5.9","2.0","3.0","","","25 €","0.65","1","15.0","1.57","91","4.55","2.898","208 €","132 €","831 €","20.3","12 €","244 €","0.5","11.0","","","","","","","","0","50","50","2.4","60%","","","48","0.13","0.30","0.91","3.08","B"
"misc","ZTT_MudTurtle","None","0.07","7.0","6.2","2.0","3.1","He","1","33 €","0.35","1","13.3","1.03","49","2.45","2.383","122 €","118 €","548 €","19.4","12 €","232 €","0.3","5.7","","","","","","","","0","50","50","1.3","55%","","","45","0.07","0.22","0.49","2.18",""
"misc","ZTT_PaintedSnapvine","Intermediate","0.07","7.0","6.2","2.0","3.1","He","1","33 €","0.35","1","12.0","0.96","49","2.45","2.541","122 €","126 €","609 €","19.4","12 €","232 €","0.3","5.7","","","","","","","","-25","45","70","1.1","15%","","75%","21","0.07","0.22","0.49","2.18",""
"misc","ZTT_SandshellTurtle","Intermediate","0.10","9.6","6.2","2.0","3.1","He","1","26 €","0.65","1","15.0","1.59","91","4.55","2.871","208 €","131 €","831 €","19.4","13 €","252 €","0.5","10.5","","","","","","","","-10","55","65","1.6","55%","","","45","0.13","0.31","0.91","2.94","B"
"misc","ZTT_Steelshell","Intermediate","0.10","9.6","6.2","2.0","3.1","He","1","37 €","0.65","8","15.0","1.59","91","4.55","2.871","208 €","131 €","831 €","19.4","12 €","232 €","0.5","10.5","","","","","67","1.90 €","127 €","-30","50","80","1.9","55%","2.6","","45","0.13","0.31","0.91","2.94","B"
"misc","ZTT_WiggleneckTurtle","Advanced","0.20","19.2","7.5","1.5","5.0","He","2","8.75 €","0.88","1","22.8","4.90","123","6.16","1.257","274 €","56 €","720 €","12.0","14 €","168 €","0.7","8.8","","","","","","","","-20","50","70","2.2","35%","","20%","33","0.18","1.00","1.23","1.23",""
"owl","BB_BarnOwl","Intermediate","0.15","14.4","60.0","5.5","10.9","","","6.63 €","0.19","1","48.0","8.57","30","1.50","0.175","48 €","5.61 €","60 €","5.5","10 €","55 €","0.2","0.9","","","","","15","2.70 €","41 €","-15","38","53","5.5","65%","","","51","0.04","1.64","0.30","0.18","B"
"pig","Pig","None","0.50","48.0","5.7","1.3","4.4","He","5","0 €","1.70","16","20.0","11.44","238","11.90","1.041","510 €","45 €","1530 €","","","","","","","","","","","","","-5","40","45","3.9","0%","3.0","","12","0.34","2.19","2.38","1.09","B"
"pig-1","WildBoar","None","0.30","28.8","5.7","1.3","4.5","He","3","0 €","0.85","16","20.0","6.91","119","5.95","0.861","258 €","37 €","774 €","","","","","","","","","","","","","-23","40","63","4.6","50%","2.0","","42","0.17","1.36","1.19","0.88","B"
"pig-1","Ibex","None","0.20","19.2","30.0","1.2","25.7","He","2","19 €","1.05","16","120.0","28.24","147","7.35","0.260","323 €","11 €","162 €","","","","","","","","","","160","2.30 €","368 €","-25","30","55","5","65%","2.0","","51","0.21","5.14","1.47","0.29","B"
"pig-1","Deer","None","0.20","19.2","38.0","1.2","32.6","He","2","19 €","1.29","16","120.0","29.61","181","9.03","0.305","397 €","13 €","199 €","","","","","","","","","","160","2.30 €","368 €","-25","35","60","6","70%","2.0","","54","0.26","6.51","1.81","0.28",""
"pig-1","Gazelle","None","0.15","14.4","5.7","1.0","5.7","He","1","0 €","0.70","8","13.3","2.62","98","4.90","1.867","222 €","85 €","999 €","","","","","","","","","","","","","-10","40","50","6","75%","2.0","","57","0.14","0.85","0.98","1.15",""
"pig-1","Chinchilla","None","0.13","12.0","5.7","1.8","3.2","He","1","21 €","0.35","1","13.3","1.88","49","2.45","1.301","213 €","113 €","958 €","","","","","","","","","","48","5.25 €","252 €","-15","55","70","5","60%","2.0","20%","48","0.07","0.40","0.49","1.21",""
"pigeon","Pigeon","Advanced","0.14","13.4","2.0","1.0","2.0","He","1","8.93 €","0.40","0","12.0","1.96","6","0.28","0.143","41 €","21 €","204 €","30.0","4.00 €","120 €","0.3","10.0","","","","","","","","-10","40","50","2.1","30%","","","30","0.16","0.28","0.11","0.40","B"
"rodent","Mouse","None","0.12","11.0","5.7","1.8","3.2","He","1","0 €","0.18","1","13.3","1.73","29","1.45","0.837","76 €","44 €","343 €","","","","","","","","","","","","","-10","40","50","4","80%","","8%","60","0.04","0.37","0.29","0.78",""
"rodent","Harvest_Mouse","None","0.12","11.0","5.7","1.8","3.2","He","1","0 €","0.18","1","13.3","1.73","29","1.45","0.837","76 €","44 €","343 €","","","","","","","","","","","","","-10","40","50","4","80%","","8%","60","0.04","0.37","0.29","0.78",""
"rodent","Striped_Mouse","None","0.12","11.0","5.7","1.8","3.2","He","1","0 €","0.18","1","13.3","1.73","29","1.45","0.837","76 €","44 €","343 €","","","","","","","","","","","","","-10","40","50","4","80%","","8%","60","0.04","0.37","0.29","0.78",""
"rodent","Woolly_Mouse","None","0.12","11.0","5.7","1.8","3.2","He","1","5.43 €","0.18","1","13.3","1.73","29","1.45","0.837","76 €","44 €","343 €","","","","","","","","","","40","1.50 €","60 €","-40","20","60","4","80%","","8%","60","0.04","0.37","0.29","0.78",""
"rodent","Maned_Rat","None","0.12","11.0","5.7","1.8","3.2","He","1","0 €","0.18","1","13.3","1.73","29","1.45","0.837","76 €","44 €","343 €","","","","","","","","","","","","","-10","40","50","4","80%","","8%","60","0.04","0.37","0.29","0.78",""
"rodent","Cloud_Rat","None","0.12","11.0","5.7","1.8","3.2","He","1","0 €","0.18","1","13.3","1.73","29","1.45","0.837","76 €","44 €","343 €","","","","","","","","","","","","","-10","40","50","4","80%","","8%","60","0.04","0.37","0.29","0.78",""
"rodent","Mole_Rat","None","0.12","11.0","5.7","1.8","3.2","He","1","0 €","0.18","1","13.3","1.73","29","1.45","0.837","76 €","44 €","343 €","","","","","","","","","","","","","-5","50","55","4","80%","","8%","60","0.04","0.37","0.29","0.78",""
"rodent","Jerboa","None","0.12","11.0","5.7","1.8","3.2","He","1","0 €","0.18","1","13.3","1.73","29","1.45","0.837","76 €","44 €","343 €","","","","","","","","","","","","","-10","50","60","8","80%","","8%","60","0.04","0.37","0.29","0.78",""
"rodent","Kangaroo_Rat","None","0.12","11.0","5.7","1.8","3.2","He","1","0 €","0.18","1","13.3","1.73","29","1.45","0.837","76 €","44 €","343 €","","","","","","","","","","","","","-10","40","50","6","80%","","8%","60","0.04","0.37","0.29","0.78",""
"rodent","Hamster","None","0.12","11.0","5.7","1.8","3.2","He","1","0 €","0.18","1","13.3","1.73","29","1.45","0.837","76 €","44 €","343 €","","","","","","","","","","","","","-10","40","50","4","40%","","8%","36","0.04","0.37","0.29","0.78",""
"sheep","Sheep","None","0.23","21.6","25.0","2.2","11.2","He","2","34 €","1.00","8","60.0","15.35","140","7.00","0.456","336 €","22 €","336 €","","","","","","","","","","270","2.70 €","729 €","-15","35","50","4.2","0%","3.0","","12","0.20","2.52","1.40","0.55","B"
"sheep-1","Alpaca","None","0.28","26.4","6.7","1.0","6.7","He","3","39 €","1.00","16","20.0","6.51","140","7.00","1.076","316 €","49 €","948 €","","","","","","","","","","270","3.80 €","1026 €","-20","45","65","4.1","25%","3.0","","27","0.20","1.83","1.40","0.76",""
"sheep-1","Megasloth","Intermediate","1.00","96.0","40.0","1.0","40.0","He","10","17 €","3.85","24","180.0","214.00","539","26.95","0.126","1371 €","6.40 €","457 €","","","","","","","","","","600","2.70 €","1620 €","-10","35","45","3.2","90%","","","66","0.77","40.00","5.39","0.13","B"
"sheep-1","Capybara","None","0.23","21.6","5.7","1.3","4.5","He","2","0 €","0.75","8","20.0","4.84","105","5.25","1.084","230 €","47 €","690 €","","","","","","","","","","","","","-10","50","60","3.9","75%","2.0","8%","57","0.15","1.02","1.05","1.03",""
"squirrel","Squirrel","Intermediate","0.10","9.6","6.0","3.2","1.9","He","1","17 €","0.16","1","36.0","3.61","27","1.35","0.373","72 €","20 €","119 €","","","","","","","","","","72","2.30 €","166 €","-30","35","65","5.3","72%","","","55","0.03","0.19","0.27","1.45","B"
"squirrel-1","Hare","Intermediate","0.12","11.0","6.5","4.3","1.5","He","1","17 €","0.38","1","30.0","3.42","53","2.66","0.779","126 €","37 €","252 €","","","","","","","","","","80","2.30 €","184 €","-25","38","63","7","72%","","8%","55","0.08","0.17","0.53","3.08","B"
"squirrel-1","Snowhare","None","0.12","11.0","5.7","1.8","3.2","He","1","0 €","0.20","1","13.3","1.73","31","1.55","0.897","81 €","47 €","363 €","","","","","","","","","","","","","-55","40","95","6","75%","","8%","57","0.04","0.37","0.31","0.84",""
"squirrel-1","Rat","Intermediate","0.10","9.6","3.5","8.0","0.4","He","1","0 €","0.10","1","18.0","1.72","21","1.03","0.600","54 €","32 €","181 €","","","","","","","","","","","","","-10","38","48","4.5","42%","","15%","37","0.02","0.04","0.21","4.75","B"
"squirrel-1","Boomrat","None","0.14","13.4","5.7","1.8","3.2","He","1","0 €","0.20","1","13.3","2.11","31","1.55","0.737","81 €","38 €","363 €","","","","","","","","","","","","","-15","40","55","4.6","75%","","20%","57","0.04","0.45","0.31","0.69",""
"squirrel-1","Raccoon","Intermediate","0.20","19.2","10.0","3.9","2.5","He","2","78 €","0.48","4","54.0","10.71","67","3.36","0.314","154 €","14 €","171 €","","","","","","","","","","150","10 €","1500 €","-20","38","58","4.5","65%","","","51","0.10","0.51","0.67","1.32","B"
"squirrel-1","Iguana","None","0.20","19.2","5.7","1.5","3.8","He","2","14 €","0.40","1","13.3","3.12","56","2.80","0.897","136 €","44 €","613 €","15.9","17 €","270 €","0.3","5.3","","","","","","","","0","60","60","3","50%","","15%","42","0.08","0.75","0.56","0.74",""
"squirrel-1","WasteRat","Intermediate","0.10","9.6","5.7","1.6","3.5","He","1","0 €","0.30","2","13.3","1.53","42","2.10","1.372","104 €","68 €","467 €","","","","","","","","","","","","","-40","40","80","4","50%","","15%","42","0.06","0.35","0.42","1.21",""
"squirrel-1","CCPChocolateBun","None","0.12","11.0","5.7","1.8","3.2","He","1","0 €","0.20","1","13.3","1.73","31","1.55","0.897","81 €","47 €","363 €","","","","","","","","","","","","","-30","40","70","6","0%","","100%","12","0.04","0.37","0.31","0.84",""
"squirrel-1","ACPDomesticRabbit","None","0.12","11.0","5.7","1.8","3.2","He","1","0 €","0.20","1","13.3","1.73","31","1.55","0.897","81 €","47 €","363 €","","","","","","","","","","","","","-30","40","70","6","0%","","100%","12","0.04","0.37","0.31","0.84",""
"squirrel-1","PearlHamster","Intermediate","0.10","9.6","2.5","8.0","0.3","","","25 €","0.12","1","7.2","0.69","5","0.25","0.365","42 €","60 €","347 €","","","","","","","","","","72","3.33 €","240 €","8","32","24","4.2","5%","","100%","15","0.02","0.03","0.05","1.61","B"
"squirrel-1","AgoutiHamster","Intermediate","0.10","9.6","6.3","1.8","3.6","","","25 €","0.10","1","15.0","1.80","4","0.21","0.117","35 €","19 €","139 €","","","","","","","","","","72","3.33 €","240 €","-10","40","50","5","0%","","100%","12","0.02","0.36","0.04","0.12","B"
"squirrel-1","SapphirerHamster","Intermediate","0.10","9.6","2.5","8.0","0.3","","","25 €","0.12","1","7.2","0.69","5","0.25","0.365","42 €","60 €","347 €","","","","","","","","","","72","3.33 €","240 €","8","32","24","4.2","5%","","100%","15","0.02","0.03","0.05","1.61","B"
"squirrel-1","PuddingHamster","Intermediate","0.10","9.6","2.5","7.5","0.3","","","25 €","0.12","1","7.2","0.69","5","0.25","0.364","42 €","60 €","347 €","","","","","","","","","","72","3.33 €","240 €","8","32","24","4.2","5%","","100%","15","0.02","0.03","0.05","1.52","B"
"squirrel-1","RG_SabertoothSquirrel","Intermediate","0.15","14.4","6.5","1.4","4.6","He","1","0 €","0.50","1","13.3","2.44","70","3.50","1.437","160 €","66 €","719 €","","","","","","","","","","","","","-48","40","88","5","75%","","","57","0.10","0.68","0.70","1.02",""
"squirrel-1","FEB_Cottonfoot","None","0.12","11.0","5.7","1.8","3.2","He","1","0 €","0.20","4","13.3","1.73","31","1.55","0.897","81 €","47 €","363 €","","","","","","","","","","","","","-30","40","70","6","25%","","8%","27","0.04","0.37","0.31","0.84",""
"squirrel-1","CK_ArcticHare","None","0.12","11.0","5.7","1.8","3.2","He","1","0 €","0.20","1","13.3","1.73","31","1.55","0.897","81 €","47 €","363 €","","","","","","","","","","","","","-70","26","96","6","75%","","8%","57","0.04","0.37","0.31","0.84",""
"warg","Warg","Intermediate","0.25","24.0","10.0","1.7","5.8","","","0 €","1.40","2","30.0","8.20","196","9.80","1.195","482 €","59 €","963 €","","","","","","","","","","","","","-40","40","80","5","60%","","50%","48","0.28","1.45","1.96","1.35","B"
"warg-1","Bear_Grizzly","Advanced","0.35","33.6","10.0","1.0","10.0","","","0 €","2.15","4","30.0","12.95","301","15.05","1.162","774 €","60 €","1548 €","","","","","","","","","","","","","-40","40","80","4.6","80%","","","60","0.43","3.50","3.01","0.86",""
"warg-1","Bear_Polar","Advanced","0.35","33.6","10.0","1.0","10.0","","","0 €","2.15","4","30.0","12.95","301","15.05","1.162","774 €","60 €","1548 €","","","","","","","","","","","","","-55","40","95","4.6","85%","","","63","0.43","3.50","3.01","0.86",""
"warg-1","Cougar","Advanced","0.20","19.2","10.0","1.0","10.0","","","0 €","1.00","2","30.0","7.25","140","7.00","0.966","344 €","47 €","688 €","","","","","","","","","","","","","-25","40","65","5","80%","","","60","0.20","2.00","1.40","0.70",""
"warg-1","Panther","Advanced","0.20","19.2","10.0","1.0","10.0","","","0 €","1.00","2","30.0","7.25","140","7.00","0.966","344 €","47 €","688 €","","","","","","","","","","","","","-8","50","58","5","80%","","","60","0.20","2.00","1.40","0.70",""
"warg-1","Lynx","Intermediate","0.12","11.5","10.0","1.0","10.0","","","0 €","0.60","2","30.0","4.44","84","4.20","0.946","219 €","49 €","437 €","","","","","","","","","","","","","-50","40","90","5","80%","","","60","0.12","1.20","0.84","0.70",""
"warg-1","Wolf_Timber","Advanced","0.18","17.3","10.0","1.7","5.8","","","40 €","0.85","2","30.0","5.91","119","5.95","1.007","297 €","50 €","594 €","","","","","","","","","","180","3.80 €","684 €","-40","40","80","5","85%","","10%","63","0.17","1.05","1.19","1.14","B"
"warg-1","Wolf_Arctic","Advanced","0.18","17.3","10.0","1.7","5.8","","","40 €","0.85","2","30.0","5.91","119","5.95","1.007","297 €","50 €","594 €","","","","","","","","","","180","3.80 €","684 €","-55","40","95","5","85%","","10%","63","0.17","1.05","1.19","1.14","B"
"warg-1","Fox_Fennec","Intermediate","0.10","9.6","10.0","1.7","5.8","","","0 €","0.55","1","20.0","2.43","77","3.85","1.584","216 €","89 €","649 €","","","","","","","","","","","","","-30","40","70","4.6","75%","","10%","57","0.11","0.58","0.77","1.33",""
"warg-1","Fox_Red","Intermediate","0.10","9.6","10.0","1.7","5.8","","","0 €","0.55","1","20.0","2.43","77","3.85","1.584","216 €","89 €","649 €","","","","","","","","","","","","","-35","40","75","4.6","75%","","10%","57","0.11","0.58","0.77","1.33",""
"warg-1","Fox_Arctic","Intermediate","0.10","9.6","10.0","1.7","5.8","","","0 €","0.55","1","20.0","2.43","77","3.85","1.584","216 €","89 €","649 €","","","","","","","","","","","","","-50","40","90","4.6","75%","","10%","57","0.11","0.58","0.77","1.33",""
"warg-1","Cat_Scimitar","Advanced","0.26","25.0","10.0","1.0","10.0","","","0 €","1.30","2","30.0","9.42","182","9.10","0.966","447 €","47 €","894 €","","","","","","","","","","","","","-40","40","80","6","80%","","5%","60","0.26","2.60","1.82","0.70",""
"warg-1","Wolf_Great","Advanced","0.40","38.4","10.0","1.7","5.8","","","0 €","1.50","2","30.0","13.12","210","10.50","0.800","516 €","39 €","1032 €","","","","","","","","","","","","","-50","40","90","5.5","95%","","10%","69","0.30","2.32","2.10","0.90","B"
"warg-1","Tiger","Advanced","0.20","19.2","10.0","1.0","10.0","","","0 €","1.40","1","30.0","7.25","196","9.80","1.352","482 €","66 €","963 €","","","","","","","","","","","","","-8","50","58","5.2","90%","","","66","0.28","2.00","1.96","0.98",""
"warg-1","ACPBlackbear","Advanced","0.35","33.6","45.0","1.0","45.0","","","0 €","1.70","4","30.0","25.20","238","11.90","0.472","612 €","24 €","1224 €","","","","","","","","","","","","","-45","40","85","4.3","85%","","","63","0.34","15.75","2.38","0.15",""
"warg-1","ACPLion","Advanced","0.30","28.8","10.0","1.0","10.0","","","0 €","1.50","1","30.0","10.88","210","10.50","0.966","516 €","47 €","1032 €","","","","","","","","","","","","","0","40","40","5","85%","","","63","0.30","3.00","2.10","0.70",""
"warg-1","ACPCheetah","Advanced","0.20","19.2","10.0","1.0","10.0","","","0 €","0.75","1","30.0","7.25","105","5.25","0.724","266 €","37 €","531 €","","","","","","","","","","","","","0","40","40","7.5","80%","","","60","0.15","2.00","1.05","0.53",""
"warg-1","ACPAmurLeopard","Advanced","0.20","19.2","21.0","1.0","21.0","","","0 €","0.70","1","30.0","9.45","98","4.90","0.519","250 €","26 €","500 €","","","","","","","","","","","","","-45","40","85","5","80%","","","60","0.14","4.20","0.98","0.23",""
"warg-1","ACPSnowLeopard","Advanced","0.20","19.2","22.5","1.0","22.5","","","0 €","0.70","1","30.0","9.75","98","4.90","0.503","250 €","26 €","500 €","","","","","","","","","","","","","-45","40","85","5","80%","","","60","0.14","4.50","0.98","0.22",""
"warg-1","Taggerung_ChromaticFlowerWolf","Advanced","0.18","17.3","10.0","1.7","5.8","","","0 €","0.85","2","30.0","5.91","119","5.95","1.007","1535 €","260 €","3069 €","","","","","","","","","","","","","-40","40","80","5","85%","","10%","63","0.17","1.05","1.19","1.14","B"
"warg-1","HC_Carbuncle","Advanced","0.10","9.6","10.0","1.7","5.8","","","0 €","0.55","1","20.0","2.43","39","1.94","0.800","155 €","64 €","466 €","","","","","","","","","","","","","-35","40","75","4.6","75%","","","57","0.11","0.58","0.39","0.67",""
"warg-1","Fox_Gray","Intermediate","0.10","9.6","10.0","1.7","5.8","","","0 €","0.55","1","20.0","2.43","77","3.85","1.584","216 €","89 €","649 €","","","","","","","","","","","","","-35","40","75","4.6","75%","","10%","57","0.11","0.58","0.77","1.33",""
"warg-1","Fox_Sand","Intermediate","0.10","9.6","10.0","1.7","5.8","","","0 €","0.55","1","20.0","2.43","77","3.85","1.584","216 €","89 €","649 €","","","","","","","","","","","","","-10","50","60","4.6","75%","","10%","57","0.11","0.58","0.77","1.33",""
"warg-1","Fox_Silver","Intermediate","0.10","9.6","10.0","1.7","5.8","","","0 €","0.55","1","20.0","2.43","77","3.85","1.584","216 €","89 €","649 €","","","","","","","","","","","","","-35","40","75","4.6","75%","","10%","57","0.11","0.58","0.77","1.33",""
"warg-1","Fox_Tibetan","Intermediate","0.10","9.6","10.0","1.7","5.8","","","0 €","0.55","1","20.0","2.43","77","3.85","1.584","216 €","89 €","649 €","","","","","","","","","","","","","-40","40","80","4.6","75%","","10%","57","0.11","0.58","0.77","1.33",""
"warg-1","Fox_Maikong","Intermediate","0.10","9.6","10.0","1.7","5.8","","","0 €","0.55","1","20.0","2.43","77","3.85","1.584","216 €","89 €","649 €","","","","","","","","","","","","","-20","40","60","4.6","75%","","10%","57","0.11","0.58","0.77","1.33",""
"warg-1","Fox_Kit","Intermediate","0.10","9.6","9.0","3.4","2.7","","","30 €","0.31","1","36.0","3.64","43","2.17","0.596","138 €","38 €","229 €","","","","","","","","","","125","2.30 €","288 €","-5","45","50","5.5","72%","","10%","55","0.06","0.27","0.43","1.64","B"
"warg-1","Wolf_Red","Advanced","0.18","17.3","10.0","1.7","5.8","","","0 €","0.68","1.6","30.0","5.91","95","4.76","0.806","244 €","41 €","488 €","","","","","","","","","","","","","-25","40","65","5","85%","","10%","63","0.14","1.05","0.95","0.91","B"
"warg-1","Rimmessian_fox","Advanced","0.63","60.5","16.0","1.7","9.3","","","0 €","3.50","3","60.0","43.66","490","24.50","0.561","1274 €","29 €","1274 €","","","","","","","","","","","","","-50","40","90","5.7","80%","","10%","60","0.70","5.86","4.90","0.84","B"
"warg-1","Dhole","Advanced","0.18","17.3","10.0","1.7","5.8","","","0 €","0.85","2","30.0","5.91","119","5.95","1.007","279 €","47 €","559 €","","","","","","","","","","","","","-20","50","70","5","85%","","10%","63","0.17","1.05","1.19","1.14","B"
"warg-1","AEXP_Cheetah","Advanced","0.20","19.2","10.0","1.9","5.2","","","0 €","1.00","1","30.0","6.28","140","7.00","1.114","344 €","55 €","688 €","","","","","","","","","","","","","-5","40","45","6.4","80%","","","60","0.20","1.03","1.40","1.36","B"
"warg-1","AEXP_BlackBear","Advanced","0.35","33.6","14.0","2.3","6.0","","","34 €","1.29","4","210.0","74.30","181","9.03","0.122","464 €","6.25 €","133 €","","","","","","160.0","1.90 €","304 €","8.0","250","3.40 €","850 €","-30","35","65","4.5","78%","","","59","0.26","2.11","1.81","0.86","B"
"warg-1","AEXP_Jaguar","Advanced","0.20","19.2","10.0","1.0","10.0","","","0 €","1.00","1","30.0","7.25","140","7.00","0.966","344 €","47 €","688 €","","","","","","","","","","","","","-8","50","58","5","80%","","","60","0.20","2.00","1.40","0.70",""
"warg-1","Grimstone_NorthernLynx","Advanced","0.20","19.2","10.0","1.0","10.0","","","0 €","1.00","2","30.0","7.25","140","7.00","0.966","344 €","47 €","688 €","","","","","","","","","","","","","-25","40","65","5","80%","","","60","0.20","2.00","1.40","0.70",""
"warg-1","CK_Panda","Advanced","0.35","33.6","10.0","1.0","10.0","He","3","0 €","2.15","4","30.0","12.95","301","15.05","1.162","774 €","60 €","1548 €","","","","","","","","","","","","","-40","40","80","4.6","80%","","","60","0.43","3.50","3.01","0.86",""
"warg-1","CK_Tiger","Advanced","0.20","19.2","10.0","1.0","10.0","","","0 €","1.00","1","30.0","7.25","140","7.00","0.966","344 €","47 €","688 €","","","","","","","","","","","","","0","73","73","5","80%","","","60","0.20","2.00","1.40","0.70",""
"warg-1","CK_WhiteTiger","Advanced","0.20","19.2","10.0","1.0","10.0","","","0 €","1.00","1","30.0","7.25","140","7.00","0.966","372 €","51 €","744 €","","","","","","","","","","","","","0","73","73","5","80%","","","60","0.20","2.00","1.40","0.70",""
"warg-1","CK_SnowLeopard","Advanced","0.20","19.2","10.0","1.0","10.0","","","0 €","1.00","1","30.0","7.25","140","7.00","0.966","372 €","51 €","744 €","","","","","","","","","","","","","-70","26","96","5","80%","","","60","0.20","2.00","1.40","0.70",""
"warg-1","CK_Jaguar","Advanced","0.20","19.2","10.0","1.0","10.0","","","0 €","1.00","1","30.0","7.25","140","7.00","0.966","344 €","47 €","688 €","","","","","","","","","","","","","0","73","73","5","80%","","","60","0.20","2.00","1.40","0.70",""
"weasel","Weasel","None","0.10","9.6","3.9","1.4","2.7","He","1","0 €","0.15","1","13.3","1.44","26","1.29","0.897","69 €","48 €","312 €","","","","","","","","","","","","","-35","40","75","3.8","55%","","","45","0.03","0.27","0.26","0.94","B"
"WoolyCow","WoolyCow","None","0.54","51.4","6.7","1.0","6.7","He","5","24 €","2.40","16","20.0","12.66","288","14.40","1.138","662 €","52 €","1987 €","","","","","","300.0","1.90 €","570 €","15.0","240","2.70 €","648 €","-10","40","50","3.2","0%","2.0","","12","0.48","3.56","2.88","0.81",""
