"defName","dps","healthScale","points","points guess","speed","mktval","mktval guess","bodySize","hunger","wildness","manhunter tame chance","manhunter damage chance","lifespan","trainability","tempMin","tempMax","flammability"
"Bear_Grizzly","10.4","2.50","200","269","4.60","700","952","2.15","0.35","80%","30%","50%","22.0","avancé","-40","40","70%"
"Bear_Polar","11.6","2.50","200","262","4.60","700","991","2.15","0.35","85%","30%","50%","22.0","avancé","-55","40","70%"
"Ostrich","8.9","1.00","85","96","6.00","250","274","1.00","0.42","95%","10%","100%","45.0","aucun","-8","50","70%"
"Emu","6.4","0.90","70","85","5.50","200","230","0.60","0.28","95%","100%","100%","45.0","aucun","-8","50","70%"
"Cassowary","5.3","0.80","60","68","4.60","200","199","0.60","0.28","80%","10%","100%","45.0","aucun","-8","50","70%"
"Cougar","7.1","1.30","120","125","5.00","400","576","1.00","0.20","80%","30%","50%","13.0","avancé","-25","40","70%"
"Panther","9.6","1.30","120","126","5.00","400","571","1.00","0.20","80%","30%","50%","13.0","avancé","-8","50","70%"
"Lynx","7.6","0.80","80","83","5.00","250","246","0.60","0.12","80%","20%","50%","9.0","intermédiaire","-50","40","70%"
"Cat","5.0","0.42","35","33","4.40","100","237","0.50","0.15","0%","0%","0%","10.0","avancé","-25","40","70%"
"YorkshireTerrier","2.4","0.40","30","19","3.10","100","56","0.32","0.15","0%","0%","0%","15.0","intermédiaire","-15","40","70%"
"GuineaPig","3.1","0.40","33","29","5.00","150","119","0.20","0.10","60%","0%","0%","4.0","aucun","-15","55","70%"
"LabradorRetriever","5.9","1.00","70","79","5.00","250","376","0.75","0.40","0%","0%","0%","12.0","avancé","-30","40","70%"
"Husky","6.4","1.05","75","64","5.00","250","384","0.86","0.50","0%","0%","0%","12.0","avancé","-50","40","70%"
"Monkey","2.8","0.45","35","26","4.30","100","90","0.35","0.13","60%","0%","0%","30.0","intermédiaire","-5","50","70%"
"Chicken","1.8","0.35","30","13","2.10","50","85","0.30","0.14","0%","0%","0%","6.0","aucun","-10","40","70%"
"Duck","2.5","0.35","30","15","2.10","60","86","0.30","0.18","0%","0%","0%","6.0","aucun","-10","40","70%"
"Turkey","3.9","0.60","50","37","3.20","100","166","0.48","0.28","0%","0%","20%","10.0","aucun","-5","38","70%"
"Goose","3.3","0.40","35","19","2.30","90","134","0.60","0.28","60%","0%","10%","8.0","aucun","-10","40","70%"
"Cow","4.4","1.50","75","72","3.20","300","253","2.40","0.54","0%","0%","0%","22.0","aucun","-10","40","70%"
"Boomalope","5.7","0.65","80","36","3.60","350","233","1.29","0.54","70%","5%","30%","18.0","aucun","-10","38","70%"
"Muffalo","6.2","1.75","100","112","4.00","300","337","3.00","0.54","32%","3%","60%","22.0","aucun","-40","30","70%"
"Bison","6.6","1.75","100","117","4.70","350","355","2.40","0.54","60%","0%","10%","15.0","aucun","-55","45","70%"
"Dromedary","6.0","1.60","90","98","4.30","300","295","2.10","0.54","25%","0%","0%","45.0","aucun","-22","60","70%"
"Goat","4.4","0.70","45","42","3.90","200","150","0.75","0.23","0%","0%","0%","12.0","aucun","-20","40","70%"
"Elk","6.3","1.90","110","133","5.00","300","388","2.10","0.54","75%","0%","0%","18.0","aucun","-50","40","70%"
"Yak","4.7","1.50","75","72","3.20","320","264","2.10","0.54","20%","0%","0%","22.0","aucun","-45","40","70%"
"Caribou","6.2","2.00","110","138","5.00","300","329","1.00","0.28","75%","0%","10%","18.0","aucun","-50","40","70%"
"Horse","4.1","1.75","100","89","5.80","550","226","2.40","0.54","35%","0%","0%","30.0","aucun","-35","45","70%"
"Donkey","5.1","1.45","80","84","5.00","320","138","1.40","0.33","0%","0%","0%","24.0","aucun","-25","45","70%"
"Elephant","12.2","3.60","260","402","4.80","600","1389","4.00","1.61","75%","0%","50%","50.0","avancé","-12","50","70%"
"Rhinoceros","11.4","3.50","270","383","4.50","700","663","3.06","1.07","90%","15%","70%","45.0","aucun","8","42","70%"
"Hare","2.1","0.40","33","16","7.00","50","162","0.38","0.12","72%","5%","20%","8.0","intermédiaire","-25","38","70%"
"Snowhare","2.2","0.40","33","23","6.00","50","46","0.20","0.12","75%","0%","0%","8.0","aucun","-55","40","70%"
"Megascarab","3.2","0.40","40","24","3.75","100","66","0.20","0.10","20%","0%","50%","10.0","intermédiaire","0","60","70%"
"Spelopede","4.3","1.70","75","92","3.65","200","412","0.80","0.25","30%","0%","50%","6.0","avancé","-25","60","70%"
"Megaspider","5.7","2.50","150","152","3.60","500","556","1.20","0.35","40%","0%","50%","6.0","avancé","-40","60","70%"
"Thrumbo","13.9","8.00","500","1162","5.50","4000","3208","4.00","1.75","98%","0%","100%","220.0","avancé","-65","50","70%"
"Cobra","7.3","0.50","65","60","3.50","150","164","0.25","0.07","75%","10%","50%","20.0","aucun","0","60","70%"
"Tortoise","3.7","0.60","70","29","1.00","200","146","0.50","0.08","75%","0%","0%","180.0","aucun","0","50","70%"
"Alphabeaver","4.7","0.70","40","52","3.70","250","94","0.45","3.00","75%","10%","50%","12.0","aucun","-40","40","70%"
"Pig","4.7","0.70","45","34","3.90","200","114","1.70","0.50","0%","0%","0%","12.0","aucun","-5","40","70%"
"WildBoar","5.7","0.70","55","51","4.60","200","107","0.85","0.30","50%","0%","0%","12.0","aucun","-23","40","70%"
"Ibex","5.2","0.85","50","50","5.00","250","197","1.05","0.20","65%","10%","50%","20.0","aucun","-25","30","70%"
"Deer","3.3","0.90","50","48","6.00","250","221","1.29","0.20","70%","10%","40%","18.0","aucun","-25","35","70%"
"Gazelle","4.5","0.70","40","52","6.00","150","108","0.70","0.15","75%","0%","0%","12.0","aucun","-10","40","70%"
"Chinchilla","3.3","0.40","33","26","5.00","150","122","0.35","0.13","60%","0%","0%","9.0","aucun","-15","55","70%"
"Sheep","5.9","0.70","55","41","4.20","210","142","1.00","0.23","0%","0%","0%","12.0","aucun","-15","35","70%"
"Alpaca","4.7","1.00","65","52","4.10","350","167","1.00","0.28","25%","0%","0%","15.0","aucun","-20","45","70%"
"Megasloth","12.9","3.60","280","386","3.20","700","1261","3.85","1.00","90%","28%","55%","25.0","intermédiaire","-10","35","70%"
"Capybara","5.3","0.70","45","48","3.90","150","112","0.75","0.23","75%","0%","0%","12.0","aucun","-10","50","70%"
"Squirrel","2.6","0.25","33","15","5.30","35","132","0.16","0.10","72%","3%","8%","8.0","intermédiaire","-30","35","70%"
"Rat","3.5","0.29","30","19","4.50","35","56","0.10","0.10","42%","5%","25%","5.0","intermédiaire","-10","38","70%"
"Boomrat","4.1","0.40","55","31","4.60","100","57","0.20","0.14","75%","0%","0%","8.0","aucun","-15","40","70%"
"Raccoon","3.9","0.40","35","22","4.50","100","163","0.48","0.20","65%","8%","30%","10.0","intermédiaire","-20","38","70%"
"Iguana","4.9","0.50","40","38","3.00","100","120","0.40","0.20","50%","0%","0%","12.0","aucun","0","60","70%"
"Warg","10.7","1.40","160","152","5.00","450","405","1.40","0.25","60%","40%","100%","15.0","intermédiaire","-40","40","70%"
"Wolf_Timber","7.2","0.99","75","87","5.00","350","555","0.85","0.18","85%","30%","100%","12.0","avancé","-40","40","70%"
"Wolf_Arctic","6.8","0.99","75","81","5.00","350","565","0.85","0.18","85%","30%","100%","12.0","avancé","-55","40","70%"
"Fox_Fennec","5.3","0.70","45","54","4.60","200","180","0.55","0.10","75%","0%","0%","9.0","intermédiaire","-30","40","70%"
"Fox_Red","2.7","0.70","45","60","4.60","200","148","0.55","0.10","75%","0%","0%","9.0","intermédiaire","-35","40","70%"
"Fox_Arctic","5.2","0.70","45","57","4.60","200","178","0.55","0.10","75%","0%","0%","9.0","intermédiaire","-50","40","70%"
"Dryad_Basic","5.2","0.80","40","51","3.00","1","79","0.67","1.00","0%","0%","100%","80.0","aucun","-50","50","70%"
"Dryad_Woodmaker","4.9","0.80","40","53","3.00","1","79","0.67","1.00","0%","0%","100%","80.0","aucun","-50","50","70%"
"Dryad_Berrymaker","5.3","0.80","40","52","3.00","1","80","0.67","1.00","0%","0%","100%","80.0","aucun","-50","50","70%"
"Dryad_Medicinemaker","5.3","0.80","40","53","3.00","1","79","0.67","1.00","0%","0%","100%","80.0","aucun","-50","50","70%"
"Dryad_Gaumaker","5.2","0.80","40","52","3.00","1","79","0.67","1.00","0%","0%","100%","80.0","aucun","-50","50","70%"
"Dryad_Carrier","5.4","0.80","40","48","2.40","1","270","0.67","1.00","0%","0%","100%","80.0","avancé","-50","50","70%"
"Dryad_Clawer","15.6","0.70","40","121","4.00","1","247","0.67","1.00","0%","0%","100%","80.0","intermédiaire","-50","50","70%"
"Dryad_Barkskin","5.3","0.90","40","61","3.20","1","138","0.65","1.00","0%","0%","100%","80.0","intermédiaire","-50","50","70%"
"WasteRat","3.7","0.29","40","19","4.00","35","71","0.30","0.10","50%","20%","50%","6.0","intermédiaire","-40","40","70%"
"Toxalope","5.6","0.65","80","36","3.40","350","134","1.40","0.54","60%","10%","10%","10.0","aucun","-15","40","70%"
"BogHound","5.3","1.00","70","87","5.00","220","237","0.85","0.18","50%","30%","50%","12.0","intermédiaire","-30","40","70%"
"MonitorLizard","5.5","1.00","60","75","3.60","175","186","0.60","0.20","50%","0%","0%","12.0","aucun","0","60","70%"
"PrairieDog","3.3","0.35","30","22","3.80","30","42","0.20","0.10","50%","0%","0%","8.0","aucun","-30","40","70%"
"Porcupine","3.1","0.40","30","23","3.00","35","55","0.35","0.15","75%","0%","0%","8.0","aucun","-30","40","70%"
"Mastodon","13.2","4.00","330","474","4.70","740","1658","4.50","1.80","75%","10%","50%","50.0","avancé","-55","40","70%"
"Cat_Scimitar","9.5","1.50","120","157","6.00","500","663","1.30","0.26","80%","40%","100%","13.0","avancé","-40","40","70%"
"Wolverine","5.8","0.60","70","46","4.60","150","115","0.70","0.23","95%","50%","100%","6.0","aucun","-50","40","70%"
"Wolf_Great","6.9","1.50","95","113","5.50","500","569","1.50","0.40","95%","30%","100%","18.0","avancé","-50","40","70%"
"Moose","7.5","2.10","125","168","4.70","375","348","2.50","0.54","75%","10%","20%","18.0","aucun","-65","40","70%"
"AlphaThrumbo","19.4","12.00","800","2362","6.00","7000","5999","5.00","1.75","99%","10%","100%","500.0","avancé","-65","50","70%"
"Muskox","6.4","1.80","110","129","4.30","370","382","2.50","0.54","75%","0%","10%","18.0","aucun","-65","40","70%"
"Tiger","7.0","1.50","130","150","5.20","450","689","1.40","0.20","90%","50%","75%","13.0","avancé","-8","50","70%"
"Mink","3.4","0.35","33","23","4.60","160","131","0.35","0.10","75%","0%","0%","10.0","aucun","-45","40","70%"
"Gorilla","9.2","2.00","160","193","4.70","600","748","2.00","0.54","60%","10%","50%","40.0","avancé","-10","50","70%"
"Badger","3.9","0.70","50","40","3.80","100","90","0.60","0.20","80%","50%","100%","20.0","aucun","-35","40","70%"
"Panda","6.1","1.20","80","71","3.20","400","239","1.50","0.20","40%","0%","0%","22.0","intermédiaire","-10","50","70%"
"Hippo","12.1","3.40","250","361","4.20","600","662","2.80","1.00","90%","30%","100%","50.0","aucun","-8","40","70%"
"Megavole","5.8","1.00","70","65","3.20","250","184","0.80","0.50","40%","0%","10%","8.0","intermédiaire","-15","40","70%"
"Alligator","10.2","1.20","120","98","2.80","350","307","1.50","0.30","90%","30%","50%","40.0","aucun","-10","60","70%"
"Bullfrog","3.1","0.29","30","16","3.00","60","35","0.19","0.10","50%","2%","8%","10.0","aucun","3","38","70%"
"ColossusToad","6.3","0.80","60","58","3.20","220","155","0.80","0.20","25%","0%","0%","8.0","intermédiaire","-10","50","70%"
"LavaSnail","2.9","0.80","55","24","0.85","180","76","0.90","0.20","25%","0%","0%","22.0","aucun","0","70","70%"
"Sparrow","1.6","0.08","20","3","3.10","30","88","0.12","0.08","60%","0%","0%","4.0","aucun","-15","40","70%"
"Crow","1.6","0.10","25","4","3.10","30","87","0.15","0.08","25%","0%","10%","4.0","intermédiaire","-10","40","70%"
"Bluebird","1.7","0.10","25","3","3.10","30","91","0.15","0.08","60%","0%","0%","4.0","aucun","-10","40","70%"
"Quail","1.6","0.10","25","4","3.10","30","97","0.25","0.12","60%","0%","0%","4.0","aucun","-10","40","70%"
"Macaw","1.7","0.20","25","7","3.10","90","275","0.35","0.12","25%","0%","0%","50.0","avancé","-10","50","70%"
"Flamingo","4.0","0.60","40","39","3.20","120","203","0.35","0.28","50%","5%","20%","35.0","aucun","5","42","70%"
"Heron","4.0","0.60","40","35","3.40","120","144","0.60","0.28","45%","0%","0%","9.0","aucun","0","40","70%"
"Swan","4.2","0.60","40","35","3.40","200","142","0.60","0.28","45%","5%","50%","9.0","aucun","0","40","70%"
"Peacock","4.2","0.60","40","34","3.00","180","141","0.60","0.23","45%","0%","0%","9.0","aucun","0","40","70%"
"Vulture","4.1","0.60","40","34","2.80","120","183","0.60","0.23","45%","0%","0%","9.0","intermédiaire","0","40","70%"
"Walrus","5.1","1.20","70","56","2.30","300","192","2.00","0.54","75%","10%","50%","12.0","aucun","-55","40","70%"
"SeaLion","5.4","0.80","70","41","2.80","320","354","1.20","0.30","50%","0%","10%","12.0","avancé","-40","40","70%"
"Seal","4.2","0.70","50","37","2.60","290","320","0.80","0.30","50%","0%","0%","12.0","avancé","-20","40","70%"
"HermitCrab","3.8","0.40","50","25","2.00","60","48","0.20","0.08","75%","0%","0%","60.0","aucun","0","60","70%"
"StoneCrab","5.5","0.60","70","49","2.20","80","82","0.30","0.12","75%","0%","0%","8.0","aucun","0","60","70%"
"SeaTurtle","5.1","0.60","70","36","1.50","250","153","0.50","0.10","75%","0%","0%","80.0","aucun","0","50","70%"
"Otter","3.3","0.50","30","29","3.50","60","95","0.40","0.15","50%","0%","0%","8.0","intermédiaire","-30","40","70%"
"Larva","3.2","0.25","25","13","2.00","35","46","0.20","0.10","20%","0%","50%","4.0","intermédiaire","0","60","70%"
"HiveQueen","14.3","9.80","500","1261","3.40","2000","3616","4.50","1.00","99%","100%","100%","75.0","avancé","-40","60","70%"
"Locust","3.6","0.70","55","38","3.00","120","116","0.60","0.15","30%","0%","50%","10.0","intermédiaire","-10","60","70%"
"CCPChocolateBun","2.2","0.40","33","23","6.00","230","33","0.20","0.12","0%","0%","0%","8.0","aucun","-30","40","70%"
"WYD_MamuffaloWood","16.5","3.75","90","556","3.80","500","961","2.58","1.00","65%","5%","15%","22.0","aucun","-35","25","70%"
"WYD_MamuffaloSnow","16.1","3.75","90","529","3.50","500","1012","3.29","1.00","72%","12%","22%","22.0","aucun","-55","15","70%"
"WYD_MamuffaloLost","15.3","3.75","90","547","3.70","500","781","2.58","1.00","58%","8%","12%","21.0","aucun","-42","27","70%"
"ACPUnicorn","10.3","1.75","150","251","8.50","1200","919","2.00","0.80","95%","1%","100%","50.0","avancé","-35","40","70%"
"Coldwarg","9.9","1.40","90","155","5.00","450","628","1.40","0.25","65%","35%","45%","15.0","avancé","-40","40","70%"
"FancyRat","3.0","0.29","30","19","4.00","40","58","0.15","0.20","40%","0%","0%","8.0","intermédiaire","-30","40","70%"
"DireRat","6.5","0.35","75","27","4.50","100","132","0.85","0.20","75%","10%","10%","12.0","intermédiaire","-25","40","70%"
"GiantRakali","6.4","2.50","55","201","7.00","600","848","3.00","0.50","70%","5%","15%","25.0","avancé","-35","40","70%"
"KangarooRat","1.9","0.25","12","10","5.50","50","67","0.65","0.12","40%","1%","5%","8.0","intermédiaire","-25","40","70%"
"PackRat","5.9","1.35","45","104","8.00","300","551","1.95","0.50","60%","1%","5%","25.0","avancé","-35","40","70%"
"Packaroo","6.0","1.35","45","102","7.50","300","532","1.80","0.50","60%","1%","5%","25.0","avancé","-25","40","70%"
"ScourgeRat","7.1","1.55","65","140","7.50","500","626","1.55","0.50","75%","10%","25%","25.0","avancé","-45","55","70%"
"ThorntailMouse","8.4","1.35","55","173","7.50","500","615","1.60","0.50","60%","5%","10%","25.0","avancé","-25","40","70%"
"SnowRat","3.7","0.35","35","26","4.50","40","144","0.25","0.20","40%","0%","0%","9.0","intermédiaire","-55","40","70%"
"AA_AcanthamoebaGiganteaSmall","4.0","0.75","50","46","1.50","150","64","0.20","0.50","42%","0%","0%","3.0","aucun","-10","65","70%"
"AA_AcanthamoebaGiganteaLarge","8.2","1.50","75","114","1.75","350","169","0.80","0.50","42%","0%","0%","3.0","aucun","-10","65","70%"
"AA_AcanthamoebaGiganteaHuge","12.6","2.50","105","249","2.00","700","329","1.50","0.50","42%","0%","0%","3.0","aucun","-10","65","70%"
"AA_Aerofleet","3.3","0.40","20","24","2.84","120","46","0.20","0.10","60%","0%","0%","9.0","aucun","-25","30","70%"
"AA_ColossalAerofleet","10.0","2.00","120","167","2.84","400","338","2.00","1.50","80%","0%","0%","110.0","aucun","-25","30","70%"
"AA_Agaripawn","6.6","1.30","120","84","4.00","200","302","1.40","0.20","75%","1.8%","0%","35.0","intermédiaire","-15","40","70%"
"AA_Agaripod","13.5","3.60","250","406","2.50","450","1181","4.00","0.33","90%","1.8%","0%","70.0","intermédiaire","-15","40","70%"
"AA_AngelMothLarva","0.8","0.30","10","9","2.00","15","23","0.10","0.10","70%","0%","0%","1.0","aucun","-10","40","70%"
"AA_AngelMoth","4.4","3.00","75","164","3.00","450","496","0.75","1.00","65%","2%","10%","2.0","intermédiaire","-20","40","70%"
"AA_AnimaColossus","13.2","2.70","500","268","2.00","650","1102","6.00","0.40","91%","0%","75%","620.0","intermédiaire","-30","40","70%"
"AA_Animalisk","11.4","1.20","200","128","4.00","500","666","1.00","0.10","90%","10%","100%","12.0","avancé","-12","60","70%"
"AA_AnimusVox","4.9","0.90","45","67","4.60","300","382","0.65","0.20","50%","0%","0%","9.0","avancé","-25","40","70%"
"AA_ArcticLion","12.0","2.50","300","320","6.00","600","1237","2.00","0.30","90%","20%","100%","18.0","avancé","-70","10","70%"
"AA_LarvalAtispec","0.7","0.10","10","3","2.00","15","17","0.10","0.16","80%","0%","0%","3.0","aucun","-10","40","70%"
"AA_Atispec","17.2","20.00","1000","2845","3.00","1200","7284","7.00","1.00","80%","50%","100%","87.0","avancé","-20","40","70%"
"AA_AuroraSylph","0.3","0.70","45","12","2.00","250","77","0.50","0.10","80%","2%","10%","6.0","intermédiaire","-300","2000","70%"
"AA_Barbslinger","13.9","2.00","500","272","4.00","500","790","2.50","1.00","90%","0%","50%","7.0","intermédiaire","-2","60","70%"
"AA_BedBug","4.3","1.00","40","65","3.00","100","185","0.50","0.25","75%","20%","100%","12.0","aucun","-70","40","70%"
"AA_Behemoth","12.9","10.00","600","1207","4.00","50000","3660","8.00","0.30","99%","20%","90%","450.0","avancé","-50","100","0%"
"AA_BlackScarab","4.2","0.45","50","39","4.50","150","70","0.30","0.10","95%","20%","95%","10.0","aucun","-30","75","70%"
"AA_BlackSpelopede","5.4","1.90","85","114","4.00","250","364","1.00","0.25","95%","20%","95%","6.0","intermédiaire","-25","75","70%"
"AA_BlackSpider","7.1","3.00","175","221","5.00","550","878","1.50","0.35","100%","20%","95%","6.0","avancé","-40","75","70%"
"AA_Blizzarisk","10.7","1.90","300","204","5.20","500","975","2.00","0.30","98%","10%","100%","18.0","avancé","-70","10","70%"
"AA_BlizzariskClutchMother","15.9","3.00","600","409","3.00","900","1504","3.00","1.80","100%","80%","100%","30.0","avancé","-70","0","70%"
"AA_BloodShrimp","10.0","3.00","150","304","5.50","450","784","1.00","0.40","80%","10%","80%","12.0","intermédiaire","0","55","70%"
"AA_Bobeene","4.7","1.25","75","59","2.70","550","263","2.10","0.30","30%","0%","0%","7.0","aucun","-10","40","70%"
"AA_BoulderMit","18.9","9.00","350","1173","1.00","350","1538","4.00","0.05","70%","20%","1%","650.0","aucun","-65","40","70%"
"AA_SummitCrab","23.4","4.00","800","630","1.00","1500","1854","15.00","0.01","100%","0%","1%","1200.0","aucun","-65","40","70%"
"AA_Bumbledrone","2.6","0.80","120","34","5.00","350","142","0.79","0.30","80%","10%","10%","15.0","intermédiaire","-25","40","70%"
"AA_BumbledroneHierophant","10.8","3.00","190","393","4.00","350","739","0.79","0.10","80%","10%","50%","12.0","intermédiaire","-25","40","70%"
"AA_BumbledroneQueen","3.4","1.30","150","63","4.00","450","496","0.79","0.40","80%","10%","10%","25.0","avancé","-25","40","70%"
"AA_Cactipine","4.7","0.75","30","55","4.50","100","145","0.50","0.20","75%","20%","100%","4.0","intermédiaire","-5","70","70%"
"AA_ChameleonYak","7.3","1.95","100","137","4.00","350","393","2.50","0.54","60%","0%","0%","15.0","aucun","-10","35","70%"
"AA_ChemfuelMyrmidon","5.0","1.50","150","78","3.00","450","299","1.50","0.35","80%","0%","50%","8.0","aucun","-15","100","0%"
"AA_Cinderlisk","10.9","1.90","350","210","5.00","575","990","2.50","0.20","98%","10%","100%","12.0","avancé","10","100","0%"
"AA_CrepuscularBeetle","10.9","1.20","200","125","4.00","600","423","3.00","0.30","75%","0%","0%","37.0","aucun","-10","40","70%"
"AA_CrescendoAnole","4.6","2.00","175","156","3.00","450","449","0.30","0.20","70%","0%","0%","14.0","intermédiaire","0","60","70%"
"AA_CrystalMit","3.8","0.60","50","31","1.80","250","72","0.50","0.10","60%","0%","0%","58.0","aucun","-65","40","70%"
"AA_CrystallineCaracal","7.1","1.50","200","135","5.00","1000","567","0.80","0.30","75%","10%","100%","18.0","avancé","-40","300","70%"
"AA_DarkVandal","5.9","0.90","65","57","4.60","200","398","1.20","0.25","60%","4%","95%","13.0","avancé","-23","40","70%"
"AA_Darkbeast","14.7","2.00","175","262","4.00","750","657","1.50","0.10","65%","2%","75%","14.0","intermédiaire","-80","35","70%"
"AA_DecayDrake","10.0","2.00","175","198","4.00","350","748","1.00","0.65","80%","35%","35%","18.0","avancé","-10","40","70%"
"AA_DesertAve","7.2","1.00","70","86","7.00","400","554","1.00","0.55","75%","4%","25%","35.0","avancé","0","75","70%"
"AA_DevilSheep","4.8","1.00","30","67","3.00","800","95","0.50","0.23","30%","30%","100%","10.0","aucun","-70","40","70%"
"AA_DrainerLarva","0.6","0.30","10","6","1.20","15","21","0.10","0.10","70%","0%","0%","1.0","aucun","-10","40","70%"
"AA_Drainer","2.1","1.50","45","60","3.00","250","171","0.50","1.00","65%","2%","10%","4.0","aucun","-10","40","70%"
"AA_Dunealisk","11.1","1.90","300","208","5.00","500","946","2.00","0.30","98%","10%","100%","12.0","avancé","10","100","70%"
"AA_DunealiskClutchMother","16.8","3.00","600","455","5.00","900","1708","3.00","1.80","100%","80%","100%","12.0","avancé","25","100","70%"
"AA_DuskProwler","14.2","2.00","125","195","6.00","750","957","1.50","0.15","75%","5%","100%","18.0","intermédiaire","-30","30","70%"
"AA_DuskRat","3.1","0.29","20","19","4.00","35","35","0.15","0.20","50%","0%","0%","8.0","aucun","-30","40","70%"
"AA_EmpressButterflyLarva","0.2","0.20","10","4","1.50","50","17","0.10","0.10","60%","0%","0%","1.0","aucun","-10","40","70%"
"AA_EmpressButterfly","0.3","0.30","75","5","3.00","650","144","0.75","0.25","65%","0%","0%","5.0","intermédiaire","-20","40","70%"
"AA_EngorgedTentacularAberration","15.5","4.00","500","473","1.50","550","1389","6.00","2.00","80%","0%","100%","75.0","intermédiaire","-70","40","70%"
"AA_Erin","10.7","2.00","175","188","4.00","550","686","1.00","0.10","60%","20%","40%","28.0","avancé","-5","75","70%"
"AA_Eyeling","4.8","0.50","10","36","3.00","100","99","0.40","0.10","20%","0%","0%","12.0","intermédiaire","0","60","70%"
"AA_Feralisk","10.7","1.20","200","134","5.50","500","716","1.00","0.30","98%","10%","100%","12.0","avancé","-12","60","70%"
"AA_FeraliskClutchMother","16.1","3.00","600","503","5.50","900","1794","3.00","1.80","100%","80%","100%","12.0","avancé","-12","60","70%"
"AA_FireWasp","2.5","2.00","80","61","1.50","350","201","0.79","0.30","70%","2%","2%","15.0","aucun","10","175","0%"
"AA_FissionMouse","2.6","0.60","35","31","5.00","35","75","0.50","0.33","70%","0%","0%","6.0","aucun","-20","40","70%"
"AA_FissionMouseSecond","2.9","0.50","35","26","4.50","35","69","0.50","0.33","70%","0%","0%","6.0","aucun","-20","40","70%"
"AA_FissionMouseThird","2.7","0.35","35","17","4.00","35","58","0.50","0.33","70%","0%","0%","4.0","aucun","-20","40","70%"
"AA_FlamingoPhoenix","3.4","0.60","47","30","3.20","200","126","0.35","0.28","50%","5%","20%","35.0","aucun","5","42","70%"
"AA_FrostAve","10.8","1.50","80","175","7.00","400","748","1.30","0.55","86%","10%","45%","35.0","avancé","-75","10","70%"
"AA_FrostLynx","10.2","2.50","275","251","5.00","375","968","2.00","0.30","90%","20%","75%","20.0","avancé","-200","40","70%"
"AA_Frostmite","4.6","0.80","80","69","6.00","120","114","0.50","1.30","70%","0%","0%","4.0","aucun","-80","15","70%"
"AA_FrostboundBehemoth","16.2","3.00","180","355","2.00","600","648","3.00","0.23","45%","0%","0%","45.0","aucun","-100","0","70%"
"AA_Frostling","11.8","2.00","125","253","6.00","750","927","1.50","0.15","75%","5%","100%","18.0","avancé","-150","0","70%"
"AA_FungalHusk","7.4","4.00","150","321","4.60","150","855","1.00","0.01","100%","100%","100%","85.0","intermédiaire","-100","100","70%"
"AA_Gallatross","38.1","40.00","1000","15018","5.70","10000","36699","6.00","2.50","99%","30%","100%","300.0","avancé","-100","40","70%"
"AA_GallatrossMoribund","34.6","40.00","1000","14451","5.70","7500","33952","6.00","0.10","99%","40%","100%","300.0","avancé","-100","40","70%"
"AA_Genix","10.0","2.50","275","242","4.00","375","898","2.00","0.30","80%","20%","75%","13.0","avancé","-100","30","70%"
"AA_GiantCrownedSilkie","8.2","1.00","90","75","3.00","400","240","1.10","0.25","10%","3%","5%","45.0","aucun","-65","35","70%"
"AA_Gigantelope","6.5","1.75","100","116","4.50","350","352","2.00","0.54","60%","1%","20%","18.0","aucun","-15","40","70%"
"AA_GreatDevourer","9.6","2.00","200","158","2.80","400","615","2.50","1.00","75%","0%","0%","55.0","intermédiaire","-5","40","70%"
"AA_GreenGoo","7.9","0.75","75","70","1.50","125","108","0.50","0.01","60%","0%","0%","10.0","aucun","-100","85","70%"
"AA_GreyCoatedMouflon","4.6","1.50","40","76","2.00","650","194","0.80","0.23","50%","2%","10%","25.0","aucun","-50","40","70%"
"AA_Groundrunner","5.7","3.00","350","151","2.80","250","459","1.37","0.54","35%","5%","15%","20.0","intermédiaire","-5","35","70%"
"AA_Helixien","3.8","8.00","220","275","0.60","750","492","4.00","0.30","40%","20%","100%","74.0","aucun","-10","40","70%"
"AA_InfectedAerofleet","3.3","0.40","35","24","2.84","180","45","0.20","0.02","60%","0%","0%","9.0","aucun","-50","50","70%"
"AA_IronhuskBeetle","13.1","1.50","200","161","2.80","750","490","2.50","0.54","20%","0%","0%","10.0","intermédiaire","-8","40","70%"
"AA_Junglelisk","11.0","1.40","200","156","5.50","500","777","1.00","0.20","96%","10%","100%","12.0","avancé","-12","60","70%"
"AA_Lockjaw","9.1","2.70","300","206","3.00","550","659","2.50","0.50","80%","20%","50%","45.0","intermédiaire","-10","40","70%"
"AA_Locusts","0.0","0.01","1","0","2.00","5","9","0.01","4.00","100%","0%","0%","1.0","aucun","-10","40","100%"
"AA_LuciferBug","1.0","0.85","100","36","3.00","1000","45","0.15","0.20","15%","20%","100%","3.0","aucun","-20","40","70%"
"AA_MammothWorm","15.7","3.00","200","403","2.00","600","1209","3.00","0.54","90%","20%","95%","45.0","intermédiaire","-30","75","70%"
"AA_Mantrap","7.7","1.50","200","97","3.00","450","373","2.00","0.35","80%","0%","0%","15.0","intermédiaire","-10","70","70%"
"AA_MatureFleshbeast","13.1","2.70","500","279","2.00","550","1034","6.00","1.50","80%","0%","100%","75.0","intermédiaire","-70","40","70%"
"AA_MeadowAve","8.4","1.00","70","99","7.00","400","615","1.20","0.55","85%","12%","12%","40.0","avancé","-15","40","70%"
"AA_MegaLouse","7.9","0.85","150","88","3.00","400","327","0.50","0.70","90%","20%","100%","7.0","intermédiaire","-70","75","70%"
"AA_Metallovore","10.0","2.00","150","161","2.00","150","301","2.00","0.85","65%","2%","80%","7.0","aucun","-20","85","0%"
"AA_Mime","7.7","2.00","120","155","4.60","1000","462","1.00","3.00","100%","100%","100%","85.0","intermédiaire","0","35","70%"
"AA_Murkling","1.9","0.40","40","24","5.10","35","53","0.35","0.20","60%","0%","25%","6.0","aucun","-35","40","70%"
"AA_MycoidColossus","12.9","2.70","500","281","2.00","550","1098","6.00","0.25","90%","0%","75%","570.0","intermédiaire","-30","40","70%"
"AA_Needlepost","2.0","2.20","90","68","3.00","630","168","0.79","0.05","60%","0%","0%","6.0","intermédiaire","0","70","70%"
"AA_Needleroll","1.5","0.25","33","8","2.50","250","26","0.15","0.00","60%","0%","0%","6.0","aucun","0","100","70%"
"AA_NightMule","8.2","1.75","125","149","4.50","350","448","2.80","0.23","65%","0%","0%","15.0","aucun","-55","45","70%"
"AA_NightAve","8.5","1.60","90","165","7.00","400","752","1.10","0.25","88%","7.5%","25%","27.0","avancé","-25","35","70%"
"AA_Nightling","9.3","1.15","125","104","5.00","750","617","1.00","0.25","90%","1.8%","100%","15.0","avancé","-35","40","70%"
"AA_NightRam","8.3","2.00","125","158","4.00","550","464","2.50","0.23","75%","0%","0%","15.0","aucun","-35","40","70%"
"AA_OcularJelly","6.8","1.00","35","86","2.00","250","239","0.50","0.01","80%","0%","0%","4.0","intermédiaire","-35","40","70%"
"AA_OcularNightling","8.5","1.50","125","137","5.00","750","589","1.20","0.25","75%","1.8%","100%","15.0","avancé","-35","40","70%"
"AA_OvergrownColossus","12.6","2.70","500","281","2.00","550","1081","6.00","0.50","90%","0%","75%","320.0","intermédiaire","-30","40","70%"
"AA_PebbleMit","3.8","0.60","50","33","1.80","250","74","0.50","0.33","70%","0%","0%","25.0","aucun","-65","40","70%"
"AA_PedigreedRaptor","5.5","2.00","50","158","5.00","1050","585","0.75","0.10","25%","10%","50%","65.0","avancé","-15","40","70%"
"AA_PhoenixOwlcat","4.6","0.40","33","32","4.00","250","35","0.20","0.10","20%","0%","0%","10.0","aucun","-25","40","70%"
"AA_Plasmorph","10.0","1.00","350","96","1.00","150","275","1.00","0.05","70%","0%","0%","20.0","intermédiaire","-10","50","70%"
"AA_Radyak","6.5","1.75","100","116","4.50","2500","352","2.50","0.54","40%","1%","20%","46.0","aucun","-65","40","70%"
"AA_RaptorShrimp","14.8","3.00","300","437","4.70","750","920","1.40","0.40","90%","10%","80%","15.0","intermédiaire","10","40","70%"
"AA_Ravager","11.8","5.00","220","611","5.00","150","1539","2.50","0.35","95%","10%","10%","20.0","intermédiaire","-140","40","70%"
"AA_RayHound","11.1","2.00","95","199","3.00","450","647","1.50","0.10","30%","2%","20%","20.0","avancé","0","60","70%"
"AA_Razorjack","10.8","2.00","190","196","4.00","350","716","1.00","0.05","75%","10%","75%","18.0","avancé","-50","50","70%"
"AA_RedGoo","10.9","1.00","75","114","1.50","150","162","0.50","0.01","60%","0%","0%","10.0","aucun","-100","85","70%"
"AA_RedSpore","14.3","3.00","125","286","3.50","250","591","2.00","0.01","80%","0%","0%","1.0","aucun","-100","100","70%"
"AA_RipperHound","13.0","2.00","125","252","5.00","550","846","1.50","0.10","70%","5%","100%","12.0","avancé","-20","45","70%"
"AA_RoughPlatedMonitor","10.8","2.00","175","187","3.00","350","521","2.00","0.40","70%","10%","35%","37.0","intermédiaire","-10","60","0%"
"AA_RoyalAve","5.4","0.80","55","55","6.00","750","440","1.10","0.55","45%","1.8%","10%","40.0","avancé","-15","40","70%"
"AA_SandLion","11.9","2.50","300","329","6.00","600","1145","2.00","0.30","90%","20%","100%","18.0","avancé","10","100","70%"
"AA_SandProwler","10.2","2.50","275","240","4.00","450","642","2.00","0.10","65%","10%","100%","18.0","intermédiaire","0","70","70%"
"AA_SandSquid","11.3","1.00","350","80","1.00","350","317","2.00","0.05","70%","0%","0%","25.0","intermédiaire","-10","100","70%"
"AA_ShadowCharger","8.6","2.00","125","151","3.50","550","625","2.50","0.25","70%","0%","10%","17.0","intermédiaire","-35","40","70%"
"AA_ShockGoat","4.9","1.00","30","63","3.50","350","257","0.65","0.23","30%","5%","20%","12.0","intermédiaire","-5","40","70%"
"AA_Skiphound","6.9","3.00","700","149","4.00","750","710","0.79","0.20","42%","0%","0%","12.0","avancé","-25","40","70%"
"AA_Skyeel","7.0","3.00","80","334","3.50","150","750","0.25","0.01","75%","10%","10%","20.0","intermédiaire","-100","60","70%"
"AA_Slurrypede","3.7","5.00","100","185","1.90","650","539","2.00","2.00","60%","0%","0%","3000.0","intermédiaire","-100","250","0%"
"AA_SmallButterfly","0.0","0.01","1","0","2.00","5","9","0.01","0.01","100%","0%","0%","1.0","aucun","-10","40","100%"
"AA_SpinedGow","6.1","1.95","100","115","3.90","350","405","2.75","0.54","60%","0%","0%","18.0","aucun","5","120","0%"
"AA_Swarmling","2.7","0.60","35","36","5.00","35","70","0.30","0.16","85%","0%","0%","1.0","aucun","-10","40","70%"
"AA_TarGuzzler","11.7","2.00","175","170","2.00","150","335","2.00","0.85","65%","2%","80%","7.0","aucun","-20","40","70%"
"AA_TeratogenicOriginator","19.4","7.00","650","996","0.60","850","1244","5.00","0.10","50%","1.8%","20%","355.0","aucun","-80","40","70%"
"AA_Terramorph","5.3","1.00","80","55","1.80","250","162","1.50","0.10","65%","0%","0%","15.0","aucun","-40","40","70%"
"AA_TetraSlug","5.8","10.00","650","435","0.60","4000","1532","5.00","0.15","70%","20%","100%","30.0","avancé","-10","40","70%"
"AA_Thermadon","6.9","3.00","175","214","5.00","650","618","1.50","0.35","90%","0%","50%","6.0","intermédiaire","-40","60","0%"
"AA_Thunderbeast","16.4","2.00","175","302","4.00","750","741","1.50","0.10","65%","2%","75%","14.0","intermédiaire","-10","45","0%"
"AA_Thunderox","7.1","1.95","100","135","4.00","350","469","2.50","0.65","60%","0%","10%","15.0","aucun","-35","40","70%"
"AA_UnblinkingEye","17.1","20.00","1000","2546","2.00","1200","6522","7.00","1.00","80%","50%","100%","550.0","avancé","-20","40","70%"
"AA_Wildpawn","6.4","1.30","120","81","4.00","200","295","1.40","0.20","75%","1.8%","0%","35.0","intermédiaire","-15","40","70%"
"AA_Wildpod","13.7","3.60","250","416","3.00","400","1277","4.00","0.33","95%","1.8%","0%","70.0","intermédiaire","-15","40","70%"
"AA_WindBeast","14.7","2.00","175","298","4.75","750","455","1.50","0.10","65%","2%","75%","14.0","intermédiaire","-80","35","70%"
"Possum","2.9","0.40","35","27","4.10","100","58","0.30","0.32","75%","0%","0%","8.0","aucun","-30","40","70%"
"dtf_angorarabbit","1.9","0.40","25","16","3.50","150","89","0.35","0.30","1%","0%","0%","8.0","aucun","-40","45","70%"
"ACPGreatBustard","3.9","0.65","45","49","5.50","180","142","0.40","0.30","45%","0%","0%","10.0","aucun","-40","40","70%"
"ACPKiwi","1.7","0.70","70","30","2.70","65","132","0.25","0.10","80%","0%","0%","6.0","aucun","-15","40","70%"
"ACPPtarmigan","1.8","0.35","15","11","2.00","70","84","0.25","0.25","5%","0%","0%","6.0","aucun","-30","30","70%"
"ACPSilkieChicken","1.9","0.35","15","13","2.00","80","82","0.25","0.25","0%","0%","0%","7.0","aucun","-15","35","70%"
"ACPSpiritwolf","12.4","10.15","605","1365","5.10","1950","3504","2.50","1.25","95%","2.5%","100%","150.0","avancé","-85","40","70%"
"ACPWildDog","5.6","1.00","65","70","5.70","180","351","0.90","0.40","60%","0%","0%","10.0","avancé","10","60","70%"
"ACPSilkspider","0.5","0.05","20","1","1.40","1500","15","0.15","0.15","20%","0%","0%","3.0","aucun","5","35","70%"
"ACPHaulerAnt","4.9","1.30","45","66","3.00","550","498","2.50","0.20","60%","0%","50%","6.0","avancé","-25","60","70%"
"ACPAcidAnt","3.2","0.70","150","42","3.90","400","81","0.30","0.35","95%","0%","50%","6.0","aucun","-40","60","70%"
"ACPMegascorpion","6.0","0.40","95","30","4.00","120","359","0.70","0.10","95%","8%","50%","25.0","avancé","0","75","70%"
"ACPBlackbear","10.4","1.50","200","159","4.30","750","700","1.70","0.35","85%","1%","50%","25.0","avancé","-45","40","70%"
"ACPBlackRhinoceros","11.8","5.50","290","659","5.80","800","1924","3.00","1.50","90%","2.5%","100%","65.0","intermédiaire","-8","55","70%"
"ACPGiraffe","7.7","1.60","150","129","4.60","700","444","2.50","1.00","65%","1.5%","3%","20.0","intermédiaire","-10","55","70%"
"ACPLlama","4.6","1.10","75","52","4.20","380","454","1.20","0.60","0%","0%","30%","20.0","avancé","-20","32","70%"
"ACPWoolyHorse","7.2","1.60","85","142","6.00","650","673","2.00","0.50","85%","7.5%","100%","27.0","avancé","-40","25","70%"
"ACPWoolyRhino","11.1","3.50","290","1252","34.00","800","1855","3.29","1.70","88%","28%","80%","42.0","aucun","-45","15","70%"
"ACPLion","12.9","1.90","190","238","5.00","480","920","1.50","0.30","85%","15%","100%","25.0","avancé","0","40","70%"
"ACPCheetah","6.1","1.30","120","226","7.50","380","783","0.75","0.20","80%","30%","50%","13.0","avancé","0","40","70%"
"ACPAmurLeopard","10.6","0.75","110","105","5.00","420","504","0.70","0.20","80%","30%","50%","12.0","avancé","-45","40","70%"
"ACPSnowLeopard","11.0","0.75","110","107","5.00","420","508","0.70","0.20","80%","30%","50%","15.0","avancé","-45","40","70%"
"ACPDuckBilledPlatypus","1.4","0.70","40","21","3.50","250","184","0.60","0.30","85%","0%","0%","12.0","intermédiaire","-45","40","70%"
"ACPMajoreraGoat","3.5","0.80","55","38","3.35","225","187","0.70","0.40","5%","0%","0%","16.0","intermédiaire","-16","40","70%"
"ACPPeccary","4.5","0.65","50","47","4.50","180","85","0.55","0.30","45%","2.5%","0%","10.0","aucun","-5","40","70%"
"ACPTapir","1.1","1.00","45","23","3.60","300","309","0.90","0.40","57%","0%","0%","11.0","avancé","-5","50","70%"
"ACPFishercat","2.7","0.80","90","63","6.00","150","175","0.30","0.30","90%","7.5%","100%","8.0","intermédiaire","-30","40","70%"
"ACPErmine","2.0","0.75","40","27","6.00","200","125","0.70","0.30","55%","2.5%","100%","8.0","intermédiaire","-40","40","70%"
"ACPFerret","5.2","0.65","30","59","4.20","215","314","0.25","0.08","35%","0%","0%","9.0","avancé","-35","40","70%"
"ACPHoneyBadger","10.8","1.45","180","173","5.50","650","702","0.90","0.30","80%","10%","100%","22.0","avancé","-10","40","70%"
"ACPMegabadger","12.8","8.00","400","643","4.50","2200","3305","4.50","1.50","86%","10%","100%","32.0","avancé","-45","40","70%"
"ACPMegaFerret","6.4","1.05","55","101","6.20","950","520","0.65","0.25","45%","0%","0%","25.0","avancé","-95","40","70%"
"ACPOtter","7.1","0.70","55","76","3.75","275","398","0.40","0.10","65%","0%","0%","16.0","avancé","-35","40","70%"
"ACPXGecko","2.0","0.12","17","6","4.80","40","71","0.09","0.10","10%","1%","5%","12.0","aucun","12","42","70%"
"ACPThornyDevil","2.5","0.50","38","21","2.80","100","125","0.28","0.20","70%","0%","0%","12.0","aucun","0","75","70%"
"ACPAngoraRabbit","2.1","0.30","15","17","5.00","240","82","0.20","0.10","0%","0%","0%","9.0","aucun","-20","40","70%"
"ACPChipmunk","1.3","0.20","16","8","5.00","50","25","0.15","0.13","65%","0%","0%","6.5","aucun","-30","40","70%"
"ACPDomesticRabbit","2.1","0.40","33","22","6.00","50","32","0.20","0.12","0%","0%","0%","8.0","aucun","-30","40","70%"
"ACPHedgehog","0.7","0.30","22","8","2.50","70","29","0.23","0.15","55%","3%","15%","6.0","aucun","-5","35","70%"
"ACPJackalope","1.3","0.40","25","17","5.50","90","39","0.20","0.23","75%","0%","0%","8.0","aucun","-30","40","70%"
"ACPMunchkinCat","5.2","0.42","55","38","4.50","250","243","0.26","0.10","20%","0%","0%","10.0","avancé","-14","40","70%"
"ACPRedPanda","3.8","0.50","25","34","4.00","130","87","0.25","0.35","20%","0%","0%","11.0","intermédiaire","-35","25","70%"
"Boneworm","9.0","2.50","200","247","4.60","700","744","3.00","0.20","80%","20%","70%","22.0","intermédiaire","-40","40","70%"
"SeaOtter","3.2","0.50","30","28","3.50","60","93","0.40","0.15","50%","0%","0%","25.0","intermédiaire","-30","40","70%"
"Belgian_Malinois","9.6","1.20","180","141","6.20","400","430","0.90","0.45","0%","2%","10%","12.0","avancé","-40","40","70%"
"Ghostie_BabySeal","1.2","0.40","20","13","2.60","290","53","0.20","0.12","50%","0%","0%","12.0","intermédiaire","-40","40","70%"
"AlligatorMan","5.1","1.00","65","57","4.84","1750","395","1.00","0.25","60%","0%","0%","80.0","avancé","-5","40","70%"
"Armadillo","5.0","0.70","45","50","3.50","150","101","0.55","0.27","75%","0%","0%","12.0","aucun","-5","40","70%"
"Bardelot","2.0","0.70","45","32","3.50","150","79","0.55","0.27","75%","0%","0%","12.0","aucun","-15","40","70%"
"BlackBear","10.1","2.50","310","274","4.30","700","955","2.15","0.35","80%","2.5%","100%","22.0","avancé","-40","40","70%"
"BlackBearMan","9.5","1.00","65","100","4.84","1750","476","1.00","0.25","60%","0%","0%","80.0","avancé","-5","40","70%"
"Worm","7.8","1.00","65","80","4.84","400","190","1.00","0.07","25%","2.5%","5%","16.0","aucun","-5","40","70%"
"Giantala","13.8","3.60","310","343","3.50","1100","1711","4.00","2.00","97%","2.5%","0%","20.0","avancé","-45","40","70%"
"Gigantelope","7.2","1.75","90","132","3.60","500","415","2.00","1.00","50%","0%","0%","15.0","aucun","-60","40","70%"
"Jerbal","7.4","1.60","75","105","3.40","450","324","1.90","0.30","50%","0%","0%","45.0","aucun","-15","40","70%"
"Mandrill","9.3","1.00","65","99","4.84","600","479","1.00","0.25","60%","0%","0%","30.0","avancé","-5","40","70%"
"MandrillMan","4.4","1.00","65","52","4.84","1750","380","1.00","0.25","60%","0%","0%","80.0","avancé","-5","40","70%"
"Megasquid","11.4","3.60","310","373","3.00","1400","1301","4.00","2.00","75%","2.5%","0%","150.0","avancé","-15","40","70%"
"Neanderthal","6.5","1.00","65","68","4.84","1750","416","1.00","0.25","60%","0%","0%","80.0","avancé","-5","40","70%"
"Penguin","4.2","0.70","70","38","3.50","250","153","0.70","0.30","45%","0%","0%","20.0","aucun","-30","40","70%"
"Rabbuck","5.6","0.90","50","61","4.84","300","136","0.90","0.45","70%","0%","0%","40.0","aucun","-100","40","70%"
"Toraton","8.2","5.00","90","344","2.50","1500","672","3.00","0.30","75%","0%","0%","180.0","aucun","-30","40","70%"
"Yippa","4.6","0.90","50","51","4.84","400","105","0.90","0.45","25%","0%","0%","40.0","aucun","-5","40","70%"
"Zarander","5.2","0.95","45","58","3.60","380","307","0.80","0.40","7%","0%","0%","12.0","avancé","-5","40","70%"
"Zebra","4.1","0.90","50","48","4.84","200","133","0.90","0.45","100%","0%","0%","40.0","aucun","-30","40","70%"
"BU_Budgerigar","1.7","0.10","25","5","6.00","50","139","0.08","0.13","15%","5%","30%","8.0","intermédiaire","10","42","70%"
"BU_Cockatiel","1.7","0.10","25","4","2.90","50","91","0.15","0.13","30%","0%","0%","20.0","intermédiaire","0","45","70%"
"BU_MacawBlueYellow","2.7","0.20","25","10","2.30","80","285","0.35","0.19","30%","0%","10%","50.0","avancé","1","50","70%"
"BU_MacawMilitary","2.8","0.20","25","10","2.30","80","285","0.35","0.19","30%","0%","10%","50.0","avancé","1","50","70%"
"BU_MacawScarlet","2.7","0.20","25","10","2.30","80","285","0.35","0.19","30%","0%","10%","50.0","avancé","1","50","70%"
"BU_PeregrineFalcon","3.8","0.20","40","17","4.10","80","144","0.35","0.19","60%","5%","5%","18.0","intermédiaire","-15","35","70%"
"BU_Raven","3.5","0.20","35","11","2.30","80","288","0.35","0.19","30%","5%","5%","14.0","avancé","-15","30","70%"
"BU_RedwingedBlackbird","1.8","0.10","25","4","2.90","50","87","0.15","0.13","50%","0%","0%","7.0","aucun","-20","30","70%"
"BU_Vulture","2.5","0.60","40","23","2.00","100","170","0.60","0.37","60%","10%","10%","14.0","intermédiaire","1","50","70%"
"BU_MacawCatalina","2.8","0.20","25","10","2.30","80","285","0.35","0.19","30%","0%","10%","50.0","avancé","1","50","70%"
"BU_MacawShamrock","2.9","0.20","25","9","2.30","80","286","0.35","0.19","30%","0%","10%","50.0","avancé","1","50","70%"
"BU_MacawHarlequin","2.7","0.20","25","10","2.30","80","285","0.35","0.19","30%","0%","10%","50.0","avancé","1","50","70%"
"BB_BarnOwl","3.6","0.42","40","31","5.50","100","235","0.19","0.15","65%","8%","25%","15.0","intermédiaire","-15","38","70%"
"BB_Cockatoo","4.1","0.42","40","32","5.00","200","340","0.30","0.15","40%","0%","0%","40.0","avancé","0","40","70%"
"BB_EagleOwl","3.6","1.00","60","47","2.10","200","225","0.60","0.20","70%","0%","0%","15.0","intermédiaire","-15","40","70%"
"BB_Hornbill","3.8","1.00","30","51","2.10","200","236","0.60","0.20","70%","0%","0%","30.0","intermédiaire","-15","40","70%"
"BB_Kestrel","2.8","0.50","50","33","6.00","200","220","0.14","0.30","45%","5%","20%","15.0","intermédiaire","-12","40","70%"
"BB_Parrot","4.1","0.50","30","35","3.00","200","346","0.30","0.30","40%","0%","0%","15.0","avancé","-15","40","70%"
"BB_ParrotB","4.1","0.50","30","33","3.00","200","344","0.30","0.30","40%","0%","0%","15.0","avancé","-15","40","70%"
"BB_Toucan","3.9","1.00","30","65","5.00","200","244","0.60","0.20","50%","0%","0%","30.0","intermédiaire","0","40","70%"
"TYR_Cuckooshrike_BlackWinged","2.9","0.25","30","17","5.50","50","192","0.08","0.10","55%","2%","6%","7.0","intermédiaire","8","40","70%"
"TYR_FairyBluebird_Philippine","3.1","0.25","30","17","5.20","100","194","0.10","0.10","58%","2%","5%","10.0","intermédiaire","15","42","70%"
"TYR_Hummingbird_BlueTailed","2.1","0.10","25","7","5.00","50","97","0.10","0.10","40%","0%","0%","5.0","intermédiaire","0","40","70%"
"TYR_Owl_AfricanGrass","6.5","0.42","35","47","5.00","300","204","0.40","0.15","60%","0%","10%","25.0","intermédiaire","-25","40","70%"
"TYR_Parrot_Caica","3.5","0.25","30","18","5.00","250","125","0.20","0.10","40%","0%","0%","25.0","intermédiaire","0","40","70%"
"TYR_Triller_WhiteBrowed","3.0","0.25","30","16","6.50","50","193","0.08","0.10","55%","2%","10%","6.0","intermédiaire","10","38","70%"
"rtp_BorderCollie","7.7","1.00","90","95","7.00","800","377","1.20","0.80","0%","0.5%","20%","17.0","avancé","-20","40","70%"
"AkhalTeke_horse","3.9","1.75","102","97","6.90","1500","494","2.44","0.69","25%","0%","10%","30.0","avancé","-15","55","70%"
"Appaloosa_horse","4.2","1.75","100","96","6.80","750","457","2.40","0.68","10%","0%","10%","30.0","avancé","-35","45","70%"
"Arabian_horse","3.7","1.75","96","98","6.90","1500","477","2.36","0.65","25%","0%","10%","30.0","avancé","-15","55","70%"
"Connemara_horse","3.0","1.75","95","72","5.50","1000","418","2.29","0.65","15%","0%","10%","30.0","avancé","-15","45","70%"
"Fjord_horse","4.0","1.75","93","89","5.70","750","435","2.24","0.64","10%","0%","10%","30.0","avancé","-35","45","70%"
"Friesian_horse","4.1","1.75","107","89","5.70","1300","470","2.56","0.72","20%","0%","10%","30.0","avancé","-25","30","70%"
"Gypsy_horse","4.0","1.75","100","90","5.60","900","435","2.40","0.68","5%","0%","10%","30.0","avancé","-35","45","70%"
"IrishDraught_horse","6.0","1.75","120","119","5.50","850","520","2.87","0.84","10%","0%","10%","30.0","avancé","-35","45","70%"
"IrishHunter_horse","4.1","1.75","105","97","6.90","1500","477","2.52","0.71","15%","0%","10%","30.0","avancé","-15","55","70%"
"Mustang_horse","3.9","1.75","95","97","6.70","750","481","2.28","0.65","25%","0%","10%","30.0","avancé","-35","45","70%"
"Paint_horse","4.0","1.75","100","93","6.80","750","454","2.40","0.68","10%","0%","10%","30.0","avancé","-35","45","70%"
"Przewalski_horse","4.0","1.75","87","98","6.70","800","555","2.08","0.59","65%","0%","10%","30.0","avancé","-15","45","70%"
"Quarter_horse","4.3","1.75","100","100","6.80","750","454","2.40","0.68","10%","0%","10%","30.0","avancé","-35","45","70%"
"Shetland_pony","2.8","1.75","35","80","5.00","250","345","0.84","0.24","10%","0%","10%","30.0","avancé","-35","40","70%"
"Shire_horse","6.2","1.75","120","116","5.50","850","520","2.87","0.84","10%","0%","10%","30.0","avancé","-35","45","70%"
"Thoroughbred_horse","4.0","1.75","100","100","7.00","1300","489","2.64","0.75","20%","0%","10%","30.0","avancé","-35","45","70%"
"Taggerung_Chromabird","2.7","0.40","25","25","4.60","160","113","0.20","0.30","50%","0%","0%","7.0","aucun","0","70","70%"
"Taggerung_ChromaticFlowerWolf","6.6","0.99","75","85","5.00","200","497","0.85","0.18","85%","30%","100%","12.0","avancé","-40","40","70%"
"BrownLabradorRetriever","6.0","1.00","70","78","5.00","250","380","0.75","0.40","0%","0%","0%","12.0","avancé","-30","40","70%"
"Mastiff","4.5","1.05","75","67","3.00","300","222","0.90","0.50","0%","0%","0%","12.0","intermédiaire","-50","40","70%"
"CockerSpaniel","2.4","0.40","30","17","3.10","200","264","0.40","0.15","0%","0%","0%","15.0","avancé","-15","40","70%"
"WelshCorgi","2.4","0.40","30","18","3.10","200","262","0.40","0.15","0%","0%","0%","15.0","avancé","-15","40","70%"
"GoldenRetriever","6.1","1.00","70","84","5.50","300","389","0.75","0.40","0%","0%","0%","12.0","avancé","-35","40","70%"
"SaintBernard","6.4","1.10","80","71","3.00","300","221","0.90","0.60","0%","0%","0%","12.0","intermédiaire","-60","40","70%"
"GermanShepard","6.2","1.10","80","72","3.00","400","224","0.90","0.60","0%","0%","0%","12.0","intermédiaire","-30","40","70%"
"Borzoi","5.4","1.00","70","93","7.00","400","395","0.75","0.40","0%","0%","0%","12.0","avancé","-20","40","70%"
"ZDuck_ArcticRazorbill","7.8","1.30","100","109","5.20","260","544","1.00","0.25","85%","5%","5%","11.0","avancé","-55","40","70%"
"ZDuck_Bufflehead","5.0","0.75","55","47","4.90","220","263","0.80","0.45","25%","0%","0%","12.0","intermédiaire","-45","40","70%"
"ZDuck_Cayuga","3.0","0.45","50","23","3.70","90","113","0.55","0.50","15%","1%","1%","9.0","aucun","-10","40","70%"
"ZDuck_DesertRazorbill","5.9","1.00","65","74","4.60","220","409","0.75","0.25","55%","5%","5%","9.0","avancé","-35","55","70%"
"ZDuck_Ducky","1.2","0.35","25","11","2.00","40","75","0.15","0.30","0%","0%","0%","5.0","aucun","-10","40","70%"
"ZDuck_EiderPintail","9.4","1.75","110","160","4.80","450","580","2.30","0.72","35%","5%","15%","18.0","intermédiaire","-65","40","70%"
"ZDuck_GreaterMallard","6.5","1.75","100","119","4.50","300","456","2.10","0.85","55%","0%","0%","16.0","intermédiaire","-15","40","70%"
"ZDuck_Quackodile","9.9","1.30","55","140","5.20","400","484","1.40","0.30","75%","10%","10%","13.0","intermédiaire","-10","60","70%"
"ZDuck_RudderDuck","5.6","1.10","60","85","5.00","230","415","0.75","0.40","15%","3%","3%","10.0","avancé","-15","55","70%"
"ERN_DachshundShorthair","3.3","0.40","30","23","3.10","150","65","0.32","0.15","0%","0%","0%","15.0","intermédiaire","-15","40","70%"
"ERN_DachshundLonghair","3.1","0.40","30","23","3.10","150","62","0.32","0.15","0%","0%","0%","15.0","intermédiaire","-15","40","70%"
"ERN_DachshundWirehair","3.4","0.40","30","23","3.10","100","64","0.32","0.15","0%","0%","0%","15.0","intermédiaire","-15","40","70%"
"Crows_DustBunny","2.0","0.40","33","23","6.00","300","40","0.20","0.10","40%","0%","0%","8.0","aucun","-30","40","70%"
"ZEle_Skelephant","14.6","6.60","480","938","5.20","1900","2487","4.00","1.20","98%","95%","95%","450.0","intermédiaire","-60","70","70%"
"ZEle_Appo","12.6","4.00","270","516","4.90","550","1667","4.50","2.40","85%","15%","25%","60.0","avancé","-12","50","70%"
"ZEle_AsianElephant","8.7","3.60","240","343","4.20","500","1179","3.80","1.90","65%","10%","10%","45.0","avancé","-20","50","70%"
"ZEle_BorneoPygmy","8.8","2.60","210","223","4.00","480","812","2.70","1.50","60%","10%","10%","40.0","avancé","-10","55","70%"
"ZEle_Kallana","6.0","1.60","260","97","4.50","380","641","2.58","0.80","48%","5%","25%","45.0","avancé","5","42","70%"
"EM_FWMoth","0.0","0.01","0","0","1.00","3","15","0.10","50000.00","100%","0%","50%","0.0","aucun","5","60","70%"
"FoxSquirrel","4.9","0.70","45","71","5.50","300","236","0.23","0.16","65%","5%","5%","12.0","intermédiaire","-20","38","70%"
"ERN_MountainDog","8.7","0.99","75","96","5.00","300","390","0.85","0.25","25%","0%","0%","10.0","avancé","-50","40","70%"
"ERN_lizarddoggo","3.2","0.99","40","57","4.50","250","339","0.55","0.25","5%","0%","0%","24.0","avancé","-20","40","70%"
"ERN_Palamute","7.2","0.99","75","94","5.80","250","419","0.85","0.25","45%","0%","0%","12.0","avancé","-50","40","70%"
"ERN_Valboar","6.4","0.70","60","57","4.60","200","117","0.85","0.30","50%","0%","0%","12.0","aucun","-15","50","70%"
"ERN_Lox","7.6","1.75","100","124","4.50","300","527","2.40","0.50","75%","0%","20%","25.0","intermédiaire","-65","55","70%"
"ERN_Neck","5.7","0.50","50","30","3.00","100","147","0.60","0.20","50%","0%","0%","10.0","aucun","-5","60","70%"
"ERN_Misthare","5.7","0.50","50","51","6.00","200","70","0.40","0.20","40%","0%","0%","15.0","aucun","-25","40","70%"
"ERN_FrostWolf","10.4","1.80","160","189","5.40","450","731","1.30","0.20","75%","30%","100%","35.0","avancé","-65","35","70%"
"TYR_CattleEgret","3.0","1.00","85","64","4.50","250","208","0.18","0.10","40%","2%","8%","15.0","aucun","5","42","70%"
"TYR_GreatEgret","6.3","1.00","85","446","50.50","250","597","0.24","0.10","40%","8%","25%","22.0","aucun","8","42","70%"
"TYR_ReddishEgret","6.0","1.00","85","70","6.00","250","170","1.00","0.10","10%","0%","0%","45.0","aucun","-8","50","70%"
"TYR_SlatyEgret","4.2","1.00","85","55","6.00","250","159","1.00","0.10","10%","10%","60%","45.0","aucun","-8","40","70%"
"TYR_SnowyEgret","3.1","1.00","85","44","6.00","250","150","1.00","0.10","10%","0%","0%","45.0","aucun","-55","40","70%"
"PearlHamster","2.6","0.25","20","14","4.20","160","97","0.12","0.10","5%","2%","10%","3.0","intermédiaire","8","32","70%"
"AgoutiHamster","2.9","0.25","20","15","5.00","160","95","0.10","0.10","0%","0%","0.1%","8.0","intermédiaire","-10","40","70%"
"SapphirerHamster","2.6","0.25","20","15","4.20","160","97","0.12","0.10","5%","2%","10%","3.0","intermédiaire","8","32","70%"
"PuddingHamster","2.8","0.25","20","14","4.20","160","97","0.12","0.10","5%","2%","10%","3.0","intermédiaire","8","32","70%"
"HC_Carbuncle","4.9","0.70","400","56","4.60","1200","381","0.55","0.10","75%","20%","40%","20.0","avancé","-35","40","70%"
"HC_Gorgon","10.5","3.00","450","328","5.00","1800","974","2.80","0.54","90%","40%","80%","30.0","intermédiaire","-80","60","70%"
"HC_Griffin","13.2","2.00","450","308","6.80","1100","1046","2.15","0.32","60%","60%","80%","46.0","avancé","-40","55","70%"
"HC_Kelpie","7.9","2.15","400","202","5.70","1200","852","2.60","0.43","60%","70%","70%","40.0","avancé","0","65","70%"
"HC_Nightmares","9.2","2.45","450","263","6.00","2400","995","2.75","0.50","85%","85%","100%","72.0","avancé","-80","150","70%"
"HC_Owlbear","12.2","3.20","270","300","4.80","900","1295","2.35","0.35","75%","45%","100%","22.0","avancé","-60","55","70%"
"HC_Roc","21.3","8.50","750","1819","7.50","3600","5227","5.50","0.42","90%","60%","90%","260.0","intermédiaire","-80","90","70%"
"HC_Unicorn","9.5","2.15","450","231","6.20","2800","830","2.55","0.39","60%","40%","100%","72.0","avancé","-60","45","70%"
"HC_Wyvern","19.7","5.50","500","1126","6.80","2400","3068","4.00","0.09","90%","80%","80%","150.0","intermédiaire","-40","120","70%"
"HC_Yeti","10.2","2.80","150","287","4.80","1580","1120","2.25","0.55","80%","40%","50%","60.0","avancé","-60","40","70%"
"Nem_Cockroach","2.1","0.55","5","30","5.50","30","130","0.25","0.35","10%","0%","0%","4.0","intermédiaire","0","65","70%"
"Nem_Mantis","7.7","10.00","1000","724","4.00","3000","2238","3.25","2.00","90%","10%","100%","110.0","avancé","0","45","70%"
"Nem_Mosquito","4.3","0.01","10","1","5.50","10","221","0.23","0.20","90%","0%","100%","0.5","intermédiaire","10","20","70%"
"Nem_Spider","7.2","1.00","20","85","5.50","90","557","1.00","0.20","50%","0%","10%","10.0","avancé","0","45","70%"
"Nem_Woodlouse","4.2","0.75","5","50","2.50","60","112","0.15","0.25","10%","0%","5%","4.0","aucun","5","38","70%"
"AngusCow","4.9","1.50","75","75","3.20","350","265","2.40","0.54","10%","0%","0%","22.0","aucun","-10","40","70%"
"AnkoleWatusiCow","4.9","1.50","75","73","3.20","350","278","2.40","0.54","15%","0%","0%","22.0","aucun","-10","60","70%"
"BoomooCow","5.0","1.50","75","69","3.20","350","292","2.40","0.54","30%","0%","0%","22.0","aucun","-10","40","70%"
"BrahmanCow","4.6","1.50","75","71","3.20","350","267","2.40","0.54","10%","0%","0%","22.0","aucun","-10","60","70%"
"BravaCow","4.8","1.50","75","73","3.20","350","345","2.40","0.54","15%","0%","0%","22.0","intermédiaire","-10","40","70%"
"BrownSwissCow","4.8","1.50","75","69","3.20","350","263","2.40","0.54","5%","0%","0%","22.0","aucun","-10","40","70%"
"HarianaCow","4.7","1.50","75","70","3.20","350","269","2.40","0.54","10%","0%","0%","22.0","aucun","-10","60","70%"
"HerefordCow","2.4","1.50","75","73","3.20","350","266","2.40","0.54","10%","0%","0%","22.0","aucun","-10","40","70%"
"HighlandCow","4.8","1.50","75","74","3.20","350","273","2.40","0.54","15%","0%","0%","22.0","aucun","-35","40","70%"
"HolsteinFriesianCow","4.8","1.50","75","73","3.20","350","261","2.40","0.54","5%","0%","0%","22.0","aucun","-10","40","70%"
"JerseyCow","4.8","1.50","75","72","3.20","350","262","2.40","0.54","5%","0%","0%","22.0","aucun","-10","40","70%"
"LimousinCow","4.8","1.50","75","70","3.20","350","249","2.40","0.54","5%","0%","0%","22.0","aucun","-10","40","70%"
"LonghornCow","4.7","1.50","75","72","3.20","350","281","2.40","0.54","20%","0%","0%","22.0","aucun","-10","40","70%"
"ZebuCow","4.9","1.50","75","72","3.20","350","286","2.40","0.54","25%","0%","0%","22.0","aucun","-10","60","70%"
"EuropeanBadger","5.2","0.40","100","37","4.00","110","63","0.20","0.35","75%","0%","100%","8.0","aucun","-30","40","70%"
"BrushTurkey","3.9","0.60","50","35","3.60","100","143","0.60","0.50","45%","0%","0%","9.0","aucun","-8","40","70%"
"CactusMantis","5.1","0.50","100","31","3.75","80","182","0.80","0.25","95%","35%","35%","8.0","aucun","0","60","70%"
"Copperhead","4.9","0.50","45","41","3.00","110","142","0.20","0.07","75%","10%","10%","20.0","aucun","-5","40","70%"
"CoralSnake","5.0","0.50","45","40","3.00","110","140","0.20","0.07","75%","10%","10%","20.0","aucun","-5","40","70%"
"Cottonmouth","4.9","0.50","45","43","3.00","110","141","0.20","0.07","75%","10%","10%","20.0","aucun","-5","40","70%"
"Gerbil","1.4","0.40","20","14","2.50","40","41","0.20","0.20","10%","0%","0%","6.0","intermédiaire","-25","40","70%"
"GreenSnake","4.8","0.50","45","41","3.00","110","141","0.20","0.07","75%","10%","10%","20.0","aucun","-5","40","70%"
"IndianGiantSquirrel","3.3","0.25","38","17","5.10","35","38","0.15","0.20","75%","0%","0%","8.0","aucun","-35","40","70%"
"LeopardTortoise","3.9","0.60","70","29","1.00","200","148","0.50","0.08","75%","0%","0%","180.0","aucun","0","60","70%"
"MudSnake","5.0","0.50","45","41","3.00","110","140","0.20","0.07","75%","10%","10%","20.0","aucun","-5","40","70%"
"Muskrat","2.2","0.50","20","23","2.70","125","51","0.27","0.30","75%","0%","0%","8.0","aucun","-40","40","70%"
"Nutria","2.2","0.40","20","24","6.00","50","46","0.20","0.12","75%","0%","0%","8.0","aucun","-30","40","70%"
"RedFootedTortoise","3.9","0.60","70","29","1.00","200","146","0.50","0.08","75%","0%","0%","180.0","aucun","0","55","70%"
"RedRattler","4.8","0.50","45","41","3.00","110","139","0.20","0.07","75%","10%","10%","20.0","aucun","-5","40","70%"
"ScarletKingSnake","4.8","0.50","45","39","3.00","110","140","0.20","0.07","75%","10%","10%","20.0","aucun","-5","40","70%"
"TimberRattler","2.6","0.50","45","39","3.00","110","140","0.20","0.07","75%","10%","10%","20.0","aucun","-5","40","70%"
"WaterDeer","4.7","0.90","50","59","5.50","250","133","0.90","0.40","75%","0%","0%","15.0","aucun","-30","40","70%"
"YellowViper","5.1","0.50","45","40","3.00","110","143","0.20","0.07","75%","10%","10%","20.0","aucun","-5","40","70%"
"BerkshirePig","4.3","0.70","45","35","3.90","200","147","1.70","0.50","0%","0%","0%","12.0","intermédiaire","-10","40","70%"
"DairyPig","4.7","0.70","45","34","3.90","200","222","1.70","0.50","0%","0%","0%","12.0","intermédiaire","-5","40","70%"
"DurocPig","4.3","0.70","45","28","3.90","200","149","1.70","0.50","0%","0%","0%","12.0","intermédiaire","-5","40","70%"
"GloucestershirePig","4.4","1.00","45","50","3.90","300","187","2.00","0.70","0%","0%","0%","12.0","intermédiaire","-5","40","70%"
"SaddlebackPig","4.5","0.70","45","35","3.90","200","150","1.70","0.40","0%","0%","0%","12.0","intermédiaire","-5","50","70%"
"WoolyPig","4.3","0.70","45","34","3.90","200","149","1.70","0.50","0%","0%","0%","12.0","intermédiaire","-15","40","70%"
"AssafSheep","5.9","0.70","55","52","4.80","210","267","0.75","0.23","5%","0%","0%","12.0","intermédiaire","-55","45","70%"
"AwassiSheep","5.6","0.70","55","54","4.80","210","321","0.75","0.23","45%","0%","0%","12.0","intermédiaire","-10","60","70%"
"BighornSheep","5.9","0.70","55","55","4.80","210","170","0.75","0.23","50%","0%","0%","12.0","intermédiaire","-55","45","70%"
"BorderLeicesterSheep","5.6","0.70","55","32","4.80","210","191","0.75","0.23","5%","0%","0%","12.0","intermédiaire","-55","45","70%"
"JacobsSheep","5.5","0.70","55","53","4.80","210","233","0.75","0.23","50%","0%","0%","12.0","intermédiaire","-55","45","70%"
"LincolnSheep","5.6","0.70","55","53","4.80","210","191","0.75","0.23","5%","0%","0%","12.0","intermédiaire","-75","40","70%"
"MerinoSheep","5.8","0.70","55","55","4.80","210","210","0.75","0.23","25%","0%","0%","12.0","intermédiaire","-55","45","70%"
"MouflonSheep","5.7","0.70","55","55","4.80","210","168","0.75","0.23","45%","0%","0%","12.0","aucun","-55","45","70%"
"SuffolkSheep","5.6","0.70","55","52","4.80","210","140","0.75","0.23","5%","0%","0%","12.0","aucun","-55","45","70%"
"akaNEKO_shironeko","4.6","0.42","35","32","4.40","150","259","0.40","0.10","20%","0%","0%","15.0","avancé","-25","40","70%"
"akaNEKO_kuroneko","4.7","0.42","35","34","4.40","150","259","0.40","0.10","20%","0%","0%","15.0","avancé","-25","40","70%"
"akaNEKO_kijitora","4.8","0.42","35","34","4.40","150","256","0.40","0.10","20%","0%","0%","15.0","avancé","-25","40","70%"
"akaNEKO_A_Shorthair","4.8","0.42","35","33","4.40","150","259","0.40","0.10","20%","0%","0%","15.0","avancé","-25","40","70%"
"akaNEKO_Russian_Blue","4.8","0.42","35","34","4.40","200","256","0.40","0.10","20%","0%","0%","15.0","avancé","-40","35","70%"
"akaNEKO_Siamese","2.3","0.42","35","34","4.40","150","258","0.40","0.10","20%","0%","0%","15.0","avancé","-25","40","70%"
"akaNEKO_J_Bobtail","4.7","0.42","35","27","4.40","150","259","0.40","0.10","20%","0%","0%","15.0","avancé","-25","40","70%"
"akaNEKO_Persian","4.9","0.42","35","34","4.40","200","262","0.40","0.10","20%","0%","0%","15.0","avancé","-22","33","70%"
"akaNEKO_Scottish_Fold","4.8","0.42","35","33","4.40","200","258","0.40","0.10","20%","0%","0%","15.0","avancé","-25","40","70%"
"akaNEKO_Scottish_Fold_Long","3.5","0.42","35","33","4.40","200","257","0.40","0.10","20%","0%","0%","15.0","avancé","-25","33","70%"
"akaNEKO_Maine_Coon","7.2","0.95","80","95","5.00","250","377","0.70","0.15","20%","0%","0%","15.0","avancé","-40","40","70%"
"akaNEKO_N_Forest_Cat","5.6","0.85","65","69","5.00","200","333","0.70","0.12","20%","0%","0%","15.0","avancé","-40","40","70%"
"TYR_HotfootRat","0.8","0.29","30","9","4.00","10","28","0.20","0.10","50%","0%","0%","8.0","aucun","-8","400","70%"
"TYR_KangarooRat","0.6","0.29","30","9","4.00","10","28","0.20","0.10","50%","0%","0%","8.0","aucun","-8","50","70%"
"TYR_Lemming","0.9","0.29","30","9","4.00","10","28","0.20","0.10","50%","0%","0%","8.0","aucun","-55","40","70%"
"TYR_Mouse","0.8","0.29","30","9","4.00","10","28","0.20","0.10","50%","0%","0%","8.0","aucun","-30","40","70%"
"TYR_MousePoison","0.8","0.29","30","10","5.00","10","31","0.25","0.10","45%","8%","30%","5.0","aucun","-5","36","70%"
"Mamuffalo","16.1","3.75","90","533","3.60","1200","726","2.99","1.00","0%","10%","20%","20.0","aucun","-45","28","70%"
"ZGF_BeechMart","6.8","0.75","55","87","6.50","850","326","0.40","0.35","0%","5%","5%","18.0","avancé","-60","40","70%"
"ZGF_JapaneseMart","6.7","0.75","55","89","6.40","850","323","0.39","0.35","0%","5%","5%","18.0","avancé","-60","40","70%"
"ZGF_NilgiriMart","5.9","0.75","55","52","6.40","900","319","0.35","0.25","0%","5%","5%","18.0","avancé","-40","40","70%"
"ZGF_PineMart","7.2","1.00","70","119","6.50","1200","385","0.55","0.25","0%","5%","8%","18.0","avancé","-60","40","70%"
"ZGF_RimMart","6.7","1.00","70","87","6.80","1300","342","0.90","0.35","0%","10%","40%","16.0","avancé","-60","40","70%"
"ZGF_Sable","6.5","0.90","60","110","6.70","1500","363","0.50","0.35","0%","2%","5%","18.0","avancé","-60","40","70%"
"ZGF_YellowMart","7.0","1.00","60","91","6.20","1000","348","0.80","0.35","0%","5%","25%","18.0","avancé","-60","40","70%"
"ZGF_MegaMart","10.6","3.70","285","420","5.00","1700","1028","3.80","2.00","0%","10%","10%","20.0","avancé","-60","40","70%"
"ZGF_Boommarten","1.4","0.40","55","25","5.00","1000","36","0.20","0.14","0%","0%","0%","8.0","aucun","-60","40","70%"
"Meerkat","4.8","0.42","35","36","4.40","150","56","0.32","0.15","25%","0%","0%","15.0","aucun","-25","40","70%"
"Miraffe","9.5","3.00","110","297","4.50","800","873","3.00","0.57","50%","0%","0%","50.0","intermédiaire","-12","50","70%"
"BlackCappedConure","1.6","0.10","20","4","3.10","150","101","0.20","0.10","50%","0%","0%","15.0","intermédiaire","10","40","70%"
"CrimsonBelliedConure","1.7","0.10","20","4","3.10","150","101","0.20","0.10","50%","0%","0%","15.0","intermédiaire","10","40","70%"
"GoldenConure","1.6","0.10","20","4","3.10","150","101","0.20","0.10","50%","0%","0%","15.0","intermédiaire","10","40","70%"
"NandayConure","1.7","0.10","20","3","3.10","150","101","0.20","0.10","50%","0%","0%","15.0","intermédiaire","10","40","70%"
"PineappleConure","1.6","0.10","20","4","3.10","150","101","0.20","0.10","50%","0%","0%","15.0","intermédiaire","10","40","70%"
"SunConure","1.6","0.10","20","4","3.10","150","101","0.20","0.10","50%","0%","0%","15.0","intermédiaire","10","40","70%"
"TurquoiseConure","1.7","0.10","20","4","3.10","150","101","0.20","0.10","50%","0%","0%","15.0","intermédiaire","10","40","70%"
"CinnamonGroundDove","1.7","0.10","20","4","3.10","50","104","0.25","0.10","80%","0%","0%","7.0","aucun","10","45","70%"
"DiamondDove","1.6","0.10","20","4","3.10","50","97","0.25","0.10","60%","0%","0%","10.0","aucun","10","55","70%"
"MourningDove","1.6","0.10","20","4","3.10","50","104","0.25","0.10","80%","0%","0%","15.0","aucun","10","55","70%"
"RingneckDove","1.6","0.10","20","4","3.10","50","93","0.25","0.10","50%","0%","0%","15.0","aucun","10","45","70%"
"TurtleDove","1.6","0.10","20","5","5.50","50","145","0.13","0.10","35%","3%","10%","10.0","aucun","5","35","70%"
"HomingPigeon","1.6","0.10","20","4","3.10","50","82","0.25","0.10","20%","0%","0%","12.0","aucun","10","40","70%"
"Cormorant","2.6","0.45","35","20","2.40","180","157","0.45","0.15","65%","0%","2%","12.0","intermédiaire","5","40","70%"
"Egret","2.8","0.40","35","21","3.20","180","154","0.40","0.15","60%","0%","2%","15.0","intermédiaire","10","45","70%"
"Ibis","2.5","0.40","35","19","3.20","180","149","0.40","0.15","60%","0%","2%","15.0","intermédiaire","10","45","70%"
"Pelican","3.1","0.60","35","27","2.60","180","178","0.60","0.15","60%","0%","2%","15.0","intermédiaire","5","45","70%"
"Plover","1.8","0.20","20","9","3.80","50","111","0.20","0.10","50%","0%","1%","10.0","intermédiaire","5","50","70%"
"Sandpiper","1.9","0.20","20","9","3.60","50","111","0.20","0.10","50%","0%","1%","10.0","intermédiaire","-12","40","70%"
"Seagull","2.1","0.30","25","14","3.00","80","129","0.30","0.12","55%","0%","1%","12.0","intermédiaire","-2","45","70%"
"Spoonbill","2.6","0.45","35","21","3.00","180","154","0.45","0.15","60%","0%","2%","15.0","intermédiaire","10","45","70%"
"BlueJay","1.7","0.08","20","3","3.10","100","95","0.12","0.08","80%","0%","0%","15.0","aucun","-20","40","70%"
"Cardinal","1.7","0.08","20","3","3.10","100","95","0.12","0.08","80%","0%","0%","15.0","aucun","-5","40","70%"
"Goldfinch","1.6","0.08","20","3","3.10","100","95","0.12","0.08","80%","0%","0%","8.0","aucun","-30","40","70%"
"HouseFinch","1.7","0.08","20","4","6.00","100","161","0.07","0.08","68%","2%","10%","8.0","aucun","-15","40","70%"
"Oriole","1.8","0.08","20","3","3.10","100","95","0.12","0.08","80%","0%","0%","12.0","aucun","-10","40","70%"
"ZebraFinch","1.7","0.08","20","3","3.10","100","95","0.12","0.08","80%","0%","0%","7.0","aucun","-5","40","70%"
"MeatCow","4.9","1.50","75","74","3.20","300","255","2.40","0.54","0%","0%","0%","22.0","aucun","-10","40","70%"
"MilkCow","4.3","1.50","75","72","3.20","300","255","2.40","0.54","0%","0%","0%","22.0","aucun","-10","40","70%"
"WoolyCow","4.6","1.50","75","69","3.20","300","307","2.40","0.54","0%","0%","0%","22.0","aucun","-10","40","70%"
"Fox_Gray","5.2","0.70","45","58","4.60","200","179","0.55","0.10","75%","0%","0%","9.0","intermédiaire","-35","40","70%"
"Fox_Sand","5.4","0.70","45","58","4.60","200","167","0.55","0.10","75%","0%","0%","9.0","intermédiaire","-10","50","70%"
"Fox_Silver","5.3","0.70","45","55","4.60","200","171","0.55","0.10","75%","0%","0%","9.0","intermédiaire","-35","40","70%"
"Fox_Tibetan","5.2","0.70","45","56","4.60","200","175","0.55","0.10","75%","0%","0%","9.0","intermédiaire","-40","40","70%"
"Fox_Maikong","5.2","0.70","45","54","4.60","200","177","0.55","0.10","75%","0%","0%","9.0","intermédiaire","-20","40","70%"
"Fox_Kit","4.8","0.70","45","43","5.50","200","256","0.31","0.10","72%","8%","30%","10.0","intermédiaire","-5","45","70%"
"Mouse","1.1","0.40","5","14","4.00","10","35","0.18","0.12","80%","0%","0%","3.0","aucun","-10","40","70%"
"Harvest_Mouse","1.2","0.40","5","14","4.00","10","35","0.18","0.12","80%","0%","0%","3.0","aucun","-10","40","70%"
"Striped_Mouse","1.2","0.40","5","14","4.00","10","36","0.18","0.12","80%","0%","0%","3.0","aucun","-10","40","70%"
"Woolly_Mouse","1.1","0.40","5","14","4.00","10","112","0.18","0.12","80%","0%","0%","3.0","aucun","-40","20","70%"
"Maned_Rat","1.2","0.40","5","13","4.00","10","33","0.18","0.12","80%","0%","0%","3.0","aucun","-10","40","70%"
"Cloud_Rat","1.2","0.40","5","15","4.00","10","35","0.18","0.12","80%","0%","0%","3.0","aucun","-10","40","70%"
"Mole_Rat","1.1","0.40","5","11","4.00","10","36","0.18","0.12","80%","0%","0%","3.0","aucun","-5","50","70%"
"Jerboa","1.1","0.40","5","18","8.00","10","40","0.18","0.12","80%","0%","0%","3.0","aucun","-10","50","70%"
"Kangaroo_Rat","1.2","0.40","5","17","6.00","10","39","0.18","0.12","80%","0%","0%","3.0","aucun","-10","40","70%"
"Hamster","1.1","0.40","5","14","4.00","10","31","0.18","0.12","40%","0%","0%","3.0","aucun","-10","40","70%"
"SMP_Tortie","4.9","0.42","35","35","4.40","100","50","0.36","0.15","0%","0%","0%","10.0","aucun","-25","40","70%"
"ZPT_CarolinaParakeet","4.0","0.55","70","38","3.30","140","160","0.35","0.50","25%","0%","0%","15.0","intermédiaire","-20","40","70%"
"ZPT_Eclectus","1.6","0.40","70","24","3.30","120","160","0.25","0.30","75%","0%","0%","9.0","intermédiaire","0","40","70%"
"ZPT_Hyacinth","5.5","1.00","80","71","4.70","270","467","0.80","0.40","55%","0%","0%","28.0","avancé","-15","40","70%"
"ZPT_Kea","7.0","1.00","80","86","4.80","270","499","0.75","0.40","55%","0%","0%","28.0","avancé","-50","40","70%"
"ZPT_LilacMegakeet","6.0","1.50","80","95","5.00","570","240","1.40","0.35","30%","0%","0%","19.0","aucun","-50","40","70%"
"ZPT_QuakerParrot","4.8","0.55","75","39","3.00","120","158","0.40","0.50","15%","0%","0%","15.0","intermédiaire","-20","40","70%"
"ZPT_RingneckedParakeet","4.2","0.55","70","38","3.70","120","158","0.40","0.50","15%","0%","0%","15.0","intermédiaire","-20","40","70%"
"ZPT_RubyMegakeet","6.6","1.50","90","111","5.00","570","404","2.00","0.55","30%","10%","10%","19.0","intermédiaire","-15","60","70%"
"ZPT_SunConure","5.2","0.55","80","47","3.90","180","339","0.37","0.50","20%","0%","0%","17.0","avancé","-20","40","70%"
"Wolf_Red","7.1","0.99","75","101","5.00","350","506","0.68","0.18","85%","10%","70%","12.0","avancé","-25","40","70%"
"RG_WoollyMammoth","14.7","3.60","280","473","4.50","850","1823","4.40","1.71","80%","25%","75%","60.0","avancé","-50","18","70%"
"RG_WoollyRhinoceros","15.5","3.60","300","399","4.00","850","1025","3.29","1.10","88%","28%","80%","42.0","aucun","-45","15","70%"
"RG_WoollyStegosaurus","18.4","4.20","135","678","4.30","950","1633","4.00","1.43","30%","0%","50%","85.0","intermédiaire","-65","32","70%"
"RG_SabertoothSquirrel","6.6","0.75","45","81","5.00","80","217","0.50","0.15","75%","0%","0%","14.0","intermédiaire","-48","40","70%"
"RG_ArcticDrak","8.7","3.80","150","344","4.60","460","1232","2.20","0.35","95%","55%","65%","25.0","avancé","-60","32","70%"
"RG_Velociraptor","5.0","1.50","175","193","6.00","450","687","0.75","0.30","50%","25%","60%","10.0","avancé","0","65","70%"
"RG_Megalenhydris","6.9","1.40","64","87","3.60","200","181","1.20","0.41","70%","0%","0%","18.0","aucun","-40","20","70%"
"RG_SabertoothTiger","12.4","1.50","150","189","5.20","625","549","1.20","0.20","82%","40%","70%","15.0","avancé","-45","40","70%"
"RG_Dodo","5.0","0.55","45","40","3.20","120","157","0.45","0.22","75%","0%","0%","30.0","aucun","-10","42","70%"
"RG_TerrorBird","12.7","2.50","160","332","5.60","380","1267","2.00","0.50","90%","40%","100%","25.0","avancé","-12","50","70%"
"RG_Thrinaxodon","7.4","0.70","85","79","4.00","120","514","0.42","0.16","85%","20%","30%","10.0","avancé","-10","40","70%"
"RG_Synthetion","7.1","1.80","55","136","5.00","300","222","1.00","0.28","75%","0%","20%","18.0","aucun","-12","40","70%"
"rtp_RhodesianRidgeback","8.7","1.50","160","150","6.50","810","469","1.30","1.20","0%","15%","35%","15.0","avancé","1","40","70%"
"Ling_Cockroach","14.6","3.00","500","410","4.50","800","1644","2.00","1.00","20%","0%","50%","15.0","intermédiaire","-60","100","70%"
"Rimmessian_fox","13.2","6.00","45","853","5.70","1380","1558","3.50","0.63","80%","40%","100%","100.0","avancé","-50","40","70%"
"Rat_Large","10.4","1.40","160","139","5.00","350","591","1.00","0.20","60%","10%","10%","15.0","avancé","-45","40","70%"
"Whitefox","13.6","2.00","100","359","7.14","1500","1085","0.80","0.30","60%","2%","20%","50.0","avancé","-70","30","70%"
"pphhyy_BloodScarab","3.1","0.50","40","31","4.00","50","130","0.20","0.20","10%","0%","50%","6.0","intermédiaire","0","60","70%"
"pphhyy_SanguineDeer","8.0","1.00","50","100","6.00","300","375","1.20","0.15","65%","60%","100%","60.0","intermédiaire","-60","30","70%"
"pphhyy_Vargulf","17.2","3.00","200","497","5.50","1100","1448","2.40","0.35","90%","90%","100%","100.0","intermédiaire","-60","30","70%"
"SCQuarterHorse","4.1","1.75","100","89","5.80","550","530","2.40","0.85","50%","0%","0%","32.0","avancé","-35","45","70%"
"SCBlackHorse","8.7","1.75","95","221","10.00","800","767","2.40","0.85","50%","0%","0%","32.0","avancé","-35","45","70%"
"SCWhiteHorse","5.9","1.75","80","178","12.00","800","686","2.40","0.85","50%","0%","0%","32.0","avancé","-35","45","70%"
"SCPalomino","3.8","1.75","100","104","8.00","600","556","2.40","1.25","50%","0%","0%","32.0","avancé","-35","45","70%"
"SC_Rockbull","4.1","1.80","110","75","3.05","400","293","2.30","0.60","35%","0%","20%","50.0","aucun","-60","35","70%"
"SC_RockbullAlbino","3.9","1.80","110","74","3.05","800","298","2.30","0.60","35%","0%","20%","50.0","aucun","-60","35","70%"
"SC_Creamgrub","2.0","1.40","25","41","1.50","450","151","0.90","0.33","30%","0%","50%","6.0","aucun","-30","60","70%"
"SC_Moleroach","4.5","1.70","75","97","4.00","200","419","0.80","0.25","0%","0%","50%","6.0","avancé","-25","60","70%"
"SC_MoleroachBlue","4.0","1.70","75","100","4.00","400","407","0.80","0.25","0%","0%","50%","6.0","avancé","-25","60","70%"
"StrayDogs_BerneseMountainDog","6.8","1.00","60","89","4.80","900","396","2.00","0.50","0%","0%","35%","10.0","avancé","-25","25","70%"
"StrayDogs_Shiba","3.0","0.50","35","27","5.00","450","134","0.52","0.20","0%","0%","45%","15.0","intermédiaire","-20","32","70%"
"StrayDogs_Kai","3.0","0.75","35","41","4.00","450","103","0.40","0.30","20%","0%","35%","15.0","intermédiaire","-10","30","70%"
"StrayDogs_Hokkaido","5.2","0.75","75","59","4.00","450","127","0.40","0.30","0%","0%","35%","15.0","intermédiaire","-20","25","70%"
"StrayDogs_Kishu","7.6","1.00","100","115","5.00","450","252","0.60","0.30","20%","0%","35%","15.0","intermédiaire","-10","30","70%"
"StrayDogs_Shikoku","7.9","1.00","100","112","5.00","450","228","0.60","0.30","0%","0%","35%","15.0","intermédiaire","-10","30","70%"
"StrayDogs_AkitaJapanese","9.3","1.00","100","105","5.00","650","370","0.85","0.40","0%","0%","35%","12.0","avancé","-15","25","70%"
"SCMiniatureDachshund","3.5","1.05","65","84","5.20","300","155","0.25","0.50","0%","0%","35%","14.0","intermédiaire","-5","30","70%"
"SCSchnauzer","3.4","1.05","65","77","5.20","300","149","0.25","0.50","0%","0%","15%","14.0","intermédiaire","-10","30","70%"
"SCPug","1.4","1.05","65","63","4.20","300","123","0.25","0.50","0%","0%","25%","14.0","intermédiaire","0","25","70%"
"SCWelshCorgi","4.1","1.05","65","83","5.20","300","158","0.42","0.50","0%","0%","15%","13.0","intermédiaire","-10","30","70%"
"SCAfghanHound","4.8","1.00","65","78","6.80","300","226","0.71","0.50","0%","0%","45%","15.0","intermédiaire","-10","35","70%"
"SCBorderCollie","5.1","1.05","45","87","5.20","300","326","0.50","0.50","0%","0%","55%","12.0","avancé","-20","30","70%"
"SCBullTerrier","6.5","1.05","45","106","5.20","300","285","0.50","0.50","0%","30%","85%","12.0","avancé","0","30","70%"
"SCChowchow","6.6","1.75","65","182","5.20","300","471","0.50","0.50","0%","0%","15%","15.0","avancé","-35","25","70%"
"SCCollie","5.2","1.05","65","79","5.20","300","314","0.70","0.50","0%","0%","55%","14.0","avancé","-25","30","70%"
"SCDoberman","7.1","1.75","65","167","5.50","300","508","0.83","0.50","0%","0%","80%","12.0","avancé","-5","35","70%"
"SCGoldenRetriever","6.4","1.05","65","108","5.20","300","363","0.50","0.50","0%","10%","55%","12.0","avancé","-10","30","70%"
"SCGreyhound","4.7","1.00","65","92","7.00","300","337","0.50","0.50","0%","20%","65%","11.0","avancé","0","30","70%"
"SCOldEnglishSheepdog","4.6","1.00","65","76","5.00","300","164","0.60","0.50","0%","0%","55%","11.0","intermédiaire","-25","30","70%"
"SCStandardPoodle","5.4","1.00","65","84","5.00","300","331","0.60","0.50","0%","0%","35%","14.0","avancé","0","30","70%"
"SCBorzoi","4.7","1.05","45","79","6.50","300","317","0.70","0.50","0%","0%","35%","9.0","avancé","-15","30","70%"
"SCBullmastiff","9.1","2.00","65","183","5.20","300","590","1.20","0.50","25%","20%","85%","12.0","avancé","-5","30","70%"
"SCCaucasianshepherd","9.4","2.00","65","191","5.20","300","519","1.20","0.50","25%","10%","55%","12.0","avancé","-50","25","70%"
"SCSaintbernard","7.2","2.00","65","162","5.20","600","470","1.10","0.50","0%","10%","55%","12.0","avancé","-50","25","70%"
"SCNewFoundland","7.9","2.00","65","163","5.20","800","463","1.10","0.50","0%","0%","50%","10.0","avancé","-30","30","70%"
"StrayDogs_SwedishVallhund","2.4","0.50","40","23","3.30","650","69","0.40","0.15","0%","0%","20%","14.0","intermédiaire","-40","25","70%"
"pphhyy_Kelenken","14.9","1.75","60","239","4.60","200","785","2.40","0.28","80%","10%","100%","45.0","intermédiaire","8","34","70%"
"pphhyy_Paraken","14.5","1.75","60","224","4.60","200","780","2.40","0.28","80%","50%","50%","45.0","intermédiaire","8","35","70%"
"pphhyy_Penglenken","14.1","2.10","60","289","4.60","200","912","2.80","0.28","80%","50%","50%","45.0","intermédiaire","-20","15","70%"
"pphhyy_Touken","5.8","1.40","60","84","4.60","200","417","2.00","0.28","80%","90%","90%","45.0","intermédiaire","5","34","70%"
"pphhyy_Vulaken","5.5","1.40","60","83","4.60","200","414","2.00","0.28","80%","50%","50%","45.0","intermédiaire","10","40","70%"
"pphhyy_DesertSparaken","5.7","1.40","60","87","4.60","200","411","2.00","0.28","80%","50%","50%","45.0","intermédiaire","20","55","70%"
"pphhyy_Pileaken","13.4","2.10","60","267","4.60","200","902","2.80","0.28","80%","30%","90%","45.0","intermédiaire","-15","30","70%"
"pphhyy_Sparaken","5.6","1.40","60","86","4.80","200","687","2.00","0.28","75%","20%","65%","25.0","avancé","0","36","70%"
"pphhyy_Heronken","14.5","1.75","60","228","4.60","200","794","2.40","0.28","80%","30%","90%","45.0","intermédiaire","0","35","70%"
"emperor_penguin","13.0","1.75","150","201","4.10","875","626","1.35","0.25","0%","5%","0%","50.0","avancé","-65","15","70%"
"king_penguin","3.1","0.90","70","51","3.20","260","116","0.35","0.10","0%","0.15%","0%","30.0","aucun","-65","15","70%"
"TVP_ShibaInu","2.6","1.00","65","83","5.00","250","221","0.52","0.40","0%","0%","45%","15.0","intermédiaire","-20","32","70%"
"ZTT_GiantStarTortoise","5.4","0.55","95","34","2.40","350","198","0.65","0.10","60%","10%","25%","110.0","intermédiaire","0","50","70%"
"ZTT_MudTurtle","3.3","0.45","55","22","1.30","200","121","0.35","0.07","55%","0%","2%","90.0","aucun","0","50","70%"
"ZTT_PaintedSnapvine","3.9","0.45","55","23","1.10","240","127","0.35","0.07","15%","1%","1%","115.0","intermédiaire","-25","45","70%"
"ZTT_Plasturtle","6.0","1.60","95","86","2.40","1200","353","2.30","0.30","95%","30%","30%","110.0","aucun","-30","40","70%"
"ZTT_SandshellTurtle","4.4","0.55","75","26","1.60","250","179","0.65","0.10","55%","0%","5%","110.0","intermédiaire","-10","55","70%"
"ZTT_Steelshell","4.2","0.55","75","30","1.90","680","250","0.65","0.10","55%","0%","5%","110.0","intermédiaire","-30","50","70%"
"ZTT_Toughback","5.0","1.40","95","71","2.60","550","307","1.90","0.30","95%","10%","25%","210.0","aucun","-30","40","70%"
"ZTT_WiggleneckTurtle","5.4","0.78","90","39","2.20","250","382","0.88","0.20","35%","5%","15%","140.0","avancé","-20","50","70%"
"Addax","5.6","1.20","40","77","5.00","250","182","1.20","0.35","85%","2%","2%","25.0","aucun","-10","65","70%"
"Bongo","5.8","2.70","40","177","5.00","250","407","2.70","0.35","90%","2%","2%","25.0","aucun","-10","55","70%"
"Gemsbok","6.0","2.30","40","156","5.00","250","333","2.30","0.35","85%","2%","2%","25.0","aucun","-10","60","70%"
"GoldenJackal","6.0","1.05","70","95","5.00","200","460","0.70","0.50","70%","5%","5%","13.0","avancé","-30","60","70%"
"Bushdog","4.8","1.50","100","124","4.00","300","533","0.30","0.25","80%","15%","50%","12.0","avancé","-10","60","70%"
"Dhole","7.1","0.99","75","86","5.00","550","475","0.85","0.18","85%","10%","10%","12.0","avancé","-20","50","70%"
"Dingo","6.5","1.05","75","88","5.00","250","403","0.75","0.50","40%","5%","5%","12.0","avancé","-10","60","70%"
"Manedwolf","5.8","1.40","100","88","5.00","300","487","1.00","0.25","70%","5%","5%","15.0","avancé","-10","60","70%"
"Racoon_dog","3.3","1.05","45","71","5.00","350","418","0.35","0.50","85%","2.5%","2.5%","9.0","avancé","-30","40","70%"
"AEXP_Coyote","7.3","1.05","55","101","5.00","150","517","0.76","0.25","85%","10%","10%","12.0","avancé","-25","40","70%"
"AEXP_Giraffe","3.4","2.25","75","157","4.30","650","427","4.00","0.45","65%","0%","0%","24.0","aucun","-25","40","70%"
"AEXP_Zebra","3.8","1.45","80","76","6.50","600","290","1.71","0.45","85%","15%","70%","25.0","aucun","5","45","70%"
"AEXP_Wildebeest","5.0","1.70","75","91","3.40","340","339","2.20","0.53","65%","23%","20%","22.0","aucun","-10","40","70%"
"AEXP_Crocodile","10.6","1.60","200","138","2.60","800","356","1.60","0.28","84%","23%","20%","120.0","aucun","0","60","70%"
"AEXP_Cheetah","9.5","1.30","120","146","6.40","400","607","1.00","0.20","80%","30%","50%","13.0","avancé","-5","40","70%"
"AEXP_Boombat","3.1","0.65","75","37","4.00","150","174","0.40","0.05","70%","0%","0%","9.0","aucun","-15","50","70%"
"AEXP_Kangaroo","9.6","1.90","110","160","3.00","250","479","1.80","0.54","60%","0%","0%","8.0","intermédiaire","-10","40","70%"
"AEXP_Koala","2.7","0.40","15","20","2.00","75","44","0.25","0.05","70%","0%","0%","18.0","aucun","0","40","70%"
"AEXP_Platypus","5.8","0.40","65","35","2.50","120","140","0.25","0.15","85%","0%","0%","17.0","aucun","-20","40","70%"
"AEXP_ArcticCoyote","7.5","1.05","55","105","5.00","150","517","0.76","0.25","85%","10%","10%","12.0","avancé","-25","40","70%"
"AEXP_BlackBear","10.3","2.50","200","260","4.50","700","1089","1.29","0.35","78%","30%","55%","25.0","avancé","-30","35","70%"
"AEXP_CatAbyssinian","4.8","0.42","35","35","4.40","200","49","0.32","0.15","0%","0%","0%","10.0","aucun","-25","40","70%"
"AEXP_CatBengal","4.8","0.42","35","35","4.40","200","51","0.32","0.15","0%","0%","0%","10.0","aucun","-25","40","70%"
"AEXP_CatBritishShorthair","4.9","0.42","35","36","4.40","200","52","0.32","0.15","0%","0%","0%","10.0","aucun","-25","40","70%"
"AEXP_CatMaineCoon","7.4","1.07","55","79","4.40","750","338","1.00","0.18","0%","0%","0%","10.0","avancé","-25","40","70%"
"AEXP_CatMunchkin","4.6","0.42","35","32","3.40","200","48","0.32","0.15","0%","0%","0%","10.0","aucun","-25","40","70%"
"AEXP_CatNorwegianForest","4.8","0.42","35","29","4.40","200","230","0.66","0.15","0%","0%","0%","10.0","avancé","-45","40","70%"
"AEXP_CatPersian","4.8","0.42","35","36","4.40","200","49","0.32","0.15","0%","0%","0%","10.0","aucun","-25","40","70%"
"AEXP_CatSiamese","4.9","0.42","35","38","5.40","200","52","0.32","0.15","0%","0%","0%","10.0","aucun","-25","40","70%"
"AEXP_CatSomali","4.7","0.42","35","36","4.40","200","49","0.32","0.15","0%","0%","0%","10.0","aucun","-25","40","70%"
"AEXP_CatSphynx","4.6","0.42","35","36","4.40","200","49","0.32","0.15","0%","0%","0%","10.0","aucun","0","40","70%"
"AEXP_Hyena","8.0","1.12","60","126","5.00","185","553","0.76","0.25","85%","16%","18%","12.0","avancé","-20","40","70%"
"AEXP_DesertTortoise","3.8","0.72","50","33","1.00","250","160","0.60","0.10","80%","0%","0%","80.0","aucun","0","65","70%"
"AEXP_Lion","12.3","1.60","220","187","4.40","1200","770","1.65","0.30","88%","45%","45%","16.0","avancé","-12","80","70%"
"AEXP_GilaMonster","4.9","0.55","70","34","2.25","200","148","0.50","0.24","60%","0%","0%","12.0","aucun","0","80","70%"
"AEXP_Beagle","2.5","0.40","35","19","3.10","100","110","0.30","0.15","0%","0%","0%","15.0","intermédiaire","-15","40","70%"
"AEXP_Chihuahua","1.6","0.40","30","15","3.00","330","97","0.15","0.15","0%","0%","0%","15.0","intermédiaire","-15","40","70%"
"AEXP_Corgi","2.6","0.50","35","23","3.30","650","122","0.40","0.15","0%","0%","0%","15.0","intermédiaire","-15","40","70%"
"AEXP_FrenchBulldog","2.4","0.40","30","19","3.30","150","60","0.40","0.30","0%","0%","0%","15.0","intermédiaire","-15","40","70%"
"AEXP_GermanShepherd","9.9","1.40","160","133","5.00","450","477","1.00","0.50","0%","35%","35%","15.0","avancé","-40","40","70%"
"AEXP_GreatDane","5.5","1.00","55","66","5.00","650","390","1.45","0.40","0%","0%","0%","12.0","avancé","-30","40","70%"
"AEXP_Poodle","5.9","1.00","55","74","4.00","250","373","0.75","0.20","0%","0%","0%","12.0","avancé","-30","40","70%"
"AEXP_Pug","2.4","0.25","30","13","3.10","300","99","0.30","0.15","0%","0%","0%","6.0","intermédiaire","-15","40","70%"
"AEXP_Rottweiler","7.1","1.00","65","94","5.00","250","403","0.75","0.40","0%","0%","0%","12.0","avancé","-30","40","70%"
"AEXP_Shih-Tzu","2.4","0.25","30","12","3.10","300","99","0.32","0.15","0%","0%","0%","10.0","intermédiaire","-15","40","70%"
"AEXP_WelshTerrier","6.6","1.05","60","78","5.00","250","388","0.86","0.50","0%","0%","0%","12.0","avancé","-50","40","70%"
"AEXP_Camel","5.6","1.60","90","95","4.30","320","348","2.00","0.54","25%","0%","0%","45.0","aucun","-12","80","70%"
"AEXP_Rattlesnake","6.2","0.50","85","50","3.30","200","154","0.25","0.07","75%","40%","10%","20.0","aucun","0","60","70%"
"AEXP_Megascorpion","12.6","0.40","55","68","3.45","100","113","0.20","0.10","95%","0%","50%","10.0","aucun","0","60","70%"
"AEXP_RedPanda","2.9","0.45","35","25","3.00","250","87","0.28","0.10","75%","0%","0%","10.0","intermédiaire","5","40","70%"
"AEXP_WildGoose","3.9","0.80","40","56","3.50","75","230","0.42","0.35","60%","35%","50%","15.0","aucun","-15","35","70%"
"AEXP_Beaver","3.1","0.50","25","31","3.70","120","58","0.30","0.30","68%","2%","2%","24.0","aucun","-20","40","70%"
"AEXP_Hedgehog","1.8","0.20","10","8","2.50","25","29","0.23","0.05","55%","3%","15%","6.0","aucun","-5","35","70%"
"AEXP_Jaguar","9.8","1.30","120","122","5.00","400","452","1.00","0.20","80%","30%","50%","13.0","avancé","-8","50","70%"
"AEXP_Lemur","2.7","0.40","35","22","3.50","150","80","0.25","0.05","70%","0%","0%","30.0","intermédiaire","-5","50","70%"
"AEXP_Mandrill","8.0","1.00","65","94","4.50","275","501","0.80","0.25","80%","0%","0%","30.0","avancé","-5","50","70%"
"AEXP_Tapir","4.9","0.80","65","46","3.90","275","112","0.85","0.45","65%","0%","0%","30.0","aucun","-5","50","70%"
"AEXP_Anaconda","10.0","2.00","225","193","4.00","775","489","3.00","0.25","75%","10%","10%","10.0","aucun","-20","40","70%"
"AEXP_IndianElephant","9.7","3.00","235","273","4.50","600","1052","3.30","1.60","75%","10%","10%","48.0","avancé","-12","50","70%"
"AEXP_MegaWolverine","16.2","3.60","380","568","4.80","850","1877","3.80","0.75","97%","25%","20%","20.0","avancé","-85","40","70%"
"AEXP_BlackFootedFerret","3.6","0.60","30","39","4.00","175","318","0.50","0.10","60%","0%","0%","4.0","avancé","-10","40","70%"
"AEXP_BlackRhino","9.6","3.10","240","222","4.50","700","637","2.58","1.07","90%","30%","100%","45.0","aucun","8","42","70%"
"AEXP_Bonobo","4.6","1.00","35","54","3.00","200","397","0.75","0.35","80%","5%","20%","30.0","avancé","-5","50","70%"
"AEXP_Moa","11.4","2.00","110","221","5.00","450","499","2.00","0.60","95%","100%","100%","45.0","aucun","-8","50","70%"
"AEXP_Quagga","2.6","1.45","80","99","7.20","750","226","2.00","0.43","50%","0%","10%","20.0","aucun","-15","65","70%"
"AEXP_RockhopperPenguin","2.5","0.60","40","25","2.00","120","134","0.40","0.10","70%","5%","15%","50.0","aucun","-60","20","70%"
"AEXP_TasmanianDevil","8.2","1.00","80","105","5.00","450","429","0.75","0.40","60%","0%","100%","12.0","avancé","-30","40","70%"
"AEXP_Thylacine","6.7","1.05","85","85","5.00","650","372","0.86","0.25","60%","0%","0%","12.0","avancé","-5","40","70%"
"AEXP_AfricanWildDog","7.1","0.99","75","87","5.00","750","405","0.85","0.18","85%","5%","15%","12.0","avancé","-20","40","70%"
"AEXP_Pangolin","6.0","0.70","45","54","2.00","750","103","0.50","0.30","75%","0%","0%","20.0","aucun","0","50","70%"
"VAERoy_AngoraRabbit","2.1","0.40","33","23","6.00","85","73","0.20","0.12","60%","0%","0%","8.0","intermédiaire","-60","40","70%"
"VAERoy_Crane","6.0","1.50","75","73","1.50","475","244","1.25","0.23","75%","0%","20%","13.0","aucun","-20","40","70%"
"VAERoy_Megachicken","0.9","0.35","30","12","5.00","650","391","0.30","0.14","0%","0%","0%","20.0","avancé","-10","40","70%"
"VAERoy_Orangutan","7.5","2.00","135","135","3.00","750","597","1.80","0.25","55%","5%","20%","35.0","avancé","-8","50","70%"
"VAERoy_Pheasant","2.5","0.35","30","16","2.10","75","86","0.30","0.18","0%","0%","0%","6.0","aucun","-10","40","70%"
"VAERoy_RoyalTiger","15.7","1.75","150","259","5.00","750","824","1.00","0.30","65%","0%","0%","25.0","avancé","-25","40","70%"
"VAEWaste_Hydra","14.7","0.55","85","111","3.50","150","229","0.35","0.07","75%","10%","50%","20.0","aucun","0","60","70%"
"VAEWaste_Megatardi","4.5","2.50","100","122","3.50","350","232","2.00","0.01","40%","3%","5%","10.0","aucun","-50","60","70%"
"VAEWaste_Pestigator","10.7","3.00","450","237","1.50","750","520","3.00","0.28","100%","20%","100%","80.0","aucun","-10","50","70%"
"VAEWaste_Toxafox","5.4","0.70","55","57","4.60","250","385","0.55","0.10","75%","0%","0%","9.0","avancé","-35","40","70%"
"VAEWaste_Toxbear","11.1","2.50","350","211","1.80","700","1056","4.00","0.35","100%","30%","50%","22.0","avancé","-40","40","70%"
"VAEWaste_Toxiguana","4.9","1.00","65","51","3.00","150","208","1.40","0.20","50%","0%","0%","12.0","aucun","0","60","70%"
"VAEWaste_Toxlion","5.6","1.00","150","61","4.40","1200","485","1.65","0.30","88%","45%","45%","16.0","avancé","-12","80","70%"
"VAEWaste_Toxscorpion","14.6","2.00","500","263","4.00","500","812","2.50","1.00","90%","0%","50%","7.0","intermédiaire","-2","60","70%"
"VAEWaste_Wasteboar","8.0","1.00","75","73","4.60","200","246","1.30","0.30","50%","0%","0%","12.0","intermédiaire","-23","40","70%"
"VAEWaste_Wastedeer","4.4","0.90","50","48","5.50","250","145","1.20","0.20","75%","0%","0%","15.0","aucun","-30","40","70%"
"VAEWaste_Wasteffalo","10.5","1.75","150","174","4.50","450","342","2.40","0.54","60%","0%","10%","15.0","aucun","-55","45","70%"
"Weasel","1.2","0.40","30","20","3.80","65","37","0.15","0.10","55%","0%","0%","6.0","aucun","-35","40","70%"
"WD_Beagle","1.5","0.75","30","36","4.00","300","262","0.60","0.20","10%","0.4%","20%","18.0","avancé","1","40","70%"
"WD_Boxer","3.1","1.00","70","49","5.00","350","317","1.20","0.20","10%","0.5%","30%","18.0","avancé","-1","40","70%"
"WD_Corgi","2.2","0.50","30","22","4.00","300","231","0.50","0.20","10%","0.5%","20%","18.0","avancé","1","40","70%"
"WD_Dachshund","2.5","0.50","40","21","3.00","300","232","0.50","0.20","10%","0.5%","40%","18.0","avancé","1","40","70%"
"WD_Dalmatian","4.0","0.75","50","38","5.00","320","296","1.00","0.20","20%","0.6%","10%","18.0","avancé","1","40","70%"
"WD_Jackrussell","4.4","0.60","30","48","5.75","300","276","0.50","0.20","10%","1%","10%","18.0","avancé","1","40","70%"
"WD_Pitbull","5.3","1.00","45","75","5.00","350","364","1.20","0.20","10%","1%","50%","18.0","avancé","-1","40","70%"
"WD_Pug","1.2","0.50","20","24","4.00","300","226","0.30","0.20","10%","0.5%","20%","18.0","avancé","1","40","70%"
"WD_Sheepdog","4.1","0.75","40","22","5.00","350","338","1.00","0.20","10%","0.5%","10%","18.0","avancé","-5","40","70%"
"DW_Garmr","14.4","10.00","1230","1497","7.00","1550","3128","4.00","1.00","70%","50%","70%","110.0","avancé","-100","120","10%"
"aka_Tanuki","2.1","0.70","35","32","3.00","100","77","0.30","0.32","0%","0%","0%","8.0","intermédiaire","-35","40","150%"
"DA_Barog","6.2","1.75","100","113","4.00","340","334","2.40","0.54","55%","0%","10%","22.0","aucun","-20","45","70%"
"DA_BeardedTroll","10.1","2.00","130","193","5.00","550","822","2.00","1.50","80%","50%","100%","10.0","avancé","-55","40","200%"
"DA_BlackScribe","8.1","2.20","300","255","4.30","650","642","0.50","0.10","87%","70%","100%","12.0","intermédiaire","0","60","70%"
"DA_Crestel","12.7","6.00","400","761","5.60","1600","2468","4.00","1.10","97%","50%","100%","65.0","avancé","-50","40","30%"
"DA_DwarvenMuffton","9.2","1.00","65","99","5.00","350","339","1.30","0.30","45%","0%","20%","38.0","aucun","-45","40","70%"
"DA_Snaptoad","12.4","2.75","230","333","4.50","800","971","2.30","0.22","90%","85%","100%","30.0","intermédiaire","-20","45","70%"
"DA_Goldilox","13.7","8.00","250","1040","5.50","6450","3121","4.00","1.60","84%","10%","60%","150.0","avancé","-65","50","70%"
"DA_IroncasketBeetle","3.1","1.00","50","45","2.00","200","120","0.50","0.10","20%","0%","20%","10.0","intermédiaire","0","40","20%"
"DA_Karabal","10.4","1.40","160","153","5.50","520","399","1.40","0.80","60%","40%","100%","30.0","intermédiaire","0","60","70%"
"DA_LeviathanCrab","12.7","7.00","350","857","4.60","1450","2373","3.30","1.10","80%","40%","100%","100.0","avancé","-50","40","70%"
"DA_NorthernDrog","14.8","9.00","350","1431","5.60","1750","3756","4.00","1.10","90%","40%","100%","100.0","avancé","-80","40","70%"
"DA_ForestOwlcat","6.2","0.42","45","44","4.90","200","174","0.38","0.15","25%","0%","0%","13.0","intermédiaire","-30","40","70%"
"DA_ArcticOwlcat","6.1","0.42","45","42","4.90","200","169","0.38","0.15","25%","0%","0%","13.0","intermédiaire","-60","40","70%"
"DA_Phrak","5.3","1.10","220","105","4.30","250","347","0.30","0.10","70%","40%","100%","10.0","intermédiaire","0","60","70%"
"DA_Pilgrim","8.3","1.80","100","158","6.00","550","365","2.40","0.33","35%","0%","10%","40.0","aucun","0","60","70%"
"DA_RedhornedLarpah","13.9","6.00","350","837","6.50","850","2270","1.00","0.40","99%","100%","100%","40.0","intermédiaire","-30","40","70%"
"DA_ImperialRedhound","10.3","2.50","160","281","5.50","1250","764","2.15","0.90","15%","40%","100%","30.0","avancé","-45","40","70%"
"DA_RockTroll","11.8","10.00","650","1053","3.50","5300","2643","4.50","0.20","80%","70%","100%","750.0","intermédiaire","-55","80","0%"
"DA_SilverMole","3.3","0.40","33","30","7.00","1500","52","0.20","0.10","60%","0%","0%","7.0","aucun","-15","55","70%"
"DA_Taraal","12.8","3.00","200","359","5.60","800","1359","2.50","0.50","80%","40%","70%","30.0","avancé","-30","40","70%"
"DA_SnowTaraal","11.8","3.00","200","373","5.60","800","1291","2.50","0.50","80%","40%","70%","30.0","avancé","-60","40","70%"
"FEB_Leadbelly","4.7","1.50","75","74","3.20","550","291","2.40","0.54","30%","0%","0%","22.0","aucun","-10","40","70%"
"FEB_Toxoga","2.4","0.60","15","16","4.10","650","239","1.00","1.50","0%","0%","0%","80.0","avancé","-25","45","70%"
"FEB_Apotheca","2.4","1.00","35","33","4.10","650","150","1.00","0.28","25%","0%","0%","15.0","aucun","-25","45","70%"
"FEB_Cottonfoot","1.1","0.40","33","22","6.00","150","37","0.20","0.12","25%","0%","0%","8.0","aucun","-30","40","70%"
"FEB_CryoToad","6.4","0.80","55","56","3.20","220","155","0.80","0.20","25%","0%","0%","8.0","intermédiaire","-65","22","70%"
"FEB_Ferrohorn","9.3","1.75","100","124","4.40","350","315","2.40","0.85","10%","0%","20%","15.0","aucun","-30","44","70%"
"FEB_Gutterhog","4.4","0.70","45","32","3.50","350","291","1.13","0.80","35%","3%","20%","14.0","intermédiaire","-8","38","70%"
"HC_Alligatorturtle","9.5","1.60","140","103","1.20","450","275","1.05","0.35","75%","20%","70%","100.0","aucun","5","38","70%"
"HC_Baboon","6.3","0.80","105","67","4.30","230","424","0.75","0.35","75%","25%","35%","40.0","avancé","-5","50","70%"
"HC_Bullfrog","3.8","0.20","30","13","3.00","25","99","0.19","0.40","50%","2%","8%","10.0","aucun","3","38","70%"
"HC_Galapagostortoise","5.7","2.20","160","98","1.00","600","464","2.20","0.80","75%","1.2%","2%","150.0","intermédiaire","0","50","70%"
"HC_KomodoDragon","8.7","2.00","150","169","4.40","520","802","1.60","0.32","75%","20%","40%","50.0","avancé","-10","55","70%"
"HC_Leopardgecko","3.9","0.30","20","13","4.00","60","101","0.10","0.12","50%","1.2%","1.2%","15.0","aucun","10","55","70%"
"HC_Pangolin","2.7","0.60","60","25","1.80","180","67","0.50","0.33","75%","0%","0%","20.0","aucun","15","60","70%"
"HC_Samoyed","4.8","1.00","60","80","5.00","250","370","0.70","0.30","0%","0%","0%","13.0","avancé","-55","38","70%"
"HC_Serval","5.5","0.70","80","67","6.00","250","410","0.55","0.16","80%","10%","10%","15.0","avancé","-8","50","70%"
"HC_Snowleopard","9.7","1.30","120","125","5.00","480","602","1.30","0.20","80%","20%","20%","21.0","avancé","-50","40","70%"
"HC_Watermonitor","6.0","1.20","120","86","4.00","250","312","0.80","0.20","60%","5%","2%","12.0","intermédiaire","10","45","70%"
"HC_Weasel","6.4","0.70","65","75","4.80","200","415","0.35","0.20","80%","15%","25%","7.0","avancé","-40","40","70%"
"Pigeon","1.8","0.35","10","12","2.10","30","292","0.40","0.14","30%","0%","0%","15.0","avancé","-10","40","70%"
"GreenPeacock","3.8","0.60","40","35","3.00","1600","141","0.60","0.23","45%","0%","0%","9.0","aucun","0","40","70%"
"RedPeacock","4.1","0.60","40","33","3.00","1600","141","0.60","0.23","45%","0%","0%","9.0","aucun","0","75","70%"
"SpottedHyena","7.3","1.00","195","85","6.10","250","463","1.00","0.25","70%","15%","25%","12.0","avancé","8","62","70%"
"StripedHyena","5.8","1.00","195","68","6.10","250","427","1.00","0.25","70%","15%","25%","12.0","avancé","8","62","70%"
"Grimstone_Belloceros","12.1","3.50","320","429","4.60","1300","1122","3.00","1.07","70%","50%","60%","45.0","intermédiaire","-20","40","70%"
"Grimstone_EmperorVulture","9.4","1.00","110","87","3.60","450","332","1.00","0.20","60%","30%","30%","25.0","intermédiaire","-15","40","70%"
"Grimstone_Griffar","17.4","7.00","500","1106","4.80","4500","3333","4.00","1.75","90%","80%","100%","60.0","avancé","-20","40","70%"
"Grimstone_Grimshadow","15.5","12.00","700","1721","4.20","7000","4891","4.00","1.05","90%","80%","100%","2400.0","avancé","0","100","0%"
"Grimstone_NorthernLynx","9.4","1.30","120","122","5.00","400","566","1.00","0.20","80%","30%","50%","13.0","avancé","-25","40","70%"
"Grimstone_Sheepdog","4.6","1.00","70","79","5.00","250","326","0.75","0.40","0%","0%","0%","20.0","avancé","-30","40","70%"
"Grimstone_Tetras","4.2","0.60","50","36","3.60","130","143","0.60","0.28","45%","0%","0%","9.0","aucun","-20","40","70%"
"CK_Panda","10.8","2.50","200","266","4.60","700","947","2.15","0.35","80%","30%","50%","22.0","avancé","-40","40","70%"
"CK_Tiger","9.1","1.30","120","122","5.00","400","586","1.00","0.20","80%","30%","50%","13.0","avancé","0","73","70%"
"CK_WhiteTiger","9.3","1.30","120","124","5.00","400","588","1.00","0.20","80%","30%","50%","13.0","avancé","0","73","70%"
"CK_SnowLeopard","9.8","1.30","120","115","5.00","400","586","1.00","0.20","80%","30%","50%","13.0","avancé","-70","26","70%"
"CK_Jaguar","9.3","1.30","120","123","5.00","400","578","1.00","0.20","80%","30%","50%","13.0","avancé","0","73","70%"
"CK_Peafowl","3.6","0.70","35","36","3.50","1250","149","0.70","0.30","45%","0%","0%","9.0","aucun","-8","60","70%"
"CK_Junglefowl","3.9","0.50","35","30","2.80","80","107","0.40","0.30","9%","0%","0%","9.0","aucun","-8","60","70%"
"CK_ArcticHare","2.1","0.40","33","23","6.00","50","46","0.20","0.12","75%","0%","0%","8.0","aucun","-70","26","70%"
"CK_KomodoDragon","4.9","1.80","75","95","4.23","500","442","2.00","0.20","80%","0%","0%","30.0","intermédiaire","0","73","70%"
"CK_Tapir","5.9","0.70","55","51","4.00","150","277","0.80","0.50","75%","2.5%","0%","12.0","intermédiaire","-15","73","70%"
"CK_Okapi","4.8","1.20","60","62","3.20","350","337","1.30","0.80","75%","0%","0%","20.0","intermédiaire","-10","73","70%"
"CK_SquirrelMonkey","2.7","0.45","35","25","4.30","100","90","0.35","0.13","60%","0%","0%","30.0","intermédiaire","-5","50","70%"
"CK_SpiderMonkey","2.8","0.45","11","25","4.30","100","90","0.35","0.13","60%","0%","0%","30.0","intermédiaire","-5","50","70%"
"CK_CapuchinMonkey","2.7","0.45","35","26","4.30","100","90","0.35","0.13","60%","0%","0%","30.0","intermédiaire","-5","50","70%"
"CK_Python","10.7","1.00","75","107","4.84","600","286","1.25","0.17","75%","2.5%","100%","20.0","aucun","-5","73","70%"
"VV_NHCP_Dryad_Cedarmaker","5.0","0.80","40","52","3.00","1","79","0.67","1.00","0%","0%","100%","80.0","aucun","-50","50","70%"
"VV_NHCP_Dryad_Ebonymaker","5.4","0.80","40","51","3.00","1","80","0.67","1.00","0%","0%","100%","80.0","aucun","-50","50","70%"
"VV_NHCP_Dryad_Mahoganymaker","5.5","0.80","40","51","3.00","1","81","0.67","1.00","0%","0%","100%","80.0","aucun","-50","50","70%"
"VV_NHCP_Dryad_Rosewoodmaker","5.1","0.80","40","54","3.00","1","79","0.67","1.00","0%","0%","100%","80.0","aucun","-50","50","70%"
"ERN_SnowLeopard","9.5","1.20","120","111","5.00","550","552","1.10","0.22","80%","10%","10%","15.0","avancé","-50","25","70%"
"ERN_Pika","2.9","0.29","30","18","4.00","35","31","0.15","0.10","50%","0%","0%","7.0","aucun","-40","40","70%"
"ERN_PallasCat","6.7","0.60","110","61","5.00","275","403","0.60","0.15","80%","10%","10%","11.0","avancé","-45","25","70%"
"ERN_Argali","6.7","0.90","50","64","4.60","250","320","1.00","0.23","75%","2%","2%","13.0","aucun","-50","20","70%"
"ERN_Opossum","4.1","0.40","76","27","3.50","350","146","0.35","0.25","32%","10%","20%","5.0","intermédiaire","-5","38","70%"
"ERN_Ferret","4.7","0.70","45","58","5.00","100","322","0.50","0.15","40%","2%","10%","10.0","avancé","-40","40","70%"
"ERN_Redpanda","4.0","0.40","76","29","4.10","670","83","0.30","0.25","30%","1%","3%","14.0","intermédiaire","0","35","70%"
"ERN_ptarmigan","2.1","0.35","32","15","2.00","150","81","0.18","0.35","2%","1%","5%","7.0","aucun","-40","40","70%"
"ERN_Greyfox","4.1","0.70","45","50","5.20","360","353","0.55","0.12","65%","0%","0%","10.0","avancé","-40","40","70%"
"ERN_Mink","4.7","0.70","45","55","5.00","300","450","0.55","0.28","70%","5%","10%","10.0","avancé","-40","40","70%"
"ERN_Hedgehog","2.0","0.40","25","17","2.50","150","39","0.23","0.24","55%","3%","15%","6.0","aucun","-5","35","70%"
"ERN_Gartersnake","1.8","0.50","35","21","3.00","250","39","0.15","0.07","65%","3%","2%","10.0","aucun","0","60","70%"
"ERN_Armadillo","4.4","0.40","25","34","4.50","250","52","0.20","0.17","45%","2%","3%","12.0","aucun","-10","50","70%"
"CK_Gorilla","9.7","2.00","120","203","4.70","600","758","2.00","0.54","60%","10%","50%","40.0","avancé","-10","50","70%"
